source_id,incident_id,short_description,description,category,subcategory,priority,impact,urgency,resolution,data_source
1919,ZENODO_TRAIN_00001,File Share Access - [TICKET ID] - [NAME]. [NAME] ([COMPANY]. [LOCATION]),File Share Access - [TICKET ID] - [NAME]. [NAME] ([COMPANY]. [LOCATION]),Fileservice,unknown,unknown,,,,zenodo_it_support_tickets
1584,ZENODO_TRAIN_00002,File Share Access - [TICKET ID] - [NAME] ([COMPANY]A. [LOCATION]),File Share Access - [TICKET ID] - [NAME] ([COMPANY]A. [LOCATION]),Fileservice,unknown,unknown,,,,zenodo_it_support_tickets
584,ZENODO_TRAIN_00003,[TICKET ID] - A Support Ticket was forwarded to your role  - Leaving Employee - [TICKET ID] - [NAME] ([COMPANY]. [LOCATION]),[TICKET ID] - A Support Ticket was forwarded to your role  - Leaving Employee - [TICKET ID] - [NAME] ([COMPANY]. [LOCATION]),Support general,unknown,unknown,,,,zenodo_it_support_tickets
1393,ZENODO_TRAIN_00004,[TICKET ID] - A Support Ticket was forwarded to your role  - check_mk SD Hostalarm: ([LOCATION]-WSUS01) [COMPANY] [SERVER] -[LOCATION]Server - UP -> DOWN,[TICKET ID] - A Support Ticket was forwarded to your role  - check_mk SD Hostalarm: ([LOCATION]-WSUS01) [COMPANY] [SERVER] -[LOCATION]Server - UP -> DOWN,Support general,unknown,unknown,,,,zenodo_it_support_tickets
8636,ZENODO_TRAIN_00005,LVS not respondingLVS will not except my password to let me log on.,LVS not respondingLVS will not except my password to let me log on.,Fileservice,unknown,unknown,,,,zenodo_it_support_tickets
1033,ZENODO_TRAIN_00006,[TICKET ID] - New Support Ticket received  - Phone user message,[TICKET ID] - New Support Ticket received  - Phone user message,Support general,unknown,unknown,,,,zenodo_it_support_tickets
2248,ZENODO_TRAIN_00007,File Share Access - [TICKET ID] - [NAME] ([COMPANY]A. [LOCATION]),File Share Access - [TICKET ID] - [NAME] ([COMPANY]A. [LOCATION]),Fileservice,unknown,unknown,,,,zenodo_it_support_tickets
3017,ZENODO_TRAIN_00008,File Share Access - [TICKET ID] -Service Request: File Share Access     Grant access to file share for the following user:   (Username: )  Access Type: (RW) Read / Write  File Share:  J:/[COMPANY]/HR ,File Share Access - [TICKET ID] -Service Request: File Share Access     Grant access to file share for the following user:   (Username: )  Access Type: (RW) Read / Write  File Share:  J:/[COMPANY]/HR     Requestor: [NAME] ([COMPANY]. [LOCATION])  Comment:,Fileservice,unknown,unknown,,,,zenodo_it_support_tickets
6671,ZENODO_TRAIN_00009,Java Installation on [SERVER],Java Installation on [SERVER],Software,unknown,unknown,,,,zenodo_it_support_tickets
1892,ZENODO_TRAIN_00010,Shared Mailbox Access - [TICKET ID] - [EMAIL],Shared Mailbox Access - [TICKET ID] - [EMAIL],Support general,unknown,unknown,,,,zenodo_it_support_tickets
998,ZENODO_TRAIN_00011,[TICKET ID] - A Support Ticket was forwarded to your role  - Alteração de aprovador,[TICKET ID] - A Support Ticket was forwarded to your role  - Alteração de aprovador,Support general,unknown,unknown,,,,zenodo_it_support_tickets
2211,ZENODO_TRAIN_00012,File Share Access - [TICKET ID] - [NAME] ([COMPANY]. [LOCATION]),File Share Access - [TICKET ID] - [NAME] ([COMPANY]. [LOCATION]),Fileservice,unknown,unknown,,,,zenodo_it_support_tickets
625,ZENODO_TRAIN_00013,[TICKET ID] - New Support Ticket received  - Basis User - [USERNAME] - [NAME] ([COMPANY]. [LOCATION]),[TICKET ID] - New Support Ticket received  - Basis User - [USERNAME] - [NAME] ([COMPANY]. [LOCATION]),Support general,unknown,unknown,,,,zenodo_it_support_tickets
8458,ZENODO_TRAIN_00014,Basis User - [TICKET ID] -Service Request: Basis User     Create Windows account for internal user       Firstname:  [NAME]  Lastname:  [NAME]  Cost Center:  813330  Company:    Department:  [ADDRESS],Basis User - [TICKET ID] -Service Request: Basis User     Create Windows account for internal user       Firstname:  [NAME]  Lastname:  [NAME]  Cost Center:  813330  Company:    Department:  [ADDRESS]-[ADDRESS]:    ZIP:    City:    Country:    Office:       Important: Please set the EA10 to the following value: 13672 (leave blank. when empty)  Please create Exchange and Skype account.  The user needs at least the following access permissions:  Access to [SOFTWARE] ([SERVER])  Requestor:  [NAME] ([COMPANY]. [LOCATION])     Desired date:  Jan 15 2019 12:00AM     Additional information:,Support general,unknown,unknown,,,,zenodo_it_support_tickets
1267,ZENODO_TRAIN_00015,[TICKET ID] - New Support Ticket received  - [NAME] Access,[TICKET ID] - New Support Ticket received  - [NAME] Access,Fileservice,unknown,unknown,,,,zenodo_it_support_tickets
2232,ZENODO_TRAIN_00016,Remove File Share Access - [TICKET ID] - [NAME] ([COMPANY]A. [LOCATION]),Remove File Share Access - [TICKET ID] - [NAME] ([COMPANY]A. [LOCATION]),Fileservice,unknown,unknown,,,,zenodo_it_support_tickets
2090,ZENODO_TRAIN_00017,File Share Access - [TICKET ID] - [NAME] ([COMPANY]. [LOCATION]),File Share Access - [TICKET ID] - [NAME] ([COMPANY]. [LOCATION]),Fileservice,unknown,unknown,,,,zenodo_it_support_tickets
3696,ZENODO_TRAIN_00018,The following system must be set to End Of Life in Nexthink and checked for[LOCATION]reservations:  [SERVER]  -Automated ticket creation-Please remove the system from Nexthink according to the[LOCATIO,The following system must be set to End Of Life in Nexthink and checked for[LOCATION]reservations:  [SERVER]  -Automated ticket creation-Please remove the system from Nexthink according to the[LOCATION]process and please verify if any[LOCATION]reservations exist. If yes. please remove reservations and note down the corresponding IP(s) and inform [COMPANY] network team to remove firewall rules if there are any.,EOL,unknown,unknown,,,,zenodo_it_support_tickets
1893,ZENODO_TRAIN_00019,Shared Mailbox Access - [TICKET ID] - [EMAIL],Shared Mailbox Access - [TICKET ID] - [EMAIL],Support general,unknown,unknown,,,,zenodo_it_support_tickets
1606,ZENODO_TRAIN_00020,File Share Access - [TICKET ID] - [NAME] ([COMPANY] [LOCATION]),File Share Access - [TICKET ID] - [NAME] ([COMPANY] [LOCATION]),Fileservice,unknown,unknown,,,,zenodo_it_support_tickets
611,ZENODO_TRAIN_00021,[TICKET ID] - New Support Ticket received  - Light User for external - [TICKET ID] - [NAME],[TICKET ID] - New Support Ticket received  - Light User for external - [TICKET ID] - [NAME],Support general,unknown,unknown,,,,zenodo_it_support_tickets
588,ZENODO_TRAIN_00022,[TICKET ID] - A Support Ticket was forwarded to your role  - merge mailgroup [EMAIL] with invoice-uk,[TICKET ID] - A Support Ticket was forwarded to your role  - merge mailgroup [EMAIL] with invoice-uk,O365,unknown,unknown,,,,zenodo_it_support_tickets
1661,ZENODO_TRAIN_00023,File Share Access - [TICKET ID] - [NAME] (EXTERNAL. [LOCATION]),File Share Access - [TICKET ID] - [NAME] (EXTERNAL. [LOCATION]),Fileservice,unknown,unknown,,,,zenodo_it_support_tickets
1727,ZENODO_TRAIN_00024,File Share Access - [TICKET ID] - [NAME] ([COMPANY]. [LOCATION]),File Share Access - [TICKET ID] - [NAME] ([COMPANY]. [LOCATION]),Fileservice,unknown,unknown,,,,zenodo_it_support_tickets
591,ZENODO_TRAIN_00025,[TICKET ID] - A Support Ticket was forwarded to your role  -[LOCATION]1.0 deactivation on [IP_ADDRESS] (DNS: [COMPANY].de / Netbios: [COMPANY]UP/[SERVER]),[TICKET ID] - A Support Ticket was forwarded to your role  -[LOCATION]1.0 deactivation on [IP_ADDRESS] (DNS: [COMPANY].de / Netbios: [COMPANY]UP/[SERVER]),Support general,unknown,unknown,,,,zenodo_it_support_tickets
2781,ZENODO_TRAIN_00026,Recover File on Fileserver,Recover File on Fileserver,Fileservice,unknown,unknown,,,,zenodo_it_support_tickets
1800,ZENODO_TRAIN_00027,File Share Access - [TICKET ID] - [NAME] ([COMPANY]A. [LOCATION]),File Share Access - [TICKET ID] - [NAME] ([COMPANY]A. [LOCATION]),Fileservice,unknown,unknown,,,,zenodo_it_support_tickets
1617,ZENODO_TRAIN_00028,File Share Access - [TICKET ID] - [NAME] ([COMPANY]A. [LOCATION]),File Share Access - [TICKET ID] - [NAME] ([COMPANY]A. [LOCATION]),Fileservice,unknown,unknown,,,,zenodo_it_support_tickets
759,ZENODO_TRAIN_00029,[TICKET ID] - New Support Ticket received  - Create[LOCATION]entry [COMPANY]up.ads.dir,[TICKET ID] - New Support Ticket received  - Create[LOCATION]entry [COMPANY]up.ads.dir,Support general,unknown,unknown,,,,zenodo_it_support_tickets
1909,ZENODO_TRAIN_00030,File Share Access - [TICKET ID] - [NAME] ([COMPANY]A. [LOCATION]),File Share Access - [TICKET ID] - [NAME] ([COMPANY]A. [LOCATION]),Fileservice,unknown,unknown,,,,zenodo_it_support_tickets
3820,ZENODO_TRAIN_00031,Emails undeliverableEmails sent to [EMAIL] mailto:[EMAIL] are not working.,Emails undeliverableEmails sent to [EMAIL] mailto:[EMAIL] are not working.,O365,unknown,unknown,,,,zenodo_it_support_tickets
7375,ZENODO_TRAIN_00032,Acesso Admin no AD,Acesso Admin no AD,Active Directory,unknown,unknown,,,,zenodo_it_support_tickets
10644,ZENODO_TRAIN_00033,File Share Access - [TICKET ID] - [NAME] ([COMPANY]. [LOCATION])Service Request: File Share Access     Grant access to file share for the following user:  [NAME] ([COMPANY]. [LOCATION]) (Username: [US,File Share Access - [TICKET ID] - [NAME] ([COMPANY]. [LOCATION])Service Request: File Share Access     Grant access to file share for the following user:  [NAME] ([COMPANY]. [LOCATION]) (Username: [USERNAME])  Access Type: (RW) Read / Write  File Share:    Outlook Verteiler [COMPANY] aktualisieren und [NAME] hinzufügen       Verteiler [COMPANY]-BS und [COMPANY] aktualisieren und [NAME] entfernen        Requestor: [NAME] ([COMPANY]. [LOCATION])  Comment:  Abteilungswechsel!,Fileservice,unknown,unknown,,,,zenodo_it_support_tickets
11214,ZENODO_TRAIN_00034,Light User for external - [TICKET ID] - [USERNAME]. [NAME]Service Request: Light User for external  Create Light user for [USERNAME]. [NAME]      Firstname: [NAME]   Lastname: [NAME]ailaddress: [EMAIL,Light User for external - [TICKET ID] - [USERNAME]. [NAME]Service Request: Light User for external  Create Light user for [USERNAME]. [NAME]      Firstname: [NAME]   Lastname: [NAME]ailaddress: [EMAIL]  Phone: 0  Cost Center: 47050  Function:[LOCATION]Consultant  Company: [COMPANY]  Department: GIT-[ADDRESS]  ZIP: [ADDRESS]  City: [ADDRESS]  Country: [ADDRESS]  Location:[LOCATION] Office:   Expiration date: Not defined     Important: Please indicate in EA14 that it is an external user.     Requestor: [NAME] ([COMPANY]. [LOCATION])     Desired date: Dec 18 2018 12:00AM     Additional information:  NameMailZugänge Witali [EMAIL] Citrix.[LOCATION]BW User (inkl. Entwicklerschlüssel). Zugang BO/BI Launchpad  [NAME] [EMAIL] Citrix.[LOCATION]BW User (inkl. Entwicklerschlüssel). Zugang BO/BI Launchpad  [NAME] [EMAIL] Citrix.[LOCATION]BW User (inkl. Entwicklerschlüssel). Zugang BO/BI Launchpad + lokale und server Lumira Designer Version zum Erstellen und upload von dem Dashboard  [NAME] [EMAIL] Citrix.[LOCATION]BW User (inkl. Entwicklerschlüssel). Zugang BO/BI Launchpad,Support general,unknown,unknown,,,,zenodo_it_support_tickets
383,ZENODO_TRAIN_00035,Outllook - Senden im Auftrag von [EMAIL] nicht mehr möglich,Outllook - Senden im Auftrag von [EMAIL] nicht mehr möglich,Support general,unknown,unknown,,,,zenodo_it_support_tickets
1595,ZENODO_TRAIN_00036,File Share Access - [TICKET ID] - [NAME] ([COMPANY]. [LOCATION]),File Share Access - [TICKET ID] - [NAME] ([COMPANY]. [LOCATION]),Fileservice,unknown,unknown,,,,zenodo_it_support_tickets
638,ZENODO_TRAIN_00037,[TICKET ID] - A Support Ticket was forwarded to your role  - Problem sending emails to address [EMAIL].,[TICKET ID] - A Support Ticket was forwarded to your role  - Problem sending emails to address [EMAIL].,O365,unknown,unknown,,,,zenodo_it_support_tickets
779,ZENODO_TRAIN_00038,[TICKET ID] - A Support Ticket was forwarded to your role  - CREACIÓN DE CORREO [NAME],[TICKET ID] - A Support Ticket was forwarded to your role  - CREACIÓN DE CORREO [NAME],Active Directory,unknown,unknown,,,,zenodo_it_support_tickets
323,ZENODO_TRAIN_00039,Initiated by GIT: Missing connection to all securitytools on system [SERVER],Initiated by GIT: Missing connection to all securitytools on system [SERVER],Software,unknown,unknown,,,,zenodo_it_support_tickets
1490,ZENODO_TRAIN_00040,File Share Access - [TICKET ID] - [NAME] ([COMPANY]A. [LOCATION]),File Share Access - [TICKET ID] - [NAME] ([COMPANY]A. [LOCATION]),Fileservice,unknown,unknown,,,,zenodo_it_support_tickets
6042,ZENODO_TRAIN_00041,Instalacion de carpeta J en Red,Instalacion de carpeta J en Red,Fileservice,unknown,unknown,,,,zenodo_it_support_tickets
1222,ZENODO_TRAIN_00042,[TICKET ID] - A Support Ticket was forwarded to you  - Access [EMAIL],[TICKET ID] - A Support Ticket was forwarded to you  - Access [EMAIL],O365,unknown,unknown,,,,zenodo_it_support_tickets
926,ZENODO_TRAIN_00043,[TICKET ID] - New Support Ticket received  - Cannot access files,[TICKET ID] - New Support Ticket received  - Cannot access files,Fileservice,unknown,unknown,,,,zenodo_it_support_tickets
3762,ZENODO_TRAIN_00044,The following system must be set to End Of Life in Nexthink and checked for[LOCATION]reservations:  [SERVER]  -Automated ticket creation-Please remove the system from Nexthink according to the[LOCATIO,The following system must be set to End Of Life in Nexthink and checked for[LOCATION]reservations:  [SERVER]  -Automated ticket creation-Please remove the system from Nexthink according to the[LOCATION]process and please verify if any[LOCATION]reservations exist. If yes. please remove reservations and note down the corresponding IP(s) and inform [COMPANY] network team to remove firewall rules if there are any.,EOL,unknown,unknown,,,,zenodo_it_support_tickets
1257,ZENODO_TRAIN_00045,[TICKET ID] - New Support Ticket received  - Computer troubles,[TICKET ID] - New Support Ticket received  - Computer troubles,Support general,unknown,unknown,,,,zenodo_it_support_tickets
1722,ZENODO_TRAIN_00046,File Share Access - [TICKET ID] - [NAME] ([COMPANY]. [LOCATION]),File Share Access - [TICKET ID] - [NAME] ([COMPANY]. [LOCATION]),Fileservice,unknown,unknown,,,,zenodo_it_support_tickets
1743,ZENODO_TRAIN_00047,Shared Mailbox Access - [TICKET ID] - [EMAIL],Shared Mailbox Access - [TICKET ID] - [EMAIL],Support general,unknown,unknown,,,,zenodo_it_support_tickets
1591,ZENODO_TRAIN_00048,access to public folder,access to public folder,Fileservice,unknown,unknown,,,,zenodo_it_support_tickets
744,ZENODO_TRAIN_00049,Shared Mailbox Access - [ADDRESS] - [EMAIL],Shared Mailbox Access - [ADDRESS] - [EMAIL],Support general,unknown,unknown,,,,zenodo_it_support_tickets
3834,ZENODO_TRAIN_00050,[COMPANY] Intranet Editor Rights User  Internal- [TICKET ID]Service Request: Intranet Editor Rights     Set Intranet Editor Rights only user for [NAME] ([COMPANY]A. [LOCATION])     Firstname: [NAME]  ,[COMPANY] Intranet Editor Rights User  Internal- [TICKET ID]Service Request: Intranet Editor Rights     Set Intranet Editor Rights only user for [NAME] ([COMPANY]A. [LOCATION])     Firstname: [NAME]  Lastname: [NAME]  Cost Center: 22008  Company: [COMPANY] SE & Co. KGaA  Department: [COMPANY]-SC  [ADDRESS]: [ADDRESS]  ZIP: [ADDRESS]  City: [ADDRESS]  Country: Germany  Office: [LOCATION]. IG VI. 3.24     Editor Rights required  Publish News :False  Publish News and Content Pages: True   I dont know: False     Requestor: [NAME] ([COMPANY]A. [LOCATION])  Additional information:,Active Directory,unknown,unknown,,,,zenodo_it_support_tickets
1866,ZENODO_TRAIN_00051,Need administrative rights for [LOCATION],Need administrative rights for [LOCATION],Fileservice,unknown,unknown,,,,zenodo_it_support_tickets
1739,ZENODO_TRAIN_00052,Shared Mailbox Access - [ADDRESS] - [EMAIL],Shared Mailbox Access - [ADDRESS] - [EMAIL],Support general,unknown,unknown,,,,zenodo_it_support_tickets
1717,ZENODO_TRAIN_00053,Shared Mailbox Access - [TICKET ID] - [EMAIL],Shared Mailbox Access - [TICKET ID] - [EMAIL],Support general,unknown,unknown,,,,zenodo_it_support_tickets
1645,ZENODO_TRAIN_00054,Shared Mailbox Access - [AWS_ACCESS_KEY] - [EMAIL],Shared Mailbox Access - [AWS_ACCESS_KEY] - [EMAIL],Support general,unknown,unknown,,,,zenodo_it_support_tickets
1817,ZENODO_TRAIN_00055,Shared Mailbox Access - [AWS_ACCESS_KEY] - [EMAIL],Shared Mailbox Access - [AWS_ACCESS_KEY] - [EMAIL],Support general,unknown,unknown,,,,zenodo_it_support_tickets
7728,ZENODO_TRAIN_00056,Light User for external - [TICKET ID] - [USERNAME]-[NAME] Service Request: Light User for external  Create Light user for [USERNAME]. Firstname: [NAME]  Lastname: [NAME]ailaddress: [EMAIL]  Phone: [PH,Light User for external - [TICKET ID] - [USERNAME]-[NAME] Service Request: Light User for external  Create Light user for [USERNAME]. Firstname: [NAME]  Lastname: [NAME]ailaddress: [EMAIL]  Phone: [PHONE]  Cost Center: 32151  Function: Geschäftsführer  /  Managing director  Company: [COMPANY] GmbH  Department: SB-SP  [ADDRESS]: [ADDRESS]  ZIP: [ADDRESS]  City: [ADDRESS]  Country: [ADDRESS]  Location:[LOCATION] Office:   Expiration date: Feb  4 2020 12:00AM     Important: Please indicate in EA14 that it is an external user.     Requestor: [NAME] ([COMPANY]. [LOCATION])     Desired date: Feb  4 2019 12:00AM     Additional information:  [NAME] wird die Leererkennung im Regal realisieren.,Support general,unknown,unknown,,,,zenodo_it_support_tickets
1812,ZENODO_TRAIN_00057,Shared Mailbox Access - [ADDRESS] - [EMAIL],Shared Mailbox Access - [ADDRESS] - [EMAIL],Support general,unknown,unknown,,,,zenodo_it_support_tickets
1999,ZENODO_TRAIN_00058,Shared Mailbox Access - [AWS_ACCESS_KEY] - [EMAIL],Shared Mailbox Access - [AWS_ACCESS_KEY] - [EMAIL],Support general,unknown,unknown,,,,zenodo_it_support_tickets
753,ZENODO_TRAIN_00059,[TICKET ID] - New Support Ticket received  - Basis User - [USERNAME] - [USERNAME] ([COMPANY]. [LOCATION]),[TICKET ID] - New Support Ticket received  - Basis User - [USERNAME] - [USERNAME] ([COMPANY]. [LOCATION]),Support general,unknown,unknown,,,,zenodo_it_support_tickets
1421,ZENODO_TRAIN_00060,Problem with my user,Problem with my user,Active Directory,unknown,unknown,,,,zenodo_it_support_tickets
11138,ZENODO_TRAIN_00061,access to s3 bucket,access to s3 bucket,Software,unknown,unknown,,,,zenodo_it_support_tickets
3695,ZENODO_TRAIN_00062,Light User for external - [TICKET ID] - [NAME]Service Request: Light User for external  Create Light user for [NAME]      Firstname: [NAME]   Lastname: [NAME]ailaddress: [EMAIL]  Phone: [PHONE]  Cost ,Light User for external - [TICKET ID] - [NAME]Service Request: Light User for external  Create Light user for [NAME]      Firstname: [NAME]   Lastname: [NAME]ailaddress: [EMAIL]  Phone: [PHONE]  Cost Center: 47003  Function: Praktikantin  Company: Praktikantin  Department: GMC-[ADDRESS]  ZIP: [ADDRESS]  City: [ADDRESS]  Country: Germany  Location:[LOCATION] Office:   Expiration date: Mar 31 2019 12:00AM     Important: Please indicate in EA14 that it is an external user.     Requestor: [USERNAME] ([COMPANY]. [LOCATION])     Desired date: Feb  4 2019 12:00AM     Additional information:,Support general,unknown,unknown,,,,zenodo_it_support_tickets
6767,ZENODO_TRAIN_00063,Preciso que libere acesso à pasta J/RH,Preciso que libere acesso à pasta J/RH,Fileservice,unknown,unknown,,,,zenodo_it_support_tickets
762,ZENODO_TRAIN_00064,[TICKET ID] - New Support Ticket received  - Request access to [NAME]s email,[TICKET ID] - New Support Ticket received  - Request access to [NAME]s email,O365,unknown,unknown,,,,zenodo_it_support_tickets
1408,ZENODO_TRAIN_00065,Create AD group for [COMPANY] Scandinavia for myHR,Create AD group for [COMPANY] Scandinavia for myHR,Active Directory,unknown,unknown,,,,zenodo_it_support_tickets
1069,ZENODO_TRAIN_00066,[TICKET ID] - New Support Ticket received  - Instalação software para ponto eletrônico,[TICKET ID] - New Support Ticket received  - Instalação software para ponto eletrônico,Software,unknown,unknown,,,,zenodo_it_support_tickets
1040,ZENODO_TRAIN_00067,[TICKET ID] - A Support Ticket was forwarded to your role  - Initiated by [COMPANY][LOCATION]- Vulnerable Adobe Flash on [SERVER],[TICKET ID] - A Support Ticket was forwarded to your role  - Initiated by [COMPANY][LOCATION]- Vulnerable Adobe Flash on [SERVER],Support general,unknown,unknown,,,,zenodo_it_support_tickets
10198,ZENODO_TRAIN_00068,No funciona SkypeBuenas tardes.  Me dejo de funcionar el Slype desde el viernes.  Gracias.,No funciona SkypeBuenas tardes.  Me dejo de funcionar el Slype desde el viernes.  Gracias.,O365,unknown,unknown,,,,zenodo_it_support_tickets
2405,ZENODO_TRAIN_00069,missing emailsMissing emails from 9/2018 to 9/2017              [Image],missing emailsMissing emails from 9/2018 to 9/2017              [Image],O365,unknown,unknown,,,,zenodo_it_support_tickets
14236,ZENODO_TRAIN_00070,Erro pacote office,Erro pacote office,O365,unknown,unknown,,,,zenodo_it_support_tickets
7780,ZENODO_TRAIN_00071,File Share Access - [TICKET ID] - [NAME] ([COMPANY]. [LOCATION])Service Request: File Share Access     Grant access to file share for the following user:  [NAME] ([COMPANY]. [LOCATION]) (Username: [US,File Share Access - [TICKET ID] - [NAME] ([COMPANY]. [LOCATION])Service Request: File Share Access     Grant access to file share for the following user:  [NAME] ([COMPANY]. [LOCATION]) (Username: [USERNAME])  Access Type: (RW) Read / Write  File Share:  //[COMPANY]up.ads.dir/[COMPANY]ein01-ems01/[LOCATION]/Groups/ESBA     Requestor: [NAME] ([COMPANY]. [LOCATION])  Comment:,Fileservice,unknown,unknown,,,,zenodo_it_support_tickets
2010,ZENODO_TRAIN_00072,File Share Access - [TICKET ID] - [NAME] ([COMPANY]A. [LOCATION]),File Share Access - [TICKET ID] - [NAME] ([COMPANY]A. [LOCATION]),Fileservice,unknown,unknown,,,,zenodo_it_support_tickets
1587,ZENODO_TRAIN_00073,File Share Access - [TICKET ID] - [NAME] ([COMPANY]A. [LOCATION]),File Share Access - [TICKET ID] - [NAME] ([COMPANY]A. [LOCATION]),Fileservice,unknown,unknown,,,,zenodo_it_support_tickets
1479,ZENODO_TRAIN_00074,Create Shared Mailbox - [EMAIL] - [EMAIL],Create Shared Mailbox - [EMAIL] - [EMAIL],Support general,unknown,unknown,,,,zenodo_it_support_tickets
378,ZENODO_TRAIN_00075,[TICKET ID] - A Support Ticket was forwarded to your role  - Expend service account permissons for [SOFTWARE] AD access,[TICKET ID] - A Support Ticket was forwarded to your role  - Expend service account permissons for [SOFTWARE] AD access,Support general,unknown,unknown,,,,zenodo_it_support_tickets
2461,ZENODO_TRAIN_00076,Unable to access missed conversations in OutlookHello.  When I click on a missed conversation in Outlook. it will not open it and give an error message.  See attachment....  Thanks!,Unable to access missed conversations in OutlookHello.  When I click on a missed conversation in Outlook. it will not open it and give an error message.  See attachment....  Thanks!,O365,unknown,unknown,,,,zenodo_it_support_tickets
2077,ZENODO_TRAIN_00077,File Share Access - [TICKET ID] - [ADDRESS] ([COMPANY]A. [LOCATION]),File Share Access - [TICKET ID] - [ADDRESS] ([COMPANY]A. [LOCATION]),Fileservice,unknown,unknown,,,,zenodo_it_support_tickets
2084,ZENODO_TRAIN_00078,File Share Access - [TICKET ID] - [NAME] ([COMPANY]A. [LOCATION]),File Share Access - [TICKET ID] - [NAME] ([COMPANY]A. [LOCATION]),Fileservice,unknown,unknown,,,,zenodo_it_support_tickets
2039,ZENODO_TRAIN_00079,File Share Access - [TICKET ID] - [NAME] ([COMPANY]-[PASSWORD]. [LOCATION]),File Share Access - [TICKET ID] - [NAME] ([COMPANY]-[PASSWORD]. [LOCATION]),Fileservice,unknown,unknown,,,,zenodo_it_support_tickets
1640,ZENODO_TRAIN_00080,Fileserver Migration[LOCATION](From [SERVER] to [SERVER]),Fileserver Migration[LOCATION](From [SERVER] to [SERVER]),Fileservice,unknown,unknown,,,,zenodo_it_support_tickets
1510,ZENODO_TRAIN_00081,Shared Mailbox Access - [AWS_ACCESS_KEY] - [EMAIL],Shared Mailbox Access - [AWS_ACCESS_KEY] - [EMAIL],Support general,unknown,unknown,,,,zenodo_it_support_tickets
1535,ZENODO_TRAIN_00082,File Share Access - [TICKET ID] - [NAME] ([COMPANY]. [LOCATION]),File Share Access - [TICKET ID] - [NAME] ([COMPANY]. [LOCATION]),Fileservice,unknown,unknown,,,,zenodo_it_support_tickets
13767,ZENODO_TRAIN_00083,Initiated by GIT: Missing connection to AV on system [SERVER],Initiated by GIT: Missing connection to AV on system [SERVER],Software,unknown,unknown,,,,zenodo_it_support_tickets
1436,ZENODO_TRAIN_00084,create new OUs North_America and South_America,create new OUs North_America and South_America,Active Directory,unknown,unknown,,,,zenodo_it_support_tickets
9734,ZENODO_TRAIN_00085,Users [USERNAME] and Yock need help with VPN,Users [USERNAME] and Yock need help with VPN,Support general,unknown,unknown,,,,zenodo_it_support_tickets
1733,ZENODO_TRAIN_00086,Shared Mailbox Access - [PASSWORD] - [EMAIL],Shared Mailbox Access - [PASSWORD] - [EMAIL],Support general,unknown,unknown,,,,zenodo_it_support_tickets
1798,ZENODO_TRAIN_00087,[COMPANY] - Security - Standard Change Add Member to Group Permission for mtx_service,[COMPANY] - Security - Standard Change Add Member to Group Permission for mtx_service,Support general,unknown,unknown,,,,zenodo_it_support_tickets
621,ZENODO_TRAIN_00088,[TICKET ID] - New Support Ticket received  - Basis User - [USERNAME] - [NAME] ([COMPANY]. [LOCATION]),[TICKET ID] - New Support Ticket received  - Basis User - [USERNAME] - [NAME] ([COMPANY]. [LOCATION]),Support general,unknown,unknown,,,,zenodo_it_support_tickets
2243,ZENODO_TRAIN_00089,Shared Mailbox Access - [AWS_ACCESS_KEY] - [EMAIL],Shared Mailbox Access - [AWS_ACCESS_KEY] - [EMAIL],Support general,unknown,unknown,,,,zenodo_it_support_tickets
1634,ZENODO_TRAIN_00090,File Share Access - [TICKET ID] - [NAME] ([COMPANY]A. External),File Share Access - [TICKET ID] - [NAME] ([COMPANY]A. External),Fileservice,unknown,unknown,,,,zenodo_it_support_tickets
12152,ZENODO_TRAIN_00091,Guest wireless issues,Guest wireless issues,Support general,unknown,unknown,,,,zenodo_it_support_tickets
1631,ZENODO_TRAIN_00092,Temporärer Zugang zur Mailgruppe [COMPANY] Standort Einbeck um eine wichtige Mitteilung zur Datennutzung zu verschicken,Temporärer Zugang zur Mailgruppe [COMPANY] Standort Einbeck um eine wichtige Mitteilung zur Datennutzung zu verschicken,Support general,unknown,unknown,,,,zenodo_it_support_tickets
1508,ZENODO_TRAIN_00093,Shared Mailbox Access - [TICKET ID] - [EMAIL],Shared Mailbox Access - [TICKET ID] - [EMAIL],Support general,unknown,unknown,,,,zenodo_it_support_tickets
7098,ZENODO_TRAIN_00094,File Share Access - [TICKET ID] - [NAME] ([COMPANY]. [LOCATION])Service Request: File Share Access     Grant access to file share for the following user:  [NAME] ([COMPANY]. [LOCATION]) (Username: [US,File Share Access - [TICKET ID] - [NAME] ([COMPANY]. [LOCATION])Service Request: File Share Access     Grant access to file share for the following user:  [NAME] ([COMPANY]. [LOCATION]) (Username: [USERNAME])  Access Type: (RW) Read / Write  File Share:      N:/MA55/      please create the folder and give R/W access for this and all subfolders.        Requestor: [NAME] ([COMPANY]. [LOCATION])  Comment:,Fileservice,unknown,unknown,,,,zenodo_it_support_tickets
1871,ZENODO_TRAIN_00095,File Share Access - [TICKET ID] - [NAME] ([COMPANY]A. [LOCATION]),File Share Access - [TICKET ID] - [NAME] ([COMPANY]A. [LOCATION]),Fileservice,unknown,unknown,,,,zenodo_it_support_tickets
6031,ZENODO_TRAIN_00096,impressora com erro,impressora com erro,Computer-Services,unknown,unknown,,,,zenodo_it_support_tickets
675,ZENODO_TRAIN_00097,[TICKET ID] - New Support Ticket received  - File Share Access - [TICKET ID] - [NAME] ([COMPANY]. [LOCATION]),[TICKET ID] - New Support Ticket received  - File Share Access - [TICKET ID] - [NAME] ([COMPANY]. [LOCATION]),Fileservice,unknown,unknown,,,,zenodo_it_support_tickets
1088,ZENODO_TRAIN_00098,[TICKET ID] - This Support Ticket was reopened  - Acesso a Intranet [COMPANY],[TICKET ID] - This Support Ticket was reopened  - Acesso a Intranet [COMPANY],Support general,unknown,unknown,,,,zenodo_it_support_tickets
9559,ZENODO_TRAIN_00099,Missing connection to McAfee on system [SERVER],Missing connection to McAfee on system [SERVER],Software,unknown,unknown,,,,zenodo_it_support_tickets
8479,ZENODO_TRAIN_00100,Liberação acesso a pasta,Liberação acesso a pasta,Fileservice,unknown,unknown,,,,zenodo_it_support_tickets
6623,ZENODO_TRAIN_00101,Impressora Zebra nao está imprimindo.,Impressora Zebra nao está imprimindo.,Computer-Services,unknown,unknown,,,,zenodo_it_support_tickets
10296,ZENODO_TRAIN_00102,Basis User - [TICKET ID] - [NAME] ([COMPANY]. [LOCATION])Service Request: Basis User     Create Windows account for internal user  [NAME] ([COMPANY]. [LOCATION])     Firstname:  [NAME]  Lastname:  [NA,Basis User - [TICKET ID] - [NAME] ([COMPANY]. [LOCATION])Service Request: Basis User     Create Windows account for internal user  [NAME] ([COMPANY]. [LOCATION])     Firstname:  [NAME]  Lastname:  [NAME]  Cost Center:  41601  Company:  [COMPANY] SE  Department:  GGR-[ADDRESS]  ZIP:  [ADDRESS]  City:  [ADDRESS]  Country:  [ADDRESS]  Office:       Important: Please set the EA10 to the following value: 13415 (leave blank. when empty)  Please create Exchange and Skype account.  The user needs at least the following access permissions:  (RW) H:/%username%  (RO) J:/Auftrag  (RW) J:/Info  (RW) J:/Transfer  (RO) J:/Vorlagen  Access to [COMPANY] intranet  Access to [SOFTWARE] ([SERVER])  Requestor: [NAME] ([COMPANY]. [LOCATION])     Desired date:  Jan  2 2019 12:00AM     Additional information:   [NAME] beginnt seine Arbeit erst am 02.01.19. Lieferungend avor bitte an [NAME] oder [NAME] [NAME]ke,Support general,unknown,unknown,,,,zenodo_it_support_tickets
1158,ZENODO_TRAIN_00103,[TICKET ID] - New Support Ticket received  -[LOCATION]on samsung J7 not working. Lost Login credentials.,[TICKET ID] - New Support Ticket received  -[LOCATION]on samsung J7 not working. Lost Login credentials.,O365,unknown,unknown,,,,zenodo_it_support_tickets
1382,ZENODO_TRAIN_00104,[TICKET ID] - New Support Ticket received  - Problema Computador da [NAME],[TICKET ID] - New Support Ticket received  - Problema Computador da [NAME],Support general,unknown,unknown,,,,zenodo_it_support_tickets
2296,ZENODO_TRAIN_00105,File Share Access - [TICKET ID] - [NAME] ([COMPANY]. [LOCATION]),File Share Access - [TICKET ID] - [NAME] ([COMPANY]. [LOCATION]),Fileservice,unknown,unknown,,,,zenodo_it_support_tickets
1692,ZENODO_TRAIN_00106,Shared Mailbox Access - [ADDRESS] - [EMAIL],Shared Mailbox Access - [ADDRESS] - [EMAIL],Support general,unknown,unknown,,,,zenodo_it_support_tickets
9128,ZENODO_TRAIN_00107,We need the [NAME] to be connected to the R Drive,We need the [NAME] to be connected to the R Drive,Fileservice,unknown,unknown,,,,zenodo_it_support_tickets
880,ZENODO_TRAIN_00108,[TICKET ID] - New Support Ticket received  - Moorhead printer,[TICKET ID] - New Support Ticket received  - Moorhead printer,Computer-Services,unknown,unknown,,,,zenodo_it_support_tickets
1015,ZENODO_TRAIN_00109,[TICKET ID] - New Support Ticket received  - cambio formato de excel en archivos,[TICKET ID] - New Support Ticket received  - cambio formato de excel en archivos,O365,unknown,unknown,,,,zenodo_it_support_tickets
1608,ZENODO_TRAIN_00110,User [USERNAME] löschen,User [USERNAME] löschen,Active Directory,unknown,unknown,,,,zenodo_it_support_tickets
2297,ZENODO_TRAIN_00111,File Share Access - [TICKET ID] - [NAME] ([COMPANY]A. [LOCATION]),File Share Access - [TICKET ID] - [NAME] ([COMPANY]A. [LOCATION]),Fileservice,unknown,unknown,,,,zenodo_it_support_tickets
2014,ZENODO_TRAIN_00112,File Share Access - [TICKET ID] - [NAME] ([COMPANY]. [LOCATION]),File Share Access - [TICKET ID] - [NAME] ([COMPANY]. [LOCATION]),Fileservice,unknown,unknown,,,,zenodo_it_support_tickets
1544,ZENODO_TRAIN_00113,File Share Access - [TICKET ID] - [NAME] ([COMPANY]A. [LOCATION]),File Share Access - [TICKET ID] - [NAME] ([COMPANY]A. [LOCATION]),Fileservice,unknown,unknown,,,,zenodo_it_support_tickets
2314,ZENODO_TRAIN_00114,File Share Access - [TICKET ID] - [NAME] ([COMPANY]A. [LOCATION]),File Share Access - [TICKET ID] - [NAME] ([COMPANY]A. [LOCATION]),Fileservice,unknown,unknown,,,,zenodo_it_support_tickets
1723,ZENODO_TRAIN_00115,File Share Access - [TICKET ID] - [NAME] ([COMPANY]. [LOCATION]),File Share Access - [TICKET ID] - [NAME] ([COMPANY]. [LOCATION]),Fileservice,unknown,unknown,,,,zenodo_it_support_tickets
1401,ZENODO_TRAIN_00116,Acceso a Carpetas,Acceso a Carpetas,Fileservice,unknown,unknown,,,,zenodo_it_support_tickets
1036,ZENODO_TRAIN_00117,[TICKET ID] - New Support Ticket received  - Cadastrar usuário + compra de equipamento -[LOCATION]13362,[TICKET ID] - New Support Ticket received  - Cadastrar usuário + compra de equipamento -[LOCATION]13362,Active Directory,unknown,unknown,,,,zenodo_it_support_tickets
10745,ZENODO_TRAIN_00118,Konto wird immer wieder gesperrt,Konto wird immer wieder gesperrt,Active Directory,unknown,unknown,,,,zenodo_it_support_tickets
4504,ZENODO_TRAIN_00119,Is it possible to download Power BI Desktop?,Is it possible to download Power BI Desktop?,O365,unknown,unknown,,,,zenodo_it_support_tickets
1112,ZENODO_TRAIN_00120,[TICKET ID] - A Support Ticket was forwarded to your role  - URL,[TICKET ID] - A Support Ticket was forwarded to your role  - URL,Support general,unknown,unknown,,,,zenodo_it_support_tickets
2969,ZENODO_TRAIN_00121,Change[LOCATION]Entry[LOCATION]FirewallChange[LOCATION]Entry[LOCATION]Firewall,Change[LOCATION]Entry[LOCATION]FirewallChange[LOCATION]Entry[LOCATION]Firewall,Support general,unknown,unknown,,,,zenodo_it_support_tickets
6246,ZENODO_TRAIN_00122,The following system must be set to End Of Life in Nexthink and checked for[LOCATION]reservations:  [SERVER]  -Automated ticket creation-Please remove the system from Nexthink according to the[LOCATIO,The following system must be set to End Of Life in Nexthink and checked for[LOCATION]reservations:  [SERVER]  -Automated ticket creation-Please remove the system from Nexthink according to the[LOCATION]process and please verify if any[LOCATION]reservations exist. If yes. please remove reservations and note down the corresponding IP(s) and inform [COMPANY] network team to remove firewall rules if there are any.,EOL,unknown,unknown,,,,zenodo_it_support_tickets
1127,ZENODO_TRAIN_00123,[TICKET ID] - New Support Ticket received  - [Light House] [SERVER],[TICKET ID] - New Support Ticket received  - [Light House] [SERVER],Support general,unknown,unknown,,,,zenodo_it_support_tickets
6258,ZENODO_TRAIN_00124,Acces au [COMPANY] Interne,Acces au [COMPANY] Interne,Active Directory,unknown,unknown,,,,zenodo_it_support_tickets
6443,ZENODO_TRAIN_00125,Light User for external - [TICKET ID] - [NAME]Service Request: Light User for external  Create Light user for [NAME]      Firstname: [NAME]   Lastname: [NAME]ailaddress: [EMAIL]  Phone: 0  Cost Center,Light User for external - [TICKET ID] - [NAME]Service Request: Light User for external  Create Light user for [NAME]      Firstname: [NAME]   Lastname: [NAME]ailaddress: [EMAIL]  Phone: 0  Cost Center: 47050  Function:[LOCATION]Consultant  Company: [COMPANY]  Department: GIT-[ADDRESS]  ZIP: [ADDRESS]  City: [ADDRESS]  Country: [ADDRESS]  Location:[LOCATION] Office:   Expiration date: Not defined     Important: Please indicate in EA14 that it is an external user.     Requestor: [NAME] ([COMPANY]. [LOCATION])     Desired date: Dec 18 2018 12:00AM     Additional information:  NameMailZugänge Witali [EMAIL] Citrix.[LOCATION]BW User (inkl. Entwicklerschlüssel). Zugang BO/BI Launchpad  [NAME] [EMAIL] Citrix.[LOCATION]BW User (inkl. Entwicklerschlüssel). Zugang BO/BI Launchpad  [NAME] [EMAIL] Citrix.[LOCATION]BW User (inkl. Entwicklerschlüssel). Zugang BO/BI Launchpad + lokale und server Lumira Designer Version zum Erstellen und upload von dem Dashboard  [NAME] [EMAIL] Citrix.[LOCATION]BW User (inkl. Entwicklerschlüssel). Zugang BO/BI Launchpad,Support general,unknown,unknown,,,,zenodo_it_support_tickets
1983,ZENODO_TRAIN_00126,File Share Access - [TICKET ID] - [NAME] ([COMPANY]A. [LOCATION]),File Share Access - [TICKET ID] - [NAME] ([COMPANY]A. [LOCATION]),Fileservice,unknown,unknown,,,,zenodo_it_support_tickets
1558,ZENODO_TRAIN_00127,File Share Access - [TICKET ID] - [ADDRESS] ([COMPANY]A. [LOCATION]),File Share Access - [TICKET ID] - [ADDRESS] ([COMPANY]A. [LOCATION]),Fileservice,unknown,unknown,,,,zenodo_it_support_tickets
1524,ZENODO_TRAIN_00128,File Share Access - [TICKET ID] - [NAME] ([COMPANY]. [LOCATION]),File Share Access - [TICKET ID] - [NAME] ([COMPANY]. [LOCATION]),Fileservice,unknown,unknown,,,,zenodo_it_support_tickets
9654,ZENODO_TRAIN_00129,Light User for external - [TICKET ID] - [NAME]Service Request: Light User for external  Create Light user for [NAME]     Firstname: [NAME]  Lastname: [NAME]ailaddress: [EMAIL]  Phone: [PHONE]  Cost Ce,Light User for external - [TICKET ID] - [NAME]Service Request: Light User for external  Create Light user for [NAME]     Firstname: [NAME]  Lastname: [NAME]ailaddress: [EMAIL]  Phone: [PHONE]  Cost Center: 44288  Function: Vigilant  Company: [COMPANY]  Department: [ADDRESS] [ADDRESS] 2 KM – [ADDRESS] Rural.  ZIP:[LOCATION][ADDRESS]  City: [ADDRESS]  Country: [ADDRESS]  Location:[LOCATION] Office:   Expiration date: Not defined     Important: Please indicate in EA14 that it is an external user.     Requestor: [NAME] ([COMPANY]. [LOCATION])     Desired date: Dec 22 2018  3:00AM     Additional information:,Support general,unknown,unknown,,,,zenodo_it_support_tickets
3678,ZENODO_TRAIN_00130,Mailbox von [NAME] als Shared Mailbox weiterhin bestehen lassen,Mailbox von [NAME] als Shared Mailbox weiterhin bestehen lassen,Support general,unknown,unknown,,,,zenodo_it_support_tickets
997,ZENODO_TRAIN_00131,[TICKET ID] - New Support Ticket received  - Acesso,[TICKET ID] - New Support Ticket received  - Acesso,Fileservice,unknown,unknown,,,,zenodo_it_support_tickets
1534,ZENODO_TRAIN_00132,File Share Access - [TICKET ID] - [NAME]. [NAME] ([COMPANY]. BRLM),File Share Access - [TICKET ID] - [NAME]. [NAME] ([COMPANY]. BRLM),Fileservice,unknown,unknown,,,,zenodo_it_support_tickets
7391,ZENODO_TRAIN_00133,Initiated by GIT: Missing connection to all security tools on [SERVER],Initiated by GIT: Missing connection to all security tools on [SERVER],Software,unknown,unknown,,,,zenodo_it_support_tickets
8655,ZENODO_TRAIN_00134,Login to Citrix for[LOCATION]and [NAME],Login to Citrix for[LOCATION]and [NAME],Software,unknown,unknown,,,,zenodo_it_support_tickets
13919,ZENODO_TRAIN_00135,The user [NAME] @[URL] domain mailbox,The user [NAME] @[URL] domain mailbox,Support general,unknown,unknown,,,,zenodo_it_support_tickets
1785,ZENODO_TRAIN_00136,Shared Mailbox Access - [TICKET ID] - [EMAIL],Shared Mailbox Access - [TICKET ID] - [EMAIL],Support general,unknown,unknown,,,,zenodo_it_support_tickets
1791,ZENODO_TRAIN_00137,Remove File Share Access - [TICKET ID] - [NAME] ([COMPANY]A. [LOCATION]),Remove File Share Access - [TICKET ID] - [NAME] ([COMPANY]A. [LOCATION]),Fileservice,unknown,unknown,,,,zenodo_it_support_tickets
1224,ZENODO_TRAIN_00138,[TICKET ID] - New Support Ticket received  - Problema no recebimento dos e-mail do [EMAIL],[TICKET ID] - New Support Ticket received  - Problema no recebimento dos e-mail do [EMAIL],O365,unknown,unknown,,,,zenodo_it_support_tickets
1319,ZENODO_TRAIN_00139,[TICKET ID] - A Support Ticket was forwarded to you  - Send as delegate,[TICKET ID] - A Support Ticket was forwarded to you  - Send as delegate,O365,unknown,unknown,,,,zenodo_it_support_tickets
2270,ZENODO_TRAIN_00140,File Share Access - [TICKET ID] - [NAME] ([COMPANY]. [LOCATION]),File Share Access - [TICKET ID] - [NAME] ([COMPANY]. [LOCATION]),Fileservice,unknown,unknown,,,,zenodo_it_support_tickets
899,ZENODO_TRAIN_00141,[TICKET ID] - New Support Ticket received  - Desbloqueio de Celular,[TICKET ID] - New Support Ticket received  - Desbloqueio de Celular,Support general,unknown,unknown,,,,zenodo_it_support_tickets
8672,ZENODO_TRAIN_00142,Zugriffsberechtigungen IT-Servicedesk Postfach für [NAME],Zugriffsberechtigungen IT-Servicedesk Postfach für [NAME],Support general,unknown,unknown,,,,zenodo_it_support_tickets
1649,ZENODO_TRAIN_00143,File Share Access - [TICKET ID] - [NAME] ([COMPANY]A. [LOCATION]),File Share Access - [TICKET ID] - [NAME] ([COMPANY]A. [LOCATION]),Fileservice,unknown,unknown,,,,zenodo_it_support_tickets
11510,ZENODO_TRAIN_00144,Ads Slide in from the side and need to be stopped.,Ads Slide in from the side and need to be stopped.,O365,unknown,unknown,,,,zenodo_it_support_tickets
889,ZENODO_TRAIN_00145,[TICKET ID] - New Support Ticket received  - Mensagem,[TICKET ID] - New Support Ticket received  - Mensagem,O365,unknown,unknown,,,,zenodo_it_support_tickets
1131,ZENODO_TRAIN_00146,Instalar e-mail na impressora para digitalizações,Instalar e-mail na impressora para digitalizações,Computer-Services,unknown,unknown,,,,zenodo_it_support_tickets
661,ZENODO_TRAIN_00147,[TICKET ID] - A Support Ticket was forwarded to your role  -  Zugriff Shared Mailbox - [NAME] [EMAIL] auf ITCC,[TICKET ID] - A Support Ticket was forwarded to your role  -  Zugriff Shared Mailbox - [NAME] [EMAIL] auf ITCC,O365,unknown,unknown,,,,zenodo_it_support_tickets
7380,ZENODO_TRAIN_00148,File Share Access - [TICKET ID] - [USERNAME]. [NAME] ([COMPANY]. [LOCATION])Service Request: File Share Access     Grant access to file share for the following user:  [USERNAME]. [NAME] ([COMPANY]. [L,File Share Access - [TICKET ID] - [USERNAME]. [NAME] ([COMPANY]. [LOCATION])Service Request: File Share Access     Grant access to file share for the following user:  [USERNAME]. [NAME] ([COMPANY]. [LOCATION]) (Username: [USERNAME])  Access Type: (RW) Read / Write  File Share:                     J:/INS-DV              Requestor: [USERNAME] ([COMPANY]. [LOCATION])  Comment:,Fileservice,unknown,unknown,,,,zenodo_it_support_tickets
602,ZENODO_TRAIN_00149,[TICKET ID] - A Support Ticket was forwarded to your role  - Mail Blockierung?,[TICKET ID] - A Support Ticket was forwarded to your role  - Mail Blockierung?,O365,unknown,unknown,,,,zenodo_it_support_tickets
1819,ZENODO_TRAIN_00150,File Share Access - [TICKET ID] - [NAME] ([COMPANY]A. [LOCATION]),File Share Access - [TICKET ID] - [NAME] ([COMPANY]A. [LOCATION]),Fileservice,unknown,unknown,,,,zenodo_it_support_tickets
1072,ZENODO_TRAIN_00151,[TICKET ID] - New Support Ticket received  - Mcafee,[TICKET ID] - New Support Ticket received  - Mcafee,Support general,unknown,unknown,,,,zenodo_it_support_tickets
7468,ZENODO_TRAIN_00152,E-mail do sac,E-mail do sac,Support general,unknown,unknown,,,,zenodo_it_support_tickets
1180,ZENODO_TRAIN_00153,[TICKET ID] - New information received on closed ticket  - Documents not scanning from copier to email,[TICKET ID] - New information received on closed ticket  - Documents not scanning from copier to email,Computer-Services,unknown,unknown,,,,zenodo_it_support_tickets
1206,ZENODO_TRAIN_00154,[TICKET ID] - A Support Ticket was forwarded to your role  - check_mk SD Hostalarm: ([SERVER]) [COMPANY] LS Site2Site[LOCATION]- UP -> DOWN,[TICKET ID] - A Support Ticket was forwarded to your role  - check_mk SD Hostalarm: ([SERVER]) [COMPANY] LS Site2Site[LOCATION]- UP -> DOWN,Support general,unknown,unknown,,,,zenodo_it_support_tickets
1287,ZENODO_TRAIN_00155,[TICKET ID] - New Support Ticket received  - Citrix not working and need Nautilus 9.3 on PC and installed as Citrix app,[TICKET ID] - New Support Ticket received  - Citrix not working and need Nautilus 9.3 on PC and installed as Citrix app,Software,unknown,unknown,,,,zenodo_it_support_tickets
5511,ZENODO_TRAIN_00156,Printer Access,Printer Access,Computer-Services,unknown,unknown,,,,zenodo_it_support_tickets
2204,ZENODO_TRAIN_00157,File Share Access - [TICKET ID] - [NAME] ([COMPANY] [LOCATION]),File Share Access - [TICKET ID] - [NAME] ([COMPANY] [LOCATION]),Fileservice,unknown,unknown,,,,zenodo_it_support_tickets
6647,ZENODO_TRAIN_00158,Acesso à Pasta de Rede,Acesso à Pasta de Rede,Fileservice,unknown,unknown,,,,zenodo_it_support_tickets
2147,ZENODO_TRAIN_00159,Remove File Share Access - [TICKET ID] - [NAME] ([COMPANY]A. [LOCATION]),Remove File Share Access - [TICKET ID] - [NAME] ([COMPANY]A. [LOCATION]),Fileservice,unknown,unknown,,,,zenodo_it_support_tickets
2003,ZENODO_TRAIN_00160,Shared Mailbox Access - [AWS_ACCESS_KEY] - [EMAIL],Shared Mailbox Access - [AWS_ACCESS_KEY] - [EMAIL],Support general,unknown,unknown,,,,zenodo_it_support_tickets
1415,ZENODO_TRAIN_00161,[COMPANY] list of employees in e-mails is not complete,[COMPANY] list of employees in e-mails is not complete,O365,unknown,unknown,,,,zenodo_it_support_tickets
11375,ZENODO_TRAIN_00162,Basis User - [TICKET ID] - [USERNAME] ([COMPANY])Service Request: Basis User     Create Windows account for internal user  [USERNAME] ([COMPANY])     Firstname:  [NAME]  Lastname:  [NAME]  Cost Center,Basis User - [TICKET ID] - [USERNAME] ([COMPANY])Service Request: Basis User     Create Windows account for internal user  [USERNAME] ([COMPANY])     Firstname:  [NAME]  Lastname:  [NAME]  Cost Center:  958302  Company:  [COMPANY][LOCATION] Department:  CE-PRL-[ADDRESS]-[ADDRESS]  ZIP:  [ADDRESS]  City:  [ADDRESS]  Country:  Germany  Office:       Important: Please set the EA10 to the following value: 8340 (leave blank. when empty)  Please create Exchange and Skype account.  The user needs at least the following access permissions:  (RW) H:/%username%  (RO) J:/Auftrag  (RW) J:/Info  (RW) J:/Transfer  (RO) J:/Vorlagen  Access to [COMPANY] intranet  Access to [SOFTWARE] ([SERVER])  Requestor:  [NAME] ([COMPANY])     Desired date:  Jan  1 2019 12:00AM     Additional information:,Support general,unknown,unknown,,,,zenodo_it_support_tickets
1887,ZENODO_TRAIN_00163,File Share Access - [TICKET ID] - [NAME] ([COMPANY]A. [LOCATION]),File Share Access - [TICKET ID] - [NAME] ([COMPANY]A. [LOCATION]),Fileservice,unknown,unknown,,,,zenodo_it_support_tickets
726,ZENODO_TRAIN_00164,[TICKET ID] - New Support Ticket received  - Basis User - [USERNAME] - [NAME] ([COMPANY]. [LOCATION]),[TICKET ID] - New Support Ticket received  - Basis User - [USERNAME] - [NAME] ([COMPANY]. [LOCATION]),Support general,unknown,unknown,,,,zenodo_it_support_tickets
1630,ZENODO_TRAIN_00165,File Share Access - [TICKET ID] - [NAME] ([COMPANY]A. [LOCATION]),File Share Access - [TICKET ID] - [NAME] ([COMPANY]A. [LOCATION]),Fileservice,unknown,unknown,,,,zenodo_it_support_tickets
2197,ZENODO_TRAIN_00166,File Share Access - [TICKET ID] - [NAME] ([COMPANY]A. [LOCATION]),File Share Access - [TICKET ID] - [NAME] ([COMPANY]A. [LOCATION]),Fileservice,unknown,unknown,,,,zenodo_it_support_tickets
1278,ZENODO_TRAIN_00167,[TICKET ID] - New Support Ticket received  - T&C Cellular Signal,[TICKET ID] - New Support Ticket received  - T&C Cellular Signal,Support general,unknown,unknown,,,,zenodo_it_support_tickets
8667,ZENODO_TRAIN_00168,[SERVER] - Outdated McAfee Agent,[SERVER] - Outdated McAfee Agent,Software,unknown,unknown,,,,zenodo_it_support_tickets
1642,ZENODO_TRAIN_00169,(2020011813239) Verizon Initial Notification,(2020011813239) Verizon Initial Notification,Support general,unknown,unknown,,,,zenodo_it_support_tickets
833,ZENODO_TRAIN_00170,[TICKET ID] - New Support Ticket received  - Instalação de software,[TICKET ID] - New Support Ticket received  - Instalação de software,Software,unknown,unknown,,,,zenodo_it_support_tickets
1916,ZENODO_TRAIN_00171,File Share Access - [TICKET ID] - [NAME] ([COMPANY]. [LOCATION]),File Share Access - [TICKET ID] - [NAME] ([COMPANY]. [LOCATION]),Fileservice,unknown,unknown,,,,zenodo_it_support_tickets
275,ZENODO_TRAIN_00172,Matrix update stalled,Matrix update stalled,Software,unknown,unknown,,,,zenodo_it_support_tickets
2092,ZENODO_TRAIN_00173,File Share Access - [TICKET ID] - [ADDRESS] ([COMPANY]A. [LOCATION]),File Share Access - [TICKET ID] - [ADDRESS] ([COMPANY]A. [LOCATION]),Fileservice,unknown,unknown,,,,zenodo_it_support_tickets
6293,ZENODO_TRAIN_00174,Kommandozeile basierte Ablegen von Daten aus dem Netzwerk in einem S3 bucket,Kommandozeile basierte Ablegen von Daten aus dem Netzwerk in einem S3 bucket,Software,unknown,unknown,,,,zenodo_it_support_tickets
9333,ZENODO_TRAIN_00175,Initiated by GIT: Missing connection to all securitytools on system [SERVER],Initiated by GIT: Missing connection to all securitytools on system [SERVER],Software,unknown,unknown,,,,zenodo_it_support_tickets
7579,ZENODO_TRAIN_00176,File Share Access - [TICKET ID] -[LOCATION]ServiceService Request: File Share Access     Grant access to file share for the following user:  [NAME] (Username: [USERNAME])  Access Type: (RO) Read only ,File Share Access - [TICKET ID] -[LOCATION]ServiceService Request: File Share Access     Grant access to file share for the following user:  [NAME] (Username: [USERNAME])  Access Type: (RO) Read only  File Share:  //[SERVER]/[COMPANY]/[COMPANY] Berichte/     Requestor: [NAME] (EXTERNAL. [LOCATION])  Comment:  Used for exchanging [SOFTWARE] Import files,Fileservice,unknown,unknown,,,,zenodo_it_support_tickets
2227,ZENODO_TRAIN_00177,File Share Access - [TICKET ID] - [NAME] ([COMPANY]. [LOCATION]),File Share Access - [TICKET ID] - [NAME] ([COMPANY]. [LOCATION]),Fileservice,unknown,unknown,,,,zenodo_it_support_tickets
2368,ZENODO_TRAIN_00178,Restore AD object [NAME],Restore AD object [NAME],Active Directory,unknown,unknown,,,,zenodo_it_support_tickets
1854,ZENODO_TRAIN_00179,File Share Access - [TICKET ID] - [NAME] ([COMPANY]. [LOCATION]),File Share Access - [TICKET ID] - [NAME] ([COMPANY]. [LOCATION]),Fileservice,unknown,unknown,,,,zenodo_it_support_tickets
2282,ZENODO_TRAIN_00180,File Share Access - [TICKET ID] - [NAME] ([COMPANY]A. [LOCATION]),File Share Access - [TICKET ID] - [NAME] ([COMPANY]A. [LOCATION]),Fileservice,unknown,unknown,,,,zenodo_it_support_tickets
3761,ZENODO_TRAIN_00181,Liberação de acesso a planilha,Liberação de acesso a planilha,Fileservice,unknown,unknown,,,,zenodo_it_support_tickets
1699,ZENODO_TRAIN_00182,File Share Access - [TICKET ID] - [NAME] ([COMPANY]),File Share Access - [TICKET ID] - [NAME] ([COMPANY]),Fileservice,unknown,unknown,,,,zenodo_it_support_tickets
1987,ZENODO_TRAIN_00183,File Share Access - [TICKET ID] - [NAME] ([COMPANY]),File Share Access - [TICKET ID] - [NAME] ([COMPANY]),Fileservice,unknown,unknown,,,,zenodo_it_support_tickets
2081,ZENODO_TRAIN_00184,Shared Mailbox Access - [AWS_ACCESS_KEY] - [EMAIL],Shared Mailbox Access - [AWS_ACCESS_KEY] - [EMAIL],Support general,unknown,unknown,,,,zenodo_it_support_tickets
1496,ZENODO_TRAIN_00185,File Share Access - [TICKET ID] [NAME] ([COMPANY]A. [LOCATION]),File Share Access - [TICKET ID] [NAME] ([COMPANY]A. [LOCATION]),Fileservice,unknown,unknown,,,,zenodo_it_support_tickets
1181,ZENODO_TRAIN_00186,[TICKET ID] - A Support Ticket was forwarded to you  - UPN/email ID change,[TICKET ID] - A Support Ticket was forwarded to you  - UPN/email ID change,Active Directory,unknown,unknown,,,,zenodo_it_support_tickets
2089,ZENODO_TRAIN_00187,File Share Access - [TICKET ID] - [NAME] ([COMPANY]A. [LOCATION]),File Share Access - [TICKET ID] - [NAME] ([COMPANY]A. [LOCATION]),Fileservice,unknown,unknown,,,,zenodo_it_support_tickets
8513,ZENODO_TRAIN_00188,Initiated by GIT: Missing connection to all securitytools on system [SERVER],Initiated by GIT: Missing connection to all securitytools on system [SERVER],Software,unknown,unknown,,,,zenodo_it_support_tickets
3947,ZENODO_TRAIN_00189,The user [USERNAME] need @[USERNAME] mailbox,The user [USERNAME] need @[USERNAME] mailbox,Support general,unknown,unknown,,,,zenodo_it_support_tickets
7022,ZENODO_TRAIN_00190,Remove File Share Access - [TICKET ID] - [USERNAME] ([COMPANY]. [LOCATION])Service Request: Remove File Share Access     Remove file share access for the following user:  [USERNAME] ([COMPANY]. [LOCAT,Remove File Share Access - [TICKET ID] - [USERNAME] ([COMPANY]. [LOCATION])Service Request: Remove File Share Access     Remove file share access for the following user:  [USERNAME] ([COMPANY]. [LOCATION]) (Username: [USERNAME])  File Share:       Requestor: [USERNAME] ([COMPANY]. [LOCATION])  Comment:  Hallo Zusammen. bitte den Zugriff auf Laufwerk J: Groups:  ZET-PW für mich entfernen lassen ! Danke und Gruß,Fileservice,unknown,unknown,,,,zenodo_it_support_tickets
13861,ZENODO_TRAIN_00191,The following system must be set to End Of Life in Nexthink:  [SERVER]  -Automated ticket creation-The following system must be set to End Of Life in Nexthink:  [SERVER],The following system must be set to End Of Life in Nexthink:  [SERVER]  -Automated ticket creation-The following system must be set to End Of Life in Nexthink:  [SERVER],EOL,unknown,unknown,,,,zenodo_it_support_tickets
1881,ZENODO_TRAIN_00192,Shared Mailbox Access - [ADDRESS] - [EMAIL],Shared Mailbox Access - [ADDRESS] - [EMAIL],Support general,unknown,unknown,,,,zenodo_it_support_tickets
11551,ZENODO_TRAIN_00193,Externen Kontakt im AD anlegen,Externen Kontakt im AD anlegen,Active Directory,unknown,unknown,,,,zenodo_it_support_tickets
1958,ZENODO_TRAIN_00194,Create Shared Mailbox - [EMAIL] -[LOCATION]HR,Create Shared Mailbox - [EMAIL] -[LOCATION]HR,Support general,unknown,unknown,,,,zenodo_it_support_tickets
862,ZENODO_TRAIN_00195,[TICKET ID] - New Support Ticket received  - Wifi Request,[TICKET ID] - New Support Ticket received  - Wifi Request,Support general,unknown,unknown,,,,zenodo_it_support_tickets
1151,ZENODO_TRAIN_00196,[TICKET ID] - New Support Ticket received  - Need installation of a new mobile phone- blackberry. Okta. mobile pass,[TICKET ID] - New Support Ticket received  - Need installation of a new mobile phone- blackberry. Okta. mobile pass,Software,unknown,unknown,,,,zenodo_it_support_tickets
1563,ZENODO_TRAIN_00197,Shared Mailbox Access - [ADDRESS] - [EMAIL],Shared Mailbox Access - [ADDRESS] - [EMAIL],Support general,unknown,unknown,,,,zenodo_it_support_tickets
1553,ZENODO_TRAIN_00198,File Share Access - [TICKET ID] - [NAME] ([COMPANY]A. [LOCATION]),File Share Access - [TICKET ID] - [NAME] ([COMPANY]A. [LOCATION]),Fileservice,unknown,unknown,,,,zenodo_it_support_tickets
1368,ZENODO_TRAIN_00199,[TICKET ID] - New Support Ticket received  - Skype Not Working,[TICKET ID] - New Support Ticket received  - Skype Not Working,O365,unknown,unknown,,,,zenodo_it_support_tickets
1559,ZENODO_TRAIN_00200,File Share Access - [TICKET ID] - [NAME] ([COMPANY]A. [LOCATION]),File Share Access - [TICKET ID] - [NAME] ([COMPANY]A. [LOCATION]),Fileservice,unknown,unknown,,,,zenodo_it_support_tickets
11304,ZENODO_TRAIN_00201,Light User for external - [TICKET ID] - [NAME]Service Request: Light User for external  Create Light user for [USERNAME]     Firstname: [NAME]  Lastname: [NAME]ailaddress: [EMAIL]   Phone: [PHONE]   C,Light User for external - [TICKET ID] - [NAME]Service Request: Light User for external  Create Light user for [USERNAME]     Firstname: [NAME]  Lastname: [NAME]ailaddress: [EMAIL]   Phone: [PHONE]   Cost Center: 47046  Function: Development Lead & Integration Manager for[LOCATION] Company: [COMPANY][LOCATION] Department: GIT-[ADDRESS]  [ADDRESS]  ZIP: [ADDRESS]  City: [ADDRESS]  Country: [ADDRESS]  Location:[LOCATION] Office:   Expiration date: Not defined     Important: Please indicate in EA14 that it is an external user.     Requestor: [NAME] ([COMPANY]. [LOCATION])     Desired date: Jan  9 2019 12:00AM     Additional information:,Support general,unknown,unknown,,,,zenodo_it_support_tickets
1710,ZENODO_TRAIN_00202,Delete Shared Mailbox - [TICKET ID] - [EMAIL] ([COMPANY]-[PASSWORD]. [LOCATION]),Delete Shared Mailbox - [TICKET ID] - [EMAIL] ([COMPANY]-[PASSWORD]. [LOCATION]),Support general,unknown,unknown,,,,zenodo_it_support_tickets
1895,ZENODO_TRAIN_00203,File Share Access - [TICKET ID] - [NAME] ([COMPANY]. [LOCATION]),File Share Access - [TICKET ID] - [NAME] ([COMPANY]. [LOCATION]),Fileservice,unknown,unknown,,,,zenodo_it_support_tickets
1840,ZENODO_TRAIN_00204,Remove File Share Access - [TICKET ID] - [NAME] ([COMPANY]A. [LOCATION]),Remove File Share Access - [TICKET ID] - [NAME] ([COMPANY]A. [LOCATION]),Fileservice,unknown,unknown,,,,zenodo_it_support_tickets
47,ZENODO_TRAIN_00205,Printer at my desk is hesitating when printing,Printer at my desk is hesitating when printing,Computer-Services,unknown,unknown,,,,zenodo_it_support_tickets
2074,ZENODO_TRAIN_00206,File Share Access - [TICKET ID] - [ADDRESS][COMPANY]. [LOCATION]),File Share Access - [TICKET ID] - [ADDRESS][COMPANY]. [LOCATION]),Fileservice,unknown,unknown,,,,zenodo_it_support_tickets
1541,ZENODO_TRAIN_00207,Acceso carpeta Produccion en Z,Acceso carpeta Produccion en Z,Fileservice,unknown,unknown,,,,zenodo_it_support_tickets
2429,ZENODO_TRAIN_00208,Edit Rechte auf AD Gruppe: [SERVER]_Publishing Bitte[LOCATION]Rechte für die User-Pflege auf die folgende AD-Gruppe erteilen:  [SERVER]_Publishing,Edit Rechte auf AD Gruppe: [SERVER]_Publishing Bitte[LOCATION]Rechte für die User-Pflege auf die folgende AD-Gruppe erteilen:  [SERVER]_Publishing,Active Directory,unknown,unknown,,,,zenodo_it_support_tickets
4462,ZENODO_TRAIN_00209,File Share Access - [TICKET ID] - [USERNAME]. Dirk ([COMPANY]. [LOCATION])Service Request: File Share Access     Grant access to file share for the following user:  [USERNAME] ([COMPANY]. [LOCATION]) ,File Share Access - [TICKET ID] - [USERNAME]. Dirk ([COMPANY]. [LOCATION])Service Request: File Share Access     Grant access to file share for the following user:  [USERNAME] ([COMPANY]. [LOCATION]) (Username: [USERNAME])  Access Type: (RW) Read / Write  File Share:  J:/MBCALC     Requestor: [NAME] ([COMPANY]. [LOCATION])  Comment:,Fileservice,unknown,unknown,,,,zenodo_it_support_tickets
1897,ZENODO_TRAIN_00210,Shared Mailbox Access - [TICKET ID] - [EMAIL],Shared Mailbox Access - [TICKET ID] - [EMAIL],Support general,unknown,unknown,,,,zenodo_it_support_tickets
2135,ZENODO_TRAIN_00211,File Share Access - [TICKET ID] - [NAME] ([COMPANY]. [LOCATION]),File Share Access - [TICKET ID] - [NAME] ([COMPANY]. [LOCATION]),Fileservice,unknown,unknown,,,,zenodo_it_support_tickets
3292,ZENODO_TRAIN_00212,ACESSO EMAIL URGENTE,ACESSO EMAIL URGENTE,Support general,unknown,unknown,,,,zenodo_it_support_tickets
7186,ZENODO_TRAIN_00213,File Share Access - [TICKET ID] - [NAME] ([COMPANY]. [LOCATION])Service Request: File Share Access     Grant access to file share for the following user:  [NAME] ([COMPANY]. [LOCATION]) (Username: )  ,File Share Access - [TICKET ID] - [NAME] ([COMPANY]. [LOCATION])Service Request: File Share Access     Grant access to file share for the following user:  [NAME] ([COMPANY]. [LOCATION]) (Username: )  Access Type: (RW) Read / Write  File Share:  [URL]     Requestor: [NAME] ([COMPANY]. [LOCATION])  Comment:  MA Turetzek Hard- and Software Lieferung ins Erdgeschoss der Villa.   Unsere temporäre Kollegin Birgit Turetzek benötigt vom 01.02. bis 30.04.2019 ein Notebook Leihgerät.[LOCATION]User fürs P01 incl. Logistikberechtigungen. Microsoft Anwendungen wie Outlook. Excel. Word und Zugriff auf das Laufwerk [URL]  Vielen Dank,Fileservice,unknown,unknown,,,,zenodo_it_support_tickets
1427,ZENODO_TRAIN_00214,SR290606 Leaving employee: The user [NAME] ([COMPANY]; [LOCATION]) is going to leave [COMPANY] on 02;01;2018,SR290606 Leaving employee: The user [NAME] ([COMPANY]; [LOCATION]) is going to leave [COMPANY] on 02;01;2018,Active Directory,unknown,unknown,,,,zenodo_it_support_tickets
2637,ZENODO_TRAIN_00215,Instalacao impressora EPSON L3150,Instalacao impressora EPSON L3150,Computer-Services,unknown,unknown,,,,zenodo_it_support_tickets
4764,ZENODO_TRAIN_00216,Check the mailbox,Check the mailbox,Support general,unknown,unknown,,,,zenodo_it_support_tickets
1709,ZENODO_TRAIN_00217,File Share Access - [TICKET ID] - [NAME] ([COMPANY]A. [LOCATION]),File Share Access - [TICKET ID] - [NAME] ([COMPANY]A. [LOCATION]),Fileservice,unknown,unknown,,,,zenodo_it_support_tickets
1133,ZENODO_TRAIN_00218,[TICKET ID] - New Support Ticket received  - problemas para imprimir pedidos,[TICKET ID] - New Support Ticket received  - problemas para imprimir pedidos,Computer-Services,unknown,unknown,,,,zenodo_it_support_tickets
1458,ZENODO_TRAIN_00219,check_mk SD Hostalarm: ([SERVER]) [COMPANY] LS Site2Site[LOCATION]- UP -> DOWN,check_mk SD Hostalarm: ([SERVER]) [COMPANY] LS Site2Site[LOCATION]- UP -> DOWN,Support general,unknown,unknown,,,,zenodo_it_support_tickets
2122,ZENODO_TRAIN_00220,File Share Access - [TICKET ID] - [NAME] ([COMPANY]-[PASSWORD]. [LOCATION]),File Share Access - [TICKET ID] - [NAME] ([COMPANY]-[PASSWORD]. [LOCATION]),Fileservice,unknown,unknown,,,,zenodo_it_support_tickets
1824,ZENODO_TRAIN_00221,Shared Mailbox Access - [AWS_ACCESS_KEY] - [EMAIL],Shared Mailbox Access - [AWS_ACCESS_KEY] - [EMAIL],Support general,unknown,unknown,,,,zenodo_it_support_tickets
2273,ZENODO_TRAIN_00222,File Share Access - [TICKET ID] - [NAME]. [NAME] ([COMPANY])Service Request: File Share Access     Grant access to file share for the following user:  [NAME]. [NAME] ([COMPANY]) (Username: [USERNAME]),File Share Access - [TICKET ID] - [NAME]. [NAME] ([COMPANY])Service Request: File Share Access     Grant access to file share for the following user:  [NAME]. [NAME] ([COMPANY]) (Username: [USERNAME])  Access Type: (RW) Read / Write  File Share:    j:/MAZ-Guests/2018_Bernal/       [NAME]       Requestor: [NAME] ([COMPANY]. [LOCATION])  Comment:,Fileservice,unknown,unknown,,,,zenodo_it_support_tickets
8799,ZENODO_TRAIN_00223,File Share Access - [TICKET ID] - [NAME] ([COMPANY]. [LOCATION])Service Request: File Share Access     Grant access to file share for the following user:  [NAME] ([COMPANY]. [LOCATION]) (Username: [US,File Share Access - [TICKET ID] - [NAME] ([COMPANY]. [LOCATION])Service Request: File Share Access     Grant access to file share for the following user:  [NAME] ([COMPANY]. [LOCATION]) (Username: [USERNAME])  Access Type: (RW) Read / Write  File Share:    J:/MarkerDB       The user needs access to the Marker Database.   Thanks        Requestor: [NAME] ([COMPANY]. [LOCATION])  Comment:,Fileservice,unknown,unknown,,,,zenodo_it_support_tickets
2272,ZENODO_TRAIN_00224,Shared Mailbox Access - [TICKET ID] - [EMAIL],Shared Mailbox Access - [TICKET ID] - [EMAIL],Support general,unknown,unknown,,,,zenodo_it_support_tickets
1395,ZENODO_TRAIN_00225,[TICKET ID] - A Support Ticket was forwarded to your role  - Initiated by [COMPANY][LOCATION]- Vulnerable[LOCATION]on [SERVER],[TICKET ID] - A Support Ticket was forwarded to your role  - Initiated by [COMPANY][LOCATION]- Vulnerable[LOCATION]on [SERVER],Support general,unknown,unknown,,,,zenodo_it_support_tickets
1648,ZENODO_TRAIN_00226,File Share Access - [TICKET ID] - [NAME] ([COMPANY]. [LOCATION]),File Share Access - [TICKET ID] - [NAME] ([COMPANY]. [LOCATION]),Fileservice,unknown,unknown,,,,zenodo_it_support_tickets
9535,ZENODO_TRAIN_00227,OKTABom dia      Gostaria de excluir o okta do meu antigo celular para poder configurar e logar pelo celular novo.      Obrigado,OKTABom dia      Gostaria de excluir o okta do meu antigo celular para poder configurar e logar pelo celular novo.      Obrigado,Software,unknown,unknown,,,,zenodo_it_support_tickets
2275,ZENODO_TRAIN_00228,File Share Access - [TICKET ID] - [NAME] ([COMPANY]. [LOCATION]),File Share Access - [TICKET ID] - [NAME] ([COMPANY]. [LOCATION]),Fileservice,unknown,unknown,,,,zenodo_it_support_tickets
550,ZENODO_TRAIN_00229,[TICKET ID] - A Support Ticket was forwarded to your role  - Create[LOCATION]entry [COMPANY]up.ads.dir,[TICKET ID] - A Support Ticket was forwarded to your role  - Create[LOCATION]entry [COMPANY]up.ads.dir,Support general,unknown,unknown,,,,zenodo_it_support_tickets
7955,ZENODO_TRAIN_00230,ATA activity,ATA activity,Software,unknown,unknown,,,,zenodo_it_support_tickets
2579,ZENODO_TRAIN_00231,Unable to send mail to user,Unable to send mail to user,Support general,unknown,unknown,,,,zenodo_it_support_tickets
11536,ZENODO_TRAIN_00232,Basis User for external - [TICKET ID] - [NAME]Service Request: Basis User for external     Create Windows account for external user  [NAME]. [NAME]     Firstname: [NAME]  Lastname: [NAME]ailaddress: [,Basis User for external - [TICKET ID] - [NAME]Service Request: Basis User for external     Create Windows account for external user  [NAME]. [NAME]     Firstname: [NAME]  Lastname: [NAME]ailaddress: [EMAIL]  Phone: [PHONE]  Cost Center: 44288  Function: Receptionist  Company: [COMPANY]  Department: [ADDRESS] [ADDRESS].  ZIP: [ADDRESS]  City: [ADDRESS] - MG  Country: [ADDRESS]  Location:[LOCATION] Office:   Expiration date: Not defined     Important: Please indicate in EA14 that it is an external user.     Requestor: [NAME] ([COMPANY]. [LOCATION])     Desired date: Dec 18 2018  3:00AM     Additional information:  I already requested user for her before. but her informations was missing on HCM. Now. she have register on HCM. So. please proceed with her new user with exchange account and [COMPANY] will delete her old user. Thanks.,Support general,unknown,unknown,,,,zenodo_it_support_tickets
1745,ZENODO_TRAIN_00233,File Share Access - [TICKET ID] - [NAME] ([COMPANY]),File Share Access - [TICKET ID] - [NAME] ([COMPANY]),Fileservice,unknown,unknown,,,,zenodo_it_support_tickets
5424,ZENODO_TRAIN_00234,Basis User for external - [TICKET ID] - [NAME]Service Request: Basis User for external     Create Windows account for external user  [NAME]     Firstname: [NAME]  Lastname: [NAME]ailaddress: [EMAIL]  ,Basis User for external - [TICKET ID] - [NAME]Service Request: Basis User for external     Create Windows account for external user  [NAME]     Firstname: [NAME]  Lastname: [NAME]ailaddress: [EMAIL]   Phone: [PHONE]  Cost Center: 44281  Function: IT provider  Company: [COMPANY]  Department: [ADDRESS]  ZIP: [ADDRESS]  City: [ADDRESS]  Country:   Location:[LOCATION] Office:   Expiration date: Not defined     Important: Please indicate in EA14 that it is an external user.     Requestor: [NAME] ([COMPANY]. [LOCATION])     Desired date: Jan  4 2019 12:00AM     Additional information:  Please. could you create the adm user admwallis in[LOCATION]OU with the same rights as admpearce.,Support general,unknown,unknown,,,,zenodo_it_support_tickets
229,ZENODO_TRAIN_00235,Crear carpeta dentro de J: Administración R&D,Crear carpeta dentro de J: Administración R&D,Fileservice,unknown,unknown,,,,zenodo_it_support_tickets
216,ZENODO_TRAIN_00236,File Share Access - [TICKET ID] -[LOCATION]ServiceService Request: File Share Access     Grant access to file share for the following user: [LOCATION]Service (Username: mtx_service)  Access Type: (RW),File Share Access - [TICKET ID] -[LOCATION]ServiceService Request: File Share Access     Grant access to file share for the following user: [LOCATION]Service (Username: mtx_service)  Access Type: (RW) Read / Write  File Share:  //[SERVER]/[COMPANY]/COMPANY] Berichte/     Requestor: [NAME] (EXTERNAL. [LOCATION])  Comment:  last request was only ReadOnly. because of requierement changes. Write Access is now needed,Fileservice,unknown,unknown,,,,zenodo_it_support_tickets
634,ZENODO_TRAIN_00237,[TICKET ID] - A Support Ticket was forwarded to your role  - IDS-Event: Unsual amount of[LOCATION]errors (null queries),[TICKET ID] - A Support Ticket was forwarded to your role  - IDS-Event: Unsual amount of[LOCATION]errors (null queries),Support general,unknown,unknown,,,,zenodo_it_support_tickets
1239,ZENODO_TRAIN_00238,[TICKET ID] - Reminder of paused Support Ticket  - File Share Access - [TICKET ID] - [NAME] (AMA. [LOCATION]),[TICKET ID] - Reminder of paused Support Ticket  - File Share Access - [TICKET ID] - [NAME] (AMA. [LOCATION]),Fileservice,unknown,unknown,,,,zenodo_it_support_tickets
1839,ZENODO_TRAIN_00239,Create Shared Mailbox - [EMAIL] - Finanzbuchhaltung agromais,Create Shared Mailbox - [EMAIL] - Finanzbuchhaltung agromais,Support general,unknown,unknown,,,,zenodo_it_support_tickets
756,ZENODO_TRAIN_00240,[TICKET ID] - A Support Ticket was forwarded to your role  - Basis User - [USERNAME] - [NAME] ([COMPANY]. [LOCATION]),[TICKET ID] - A Support Ticket was forwarded to your role  - Basis User - [USERNAME] - [NAME] ([COMPANY]. [LOCATION]),Support general,unknown,unknown,,,,zenodo_it_support_tickets
1818,ZENODO_TRAIN_00241,File Share Access - [TICKET ID] - [NAME] ([COMPANY]A. [LOCATION]),File Share Access - [TICKET ID] - [NAME] ([COMPANY]A. [LOCATION]),Fileservice,unknown,unknown,,,,zenodo_it_support_tickets
797,ZENODO_TRAIN_00242,[TICKET ID] - A Support Ticket was forwarded to your role  - RE: Decision for Order required: #[TICKET ID] - Install request,[TICKET ID] - A Support Ticket was forwarded to your role  - RE: Decision for Order required: #[TICKET ID] - Install request,Software,unknown,unknown,,,,zenodo_it_support_tickets
2139,ZENODO_TRAIN_00243,Install Nessus Agent on [LOCATION]-DB01,Install Nessus Agent on [LOCATION]-DB01,Software,unknown,unknown,,,,zenodo_it_support_tickets
676,ZENODO_TRAIN_00244,[TICKET ID] - New information received on closed ticket  - File Share Access - [TICKET ID] - [NAME] ([COMPANY]. [LOCATION]),[TICKET ID] - New information received on closed ticket  - File Share Access - [TICKET ID] - [NAME] ([COMPANY]. [LOCATION]),Fileservice,unknown,unknown,,,,zenodo_it_support_tickets
6511,ZENODO_TRAIN_00245,File Share Access - [TICKET ID] - [NAME] ([COMPANY]. ESBA)Service Request: File Share Access     Grant access to file share for the following user:  [NAME] ([COMPANY]. ESBA) (Username: [USERNAME])  Ac,File Share Access - [TICKET ID] - [NAME] ([COMPANY]. ESBA)Service Request: File Share Access     Grant access to file share for the following user:  [NAME] ([COMPANY]. ESBA) (Username: [USERNAME])  Access Type: (RW) Read / Write  File Share:      Hello    I need [NAME] to have the same acces than [NAME] had.    Specially this folder: //[SERVER].[COMPANY]up.ads.dir/RH        Thank you    Cheers    [NAME]               Normal   0         21         false   false   false      ES   X-NONE   X-NONE                                                                                                                                                                                                                                                                                                                                                                                                                                                                                                                                                                                                                                                                                                                                                                                                                                                                                                                                                                                                                                                                                                                                                                                                                                                                    Requestor: [NAME] ([COMPANY]. ESBA)  Comment:,Fileservice,unknown,unknown,,,,zenodo_it_support_tickets
2075,ZENODO_TRAIN_00246,File Share Access - [TICKET ID] - [NAME] ([COMPANY]. [LOCATION]),File Share Access - [TICKET ID] - [NAME] ([COMPANY]. [LOCATION]),Fileservice,unknown,unknown,,,,zenodo_it_support_tickets
2124,ZENODO_TRAIN_00247,Delete Shared Mailbox - [EMAIL] - [EMAIL]. [LOCATION]),Delete Shared Mailbox - [EMAIL] - [EMAIL]. [LOCATION]),Support general,unknown,unknown,,,,zenodo_it_support_tickets
13719,ZENODO_TRAIN_00248,Change Erstellung - Freigabe für Emailverteiler Standort Deutschland,Change Erstellung - Freigabe für Emailverteiler Standort Deutschland,Support general,unknown,unknown,,,,zenodo_it_support_tickets
8621,ZENODO_TRAIN_00249,Keine Zugriffsrechte mehr auf eigene SharePoint Datenbank,Keine Zugriffsrechte mehr auf eigene SharePoint Datenbank,Support general,unknown,unknown,,,,zenodo_it_support_tickets
1807,ZENODO_TRAIN_00250,Shared Mailbox Access - [AWS_ACCESS_KEY] - [EMAIL],Shared Mailbox Access - [AWS_ACCESS_KEY] - [EMAIL],Support general,unknown,unknown,,,,zenodo_it_support_tickets
1683,ZENODO_TRAIN_00251,External vendors have e3 license again (previously removed on [DRIVER_ID]),External vendors have e3 license again (previously removed on [DRIVER_ID]),O365,unknown,unknown,,,,zenodo_it_support_tickets
925,ZENODO_TRAIN_00252,[TICKET ID] - New Support Ticket received  - Top Ronda 3 Software Config.,[TICKET ID] - New Support Ticket received  - Top Ronda 3 Software Config.,Software,unknown,unknown,,,,zenodo_it_support_tickets
1480,ZENODO_TRAIN_00253,File Share Access - [TICKET ID] - [NAME] ([COMPANY]. [LOCATION]),File Share Access - [TICKET ID] - [NAME] ([COMPANY]. [LOCATION]),Fileservice,unknown,unknown,,,,zenodo_it_support_tickets
1375,ZENODO_TRAIN_00254,[TICKET ID] - New Support Ticket received  - activacion blackberry work,[TICKET ID] - New Support Ticket received  - activacion blackberry work,Support general,unknown,unknown,,,,zenodo_it_support_tickets
1982,ZENODO_TRAIN_00255,File Share Access - [TICKET ID] - [NAME] ([COMPANY]A. [LOCATION]),File Share Access - [TICKET ID] - [NAME] ([COMPANY]A. [LOCATION]),Fileservice,unknown,unknown,,,,zenodo_it_support_tickets
3008,ZENODO_TRAIN_00256,The following system must be set to End Of Life in Nexthink and checked for[LOCATION]reservations:  [SERVER]  -Automated ticket creation-Please remove the system from Nexthink according to the[LOCATIO,The following system must be set to End Of Life in Nexthink and checked for[LOCATION]reservations:  [SERVER]  -Automated ticket creation-Please remove the system from Nexthink according to the[LOCATION]process and please verify if any[LOCATION]reservations exist. If yes. please remove reservations and note down the corresponding IP(s) and inform [COMPANY] network team to remove firewall rules if there are any.,EOL,unknown,unknown,,,,zenodo_it_support_tickets
678,ZENODO_TRAIN_00257,[TICKET ID] - New Support Ticket received  - Block email from [NAME] Enright,[TICKET ID] - New Support Ticket received  - Block email from [NAME] Enright,O365,unknown,unknown,,,,zenodo_it_support_tickets
2647,ZENODO_TRAIN_00258,Basis User - [USERNAME] -Service Request: Basis User     Create Windows account for internal user       Firstname:  [NAME]  Lastname:  [NAME]  Cost Center:  44288  Company:    Department:  [LOCATION] ,Basis User - [USERNAME] -Service Request: Basis User     Create Windows account for internal user       Firstname:  [NAME]  Lastname:  [NAME]  Cost Center:  44288  Company:    Department:  [LOCATION]  Street:    ZIP:    City:    Country:  [ADDRESS]  Office:       Important: Please set the EA10 to the following value: 13717 (leave blank. when empty)  Please create Exchange and Skype account.  The user needs at least the following access permissions:  Access to [SOFTWARE] ([SERVER])  Requestor:  [NAME] ([COMPANY]. [LOCATION])     Desired date:  Jan 15 2019  3:00AM     Additional information:,Support general,unknown,unknown,,,,zenodo_it_support_tickets
9474,ZENODO_TRAIN_00259,instalacao do Power BI,instalacao do Power BI,O365,unknown,unknown,,,,zenodo_it_support_tickets
9887,ZENODO_TRAIN_00260,File Share Access - [TICKET ID] -Service Request: File Share Access     Grant access to file share for the following user:   (Username: [USERNAME])  Access Type: (RW) Read / Write  File Share:    J:/[,File Share Access - [TICKET ID] -Service Request: File Share Access     Grant access to file share for the following user:   (Username: [USERNAME])  Access Type: (RW) Read / Write  File Share:    J:/[COMPANY]   J:/ALS coordination   J:/Scan   Zugriff auf Drucker [SERVER]   Zugriff Intranet           Requestor: [NAME]e ([COMPANY]. [LOCATION])  Comment:  Büro[LOCATION]1.91 Arbeitsplatz an Schrankseite (zZt. [NAME]) für Herrn Lotze vorbereiten. Frau Wießner zieht dann an den Tisch quer um. Bitte Equipment aus vorhandenen 2 Bildschirmen von [NAME] auf Herrn Lotze umbuchen. Dockingstation bereits vorhanden. Bitte Info über PC-Nr. damit ich noch Zusatzsoftware bestellen kann.,Fileservice,unknown,unknown,,,,zenodo_it_support_tickets
1672,ZENODO_TRAIN_00261,Shared Mailbox Access - [AWS_ACCESS_KEY] - [EMAIL],Shared Mailbox Access - [AWS_ACCESS_KEY] - [EMAIL],Support general,unknown,unknown,,,,zenodo_it_support_tickets
937,ZENODO_TRAIN_00262,[TICKET ID] - New Support Ticket received  - Mobile connection,[TICKET ID] - New Support Ticket received  - Mobile connection,Support general,unknown,unknown,,,,zenodo_it_support_tickets
3559,ZENODO_TRAIN_00263,INSTALAR ATUALIZAÇÃO SICALCBoa Tarde :)        Por favor. poderiam colocar a senha para a instalação do Sicalc?         Obrigada!          Att..,INSTALAR ATUALIZAÇÃO SICALCBoa Tarde :)        Por favor. poderiam colocar a senha para a instalação do Sicalc?         Obrigada!          Att..,Software,unknown,unknown,,,,zenodo_it_support_tickets
1802,ZENODO_TRAIN_00264,File Share Access - [TICKET ID] - [NAME] ([COMPANY]. [LOCATION]),File Share Access - [TICKET ID] - [NAME] ([COMPANY]. [LOCATION]),Fileservice,unknown,unknown,,,,zenodo_it_support_tickets
1913,ZENODO_TRAIN_00265,File Share Access - [TICKET ID] - [NAME] ([COMPANY]A. [LOCATION]),File Share Access - [TICKET ID] - [NAME] ([COMPANY]A. [LOCATION]),Fileservice,unknown,unknown,,,,zenodo_it_support_tickets
1966,ZENODO_TRAIN_00266,Create Shared Mailbox - [EMAIL] - [USERNAME],Create Shared Mailbox - [EMAIL] - [USERNAME],Support general,unknown,unknown,,,,zenodo_it_support_tickets
8010,ZENODO_TRAIN_00267,Problema com Proxy ao conectar via VPN,Problema com Proxy ao conectar via VPN,Support general,unknown,unknown,,,,zenodo_it_support_tickets
10968,ZENODO_TRAIN_00268,In UK wird Browserversion von E-Mails Salesforce intern geblockt,In UK wird Browserversion von E-Mails Salesforce intern geblockt,Support general,unknown,unknown,,,,zenodo_it_support_tickets
1130,ZENODO_TRAIN_00269,[TICKET ID] - New Support Ticket received  - Criação de nova pasta,[TICKET ID] - New Support Ticket received  - Criação de nova pasta,Fileservice,unknown,unknown,,,,zenodo_it_support_tickets
1857,ZENODO_TRAIN_00270,File Share Access - [TICKET ID] - [NAME] ([COMPANY]. [LOCATION]),File Share Access - [TICKET ID] - [NAME] ([COMPANY]. [LOCATION]),Fileservice,unknown,unknown,,,,zenodo_it_support_tickets
1618,ZENODO_TRAIN_00271,Remove File Share Access - [TICKET ID] - [NAME] ([COMPANY]. [LOCATION]),Remove File Share Access - [TICKET ID] - [NAME] ([COMPANY]. [LOCATION]),Fileservice,unknown,unknown,,,,zenodo_it_support_tickets
6749,ZENODO_TRAIN_00272,Initiated by GIT: Missing connection to all securitytools on system [SERVER],Initiated by GIT: Missing connection to all securitytools on system [SERVER],Software,unknown,unknown,,,,zenodo_it_support_tickets
1825,ZENODO_TRAIN_00273,File Share Access - [TICKET ID] - [NAME] ([COMPANY]A. [LOCATION]),File Share Access - [TICKET ID] - [NAME] ([COMPANY]A. [LOCATION]),Fileservice,unknown,unknown,,,,zenodo_it_support_tickets
9475,ZENODO_TRAIN_00274,Unable to use Outlook on hotel wifi,Unable to use Outlook on hotel wifi,Support general,unknown,unknown,,,,zenodo_it_support_tickets
732,ZENODO_TRAIN_00275,[TICKET ID] - New Support Ticket received  - Basis User - [USERNAME] - [NAME] ([COMPANY]. [LOCATION]),[TICKET ID] - New Support Ticket received  - Basis User - [USERNAME] - [NAME] ([COMPANY]. [LOCATION]),Support general,unknown,unknown,,,,zenodo_it_support_tickets
2191,ZENODO_TRAIN_00276,File Share Access - [TICKET ID] - [NAME] ([COMPANY]A. [LOCATION]),File Share Access - [TICKET ID] - [NAME] ([COMPANY]A. [LOCATION]),Fileservice,unknown,unknown,,,,zenodo_it_support_tickets
1775,ZENODO_TRAIN_00277,Shared Mailbox Access - [AWS_ACCESS_KEY] - [EMAIL],Shared Mailbox Access - [AWS_ACCESS_KEY] - [EMAIL],Support general,unknown,unknown,,,,zenodo_it_support_tickets
8423,ZENODO_TRAIN_00278,DNS issue in [LOCATION]Hello        We have migrated [SERVER] (file server in Hungary/Gyor) to Windows Server 2016 and to a new hypervisor.        We kept the same settings / configurations / etc.    ,DNS issue in [LOCATION]Hello        We have migrated [SERVER] (file server in Hungary/Gyor) to Windows Server 2016 and to a new hypervisor.        We kept the same settings / configurations / etc.        Problem is that initial installation the ip the server got via[LOCATION]was [IP_ADDRESS] but after reconfiguration we had to switch to Static IP [IP_ADDRESS]. Now the server is unreachable via ping (but you can ping and remote connect to it using its IP address).        Can you please check the[LOCATION]records so that the current Static IP address is [IP_ADDRESS] instead of the old[LOCATION]address ?        Thank you !,Support general,unknown,unknown,,,,zenodo_it_support_tickets
1037,ZENODO_TRAIN_00279,[TICKET ID] - New Support Ticket received  - Alteração de email[LOCATION],[TICKET ID] - New Support Ticket received  - Alteração de email[LOCATION],O365,unknown,unknown,,,,zenodo_it_support_tickets
1509,ZENODO_TRAIN_00280,Shared Mailbox Access - [AWS_ACCESS_KEY] - [EMAIL],Shared Mailbox Access - [AWS_ACCESS_KEY] - [EMAIL],Support general,unknown,unknown,,,,zenodo_it_support_tickets
1502,ZENODO_TRAIN_00281,Shared Mailbox Access - [AWS_ACCESS_KEY] - [EMAIL],Shared Mailbox Access - [AWS_ACCESS_KEY] - [EMAIL],Support general,unknown,unknown,,,,zenodo_it_support_tickets
8347,ZENODO_TRAIN_00282,Project online does not work,Project online does not work,O365,unknown,unknown,,,,zenodo_it_support_tickets
1731,ZENODO_TRAIN_00283,Shared Mailbox Access - [ADDRESS] - [EMAIL],Shared Mailbox Access - [ADDRESS] - [EMAIL],Support general,unknown,unknown,,,,zenodo_it_support_tickets
881,ZENODO_TRAIN_00284,[TICKET ID] - A Support Ticket was forwarded to your role  - Bitlocker Unlock FAILED,[TICKET ID] - A Support Ticket was forwarded to your role  - Bitlocker Unlock FAILED,Software,unknown,unknown,,,,zenodo_it_support_tickets
2113,ZENODO_TRAIN_00285,File Share Access - [TICKET ID] - [NAME] ([COMPANY]-[PASSWORD]. [LOCATION]),File Share Access - [TICKET ID] - [NAME] ([COMPANY]-[PASSWORD]. [LOCATION]),Fileservice,unknown,unknown,,,,zenodo_it_support_tickets
1708,ZENODO_TRAIN_00286,cou;d not open files from corp disck G (UA directory),cou;d not open files from corp disck G (UA directory),Fileservice,unknown,unknown,,,,zenodo_it_support_tickets
1019,ZENODO_TRAIN_00287,[TICKET ID] - New Support Ticket received  -[LOCATION]Site - Cant access,[TICKET ID] - New Support Ticket received  -[LOCATION]Site - Cant access,Support general,unknown,unknown,,,,zenodo_it_support_tickets
10178,ZENODO_TRAIN_00288,Intranet Profile Update Page,Intranet Profile Update Page,Active Directory,unknown,unknown,,,,zenodo_it_support_tickets
1746,ZENODO_TRAIN_00289,File Share Access - [TICKET ID] - [NAME] (KWA. [LOCATION]),File Share Access - [TICKET ID] - [NAME] (KWA. [LOCATION]),Fileservice,unknown,unknown,,,,zenodo_it_support_tickets
4392,ZENODO_TRAIN_00290,NÃO CONSIGO ACESSO[LOCATION]COMP DE PAGAMENTOS,NÃO CONSIGO ACESSO[LOCATION]COMP DE PAGAMENTOS,Fileservice,unknown,unknown,,,,zenodo_it_support_tickets
11156,ZENODO_TRAIN_00291,Basis User - [USERNAME] - [USERNAME]. [NAME] ([COMPANY]. [LOCATION])Service Request: Basis User     Create Windows account for internal user  [USERNAME] ([COMPANY]. [LOCATION])     Firstname:  [NAME] ,Basis User - [USERNAME] - [USERNAME]. [NAME] ([COMPANY]. [LOCATION])Service Request: Basis User     Create Windows account for internal user  [USERNAME] ([COMPANY]. [LOCATION])     Firstname:  [NAME]  Lastname:  [NAME]  Cost Center:  44262  Company:  [COMPANY] Sp. z o.o.  Department:  KW-[ADDRESS]  ZIP:  [ADDRESS]  City:  [ADDRESS]  Country:    Office:  [LOCATION]. *not selected*     Important: Please set the EA10 to the following value: 9851 (leave blank. when empty)  Please create Exchange and Skype account.  The user needs at least the following access permissions:  Access to [SOFTWARE] ([SERVER])  Requestor:  [NAME] ([COMPANY]. [LOCATION])     Desired date:  Jan  2 2019 12:00AM     Additional information:,Support general,unknown,unknown,,,,zenodo_it_support_tickets
5275,ZENODO_TRAIN_00292,Light User for external - [TICKET ID] - [NAME]. FabianService Request: Light User for external  Create Light user for [NAME]. Fabian     Firstname: Fabian  Lastname: [NAME]ailaddress: [EMAIL]  Phone: ,Light User for external - [TICKET ID] - [NAME]. FabianService Request: Light User for external  Create Light user for [NAME]. Fabian     Firstname: Fabian  Lastname: [NAME]ailaddress: [EMAIL]  Phone: [PHONE]  Cost [PHONE]: 47046  Function: Procurement[LOCATION] Company: [COMPANY] Consulting GmbH  Department: GIT-EST  [ADDRESS]  ZIP: [ADDRESS]  City: [ADDRESS]  Country: [ADDRESS]  Location:[LOCATION] Office:   Expiration date: Jan 24 2020 12:00AM     Important: Please indicate in EA14 that it is an external user.     Requestor: [NAME] ([COMPANY]. [LOCATION])     Desired date: Jan 24 2019 12:00AM     Additional information:,Support general,unknown,unknown,,,,zenodo_it_support_tickets
4057,ZENODO_TRAIN_00293,Incorrect[LOCATION]EntryPlease correct the[LOCATION]entry for [IP] in [LOCATION]. It should reflect the correct name of [SERVER]. It does not currently. Please fix this. I do not have access.,Incorrect[LOCATION]EntryPlease correct the[LOCATION]entry for [IP] in [LOCATION]. It should reflect the correct name of [SERVER]. It does not currently. Please fix this. I do not have access.,Support general,unknown,unknown,,,,zenodo_it_support_tickets
844,ZENODO_TRAIN_00294,[TICKET ID] - A Support Ticket was forwarded to you  - Incorporating shared calendars into black Barry work does not work,[TICKET ID] - A Support Ticket was forwarded to you  - Incorporating shared calendars into black Barry work does not work,Support general,unknown,unknown,,,,zenodo_it_support_tickets
644,ZENODO_TRAIN_00295,[TICKET ID] - New Support Ticket received  - Basis User for external - [TICKET ID] - [NAME],[TICKET ID] - New Support Ticket received  - Basis User for external - [TICKET ID] - [NAME],Support general,unknown,unknown,,,,zenodo_it_support_tickets
255,ZENODO_TRAIN_00296,File Share Access - [TICKET ID] - [NAME] ([COMPANY]. [LOCATION])Service Request: File Share Access     Grant access to file share for the following user:  [NAME] ([COMPANY]. [LOCATION]) (Username: [US,File Share Access - [TICKET ID] - [NAME] ([COMPANY]. [LOCATION])Service Request: File Share Access     Grant access to file share for the following user:  [NAME] ([COMPANY]. [LOCATION]) (Username: [USERNAME])  Access Type: (RW) Read / Write  File Share:  J:/[COMPANY]/HR     Requestor: [NAME] ([COMPANY]. [LOCATION])  Comment:  Important: Access beginnig of January 07th 2019. [LOCATION]earlier.,Fileservice,unknown,unknown,,,,zenodo_it_support_tickets
943,ZENODO_TRAIN_00297,[TICKET ID] - New Support Ticket received  - Configuração de Certificado,[TICKET ID] - New Support Ticket received  - Configuração de Certificado,Software,unknown,unknown,,,,zenodo_it_support_tickets
2087,ZENODO_TRAIN_00298,Create Shared Mailbox - [EMAIL] - Verbindliche Bestellungen,Create Shared Mailbox - [EMAIL] - Verbindliche Bestellungen,Support general,unknown,unknown,,,,zenodo_it_support_tickets
2029,ZENODO_TRAIN_00299,File Share Access - [TICKET ID] - [NAME] ([COMPANY]A. [LOCATION]),File Share Access - [TICKET ID] - [NAME] ([COMPANY]A. [LOCATION]),Fileservice,unknown,unknown,,,,zenodo_it_support_tickets
1241,ZENODO_TRAIN_00300,[TICKET ID] - New Support Ticket received  -[LOCATION]USER - [USERNAME] [NAME] SILVA,[TICKET ID] - New Support Ticket received  -[LOCATION]USER - [USERNAME] [NAME] SILVA,Active Directory,unknown,unknown,,,,zenodo_it_support_tickets
1641,ZENODO_TRAIN_00301,File Share Access - [TICKET ID] - [NAME] ([COMPANY]A. [LOCATION]),File Share Access - [TICKET ID] - [NAME] ([COMPANY]A. [LOCATION]),Fileservice,unknown,unknown,,,,zenodo_it_support_tickets
11092,ZENODO_TRAIN_00302,Failure to connect to J: drive. U: drive. and X: drive,Failure to connect to J: drive. U: drive. and X: drive,Fileservice,unknown,unknown,,,,zenodo_it_support_tickets
1920,ZENODO_TRAIN_00303,File Share Access - [TICKET ID] - [NAME] ([COMPANY]A. [LOCATION]),File Share Access - [TICKET ID] - [NAME] ([COMPANY]A. [LOCATION]),Fileservice,unknown,unknown,,,,zenodo_it_support_tickets
303,ZENODO_TRAIN_00304,[TICKET ID] - A Support Ticket was forwarded to your role  - Anpassung das jeder Mitglied die Details der Kalendereinträge sehen kann,[TICKET ID] - A Support Ticket was forwarded to your role  - Anpassung das jeder Mitglied die Details der Kalendereinträge sehen kann,O365,unknown,unknown,,,,zenodo_it_support_tickets
1654,ZENODO_TRAIN_00305,File Share Access - [TICKET ID] - [NAME] ([COMPANY]A. [LOCATION]),File Share Access - [TICKET ID] - [NAME] ([COMPANY]A. [LOCATION]),Fileservice,unknown,unknown,,,,zenodo_it_support_tickets
1684,ZENODO_TRAIN_00306,File Share Access - [TICKET ID] - [NAME] ([COMPANY]A. [LOCATION]),File Share Access - [TICKET ID] - [NAME] ([COMPANY]A. [LOCATION]),Fileservice,unknown,unknown,,,,zenodo_it_support_tickets
1874,ZENODO_TRAIN_00307,File Share Access - [TICKET ID] - [NAME] ([COMPANY]A. [LOCATION]),File Share Access - [TICKET ID] - [NAME] ([COMPANY]A. [LOCATION]),Fileservice,unknown,unknown,,,,zenodo_it_support_tickets
2305,ZENODO_TRAIN_00308,File Share Access - [TICKET ID] - [NAME] ([COMPANY]A. [LOCATION]),File Share Access - [TICKET ID] - [NAME] ([COMPANY]A. [LOCATION]),Fileservice,unknown,unknown,,,,zenodo_it_support_tickets
4641,ZENODO_TRAIN_00309,remove [NAME] from  [EMAIL],remove [NAME] from  [EMAIL],Support general,unknown,unknown,,,,zenodo_it_support_tickets
1737,ZENODO_TRAIN_00310,File Share Access - [TICKET ID] - [NAME] ([COMPANY]A. [LOCATION]),File Share Access - [TICKET ID] - [NAME] ([COMPANY]A. [LOCATION]),Fileservice,unknown,unknown,,,,zenodo_it_support_tickets
1643,ZENODO_TRAIN_00311,File Share Access - [TICKET ID] - [NAME] ([COMPANY]. [LOCATION]),File Share Access - [TICKET ID] - [NAME] ([COMPANY]. [LOCATION]),Fileservice,unknown,unknown,,,,zenodo_it_support_tickets
1182,ZENODO_TRAIN_00312,[TICKET ID] - This Support Ticket was reopened  - UPN/email ID change,[TICKET ID] - This Support Ticket was reopened  - UPN/email ID change,Active Directory,unknown,unknown,,,,zenodo_it_support_tickets
2055,ZENODO_TRAIN_00313,File Share Access - [TICKET ID] - [NAME] ([COMPANY]A. [LOCATION]),File Share Access - [TICKET ID] - [NAME] ([COMPANY]A. [LOCATION]),Fileservice,unknown,unknown,,,,zenodo_it_support_tickets
734,ZENODO_TRAIN_00314,[TICKET ID] - New Support Ticket received  - Basis User - [USERNAME] - [NAME] ([COMPANY]. [LOCATION]),[TICKET ID] - New Support Ticket received  - Basis User - [USERNAME] - [NAME] ([COMPANY]. [LOCATION]),Support general,unknown,unknown,,,,zenodo_it_support_tickets
2130,ZENODO_TRAIN_00315,Delete Shared Mailbox - [EMAIL] - [EMAIL]. [LOCATION]),Delete Shared Mailbox - [EMAIL] - [EMAIL]. [LOCATION]),Support general,unknown,unknown,,,,zenodo_it_support_tickets
10966,ZENODO_TRAIN_00316,Basis User - [TICKET ID] - [NAME] ([COMPANY]. [LOCATION])Service Request: Basis User     Create Windows account for internal user  [NAME] ([COMPANY]. [LOCATION])     Firstname:  [NAME]  Lastname:  [NA,Basis User - [TICKET ID] - [NAME] ([COMPANY]. [LOCATION])Service Request: Basis User     Create Windows account for internal user  [NAME] ([COMPANY]. [LOCATION])     Firstname:  [NAME]  Lastname:  [NAME]  Cost Center:  174417  Company:  [COMPANY] Berlin GmbH  Department:  GFP-[ADDRESS]  ZIP:  [ADDRESS]  City:  [ADDRESS]  Country:  Germany  Office:       Important: Please set the EA10 to the following value: 13604 (leave blank. when empty)  Please create Exchange and Skype account.  The user needs at least the following access permissions:  (RW) H:/%username%  (RO) J:/Auftrag  (RW) J:/Info  (RW) J:/Transfer  (RO) J:/Vorlagen  Access to [COMPANY] intranet  Access to [SOFTWARE] ([SERVER])  Requestor:  [NAME] ([COMPANY]. [LOCATION])     Desired date:  Jan 15 2019 12:00AM     Additional information:   Liebes [COMPANY]-Team.   Laptop. Bildschirm. Tastatur .Telefon. Headset bitte aus Gerätepool Berlin. falls vorhanden  Tastatur und Laptop bitte deutsche Tastatur  danke,Support general,unknown,unknown,,,,zenodo_it_support_tickets
7051,ZENODO_TRAIN_00317,No access GTC_SLAR,No access GTC_SLAR,Fileservice,unknown,unknown,,,,zenodo_it_support_tickets
2267,ZENODO_TRAIN_00318,File Share Access - [TICKET ID] - [ADDRESS] ([COMPANY]A. [LOCATION]),File Share Access - [TICKET ID] - [ADDRESS] ([COMPANY]A. [LOCATION]),Fileservice,unknown,unknown,,,,zenodo_it_support_tickets
667,ZENODO_TRAIN_00319,[TICKET ID] - A Support Ticket was forwarded to your role  - MessageLabs not set for external emails,[TICKET ID] - A Support Ticket was forwarded to your role  - MessageLabs not set for external emails,O365,unknown,unknown,,,,zenodo_it_support_tickets
254,ZENODO_TRAIN_00320,[TICKET ID] - New Support Ticket received  - Basis User - [USERNAME] - [NAME] ([COMPANY]. [LOCATION]),[TICKET ID] - New Support Ticket received  - Basis User - [USERNAME] - [NAME] ([COMPANY]. [LOCATION]),Support general,unknown,unknown,,,,zenodo_it_support_tickets
1346,ZENODO_TRAIN_00321,[TICKET ID] - New Support Ticket received  - Skype for business - cannot sign in,[TICKET ID] - New Support Ticket received  - Skype for business - cannot sign in,O365,unknown,unknown,,,,zenodo_it_support_tickets
9016,ZENODO_TRAIN_00322,File Share Access - [TICKET ID] - [NAME] ([COMPANY]. [LOCATION])Service Request: File Share Access     Grant access to file share for the following user:  [NAME] ([COMPANY]. [LOCATION]) (Username: [US,File Share Access - [TICKET ID] - [NAME] ([COMPANY]. [LOCATION])Service Request: File Share Access     Grant access to file share for the following user:  [NAME] ([COMPANY]. [LOCATION]) (Username: [USERNAME])  Access Type: (RW) Read / Write  File Share:      J:/LOEHNE1J:/ZET-PW    J:/Containe    J:/PW-INSBB         Requestor: [NAME] ([COMPANY]. [LOCATION])  Comment:,Fileservice,unknown,unknown,,,,zenodo_it_support_tickets
775,ZENODO_TRAIN_00323,[TICKET ID] - New Support Ticket received  - Blackberry Container and Skype,[TICKET ID] - New Support Ticket received  - Blackberry Container and Skype,Support general,unknown,unknown,,,,zenodo_it_support_tickets
1937,ZENODO_TRAIN_00324,File Share Access - [TICKET ID] - [NAME] ([COMPANY]. [LOCATION]),File Share Access - [TICKET ID] - [NAME] ([COMPANY]. [LOCATION]),Fileservice,unknown,unknown,,,,zenodo_it_support_tickets
7160,ZENODO_TRAIN_00325,Team-Mailadresse/Kalender in Outlook einbinden[NAME] liebe [NAME].             wir haben für  unsere Teams-Site eine Team-Mailadresse/-Kalender erstellt ([EMAIL]).  Das funktioniert auch in Teams. der,Team-Mailadresse/Kalender in Outlook einbinden[NAME] liebe [NAME].             wir haben für  unsere Teams-Site eine Team-Mailadresse/-Kalender erstellt ([EMAIL]).  Das funktioniert auch in Teams. der Kalender ist dort eingebunden. Nun würden  wir den Kalender/die Inbox auch gern in Outlook einfügen. Im Gegensatz zu dem  Sharepoint-Sammelkalender habe ich es nicht hinbekommen den in Sharepoint zu  öffnen und via „Verbindung mit Outlook erstellen“ in Outlook einzubinden. Wenn  ich den Kalender im Browser öffne werde ich immer zu outlook.office.com  weitergeleitet wo ich den Kalender zwar sehe aber die Funktion zum Einbinden  steht nicht zur Verfügung.             Meine einzige  Idee nach viel Rumklicken ist die Mailadresse manuell in Outlook. wie ein  reguläres Postfach hinzuzufügen. Dafür fehlt mir aber das Passwort. Habt ihr dazu eine Idee?             Vielen Dank und  Viele Grüße             [NAME],O365,unknown,unknown,,,,zenodo_it_support_tickets
1561,ZENODO_TRAIN_00326,File Share Access - [TICKET ID] - [NAME] ([COMPANY]A. [LOCATION]),File Share Access - [TICKET ID] - [NAME] ([COMPANY]A. [LOCATION]),Fileservice,unknown,unknown,,,,zenodo_it_support_tickets
3007,ZENODO_TRAIN_00327,Missing connection to Updates on system [SERVER],Missing connection to Updates on system [SERVER],Software,unknown,unknown,,,,zenodo_it_support_tickets
803,ZENODO_TRAIN_00328,Shared Mailbox Access - [AWS_ACCESS_KEY] - [EMAIL],Shared Mailbox Access - [AWS_ACCESS_KEY] - [EMAIL],Support general,unknown,unknown,,,,zenodo_it_support_tickets
1260,ZENODO_TRAIN_00329,[TICKET ID] - New Support Ticket received  - Acesso,[TICKET ID] - New Support Ticket received  - Acesso,Active Directory,unknown,unknown,,,,zenodo_it_support_tickets
708,ZENODO_TRAIN_00330,[TICKET ID] - New Support Ticket received  - Basis User - [USERNAME] -,[TICKET ID] - New Support Ticket received  - Basis User - [USERNAME] -,Support general,unknown,unknown,,,,zenodo_it_support_tickets
3853,ZENODO_TRAIN_00331,Initiated by GIT: Missing connection to all securitytools on system [SERVER],Initiated by GIT: Missing connection to all securitytools on system [SERVER],Software,unknown,unknown,,,,zenodo_it_support_tickets
1679,ZENODO_TRAIN_00332,File Share Access - [TICKET ID] - [NAME] ([COMPANY]A. [LOCATION]),File Share Access - [TICKET ID] - [NAME] ([COMPANY]A. [LOCATION]),Fileservice,unknown,unknown,,,,zenodo_it_support_tickets
7482,ZENODO_TRAIN_00333,North America Portal availibility,North America Portal availibility,Support general,unknown,unknown,,,,zenodo_it_support_tickets
2720,ZENODO_TRAIN_00334,[COMPANY] Servicedesk Agents Zugriff auf[LOCATION]OU ermöglichen,[COMPANY] Servicedesk Agents Zugriff auf[LOCATION]OU ermöglichen,Fileservice,unknown,unknown,,,,zenodo_it_support_tickets
819,ZENODO_TRAIN_00335,[TICKET ID] - New Support Ticket received  - LENTIDÃO ABERTURA DE PROGRAMAS E PASTAS -[LOCATION]APARECIDO,[TICKET ID] - New Support Ticket received  - LENTIDÃO ABERTURA DE PROGRAMAS E PASTAS -[LOCATION]APARECIDO,Support general,unknown,unknown,,,,zenodo_it_support_tickets
1883,ZENODO_TRAIN_00336,Create Shared Mailbox - [EMAIL] - my[COMPANY],Create Shared Mailbox - [EMAIL] - my[COMPANY],Support general,unknown,unknown,,,,zenodo_it_support_tickets
3289,ZENODO_TRAIN_00337,Permission for Skype,Permission for Skype,O365,unknown,unknown,,,,zenodo_it_support_tickets
1244,ZENODO_TRAIN_00338,[TICKET ID] - New Support Ticket received  - Blackberry Work,[TICKET ID] - New Support Ticket received  - Blackberry Work,Support general,unknown,unknown,,,,zenodo_it_support_tickets
5332,ZENODO_TRAIN_00339,Atualização pacote office,Atualização pacote office,O365,unknown,unknown,,,,zenodo_it_support_tickets
6928,ZENODO_TRAIN_00340,File Share Access - [TICKET ID] - [NAME] ([COMPANY]. [LOCATION])Service Request: File Share Access     Grant access to file share for the following user:  [USERNAME]. [NAME] ([COMPANY]. [LOCATION]) (U,File Share Access - [TICKET ID] - [NAME] ([COMPANY]. [LOCATION])Service Request: File Share Access     Grant access to file share for the following user:  [USERNAME]. [NAME] ([COMPANY]. [LOCATION]) (Username: [USERNAME])  Access Type: (RW) Read / Write  File Share:  J:/Pflanzenphysiologie     Requestor: [NAME] ([COMPANY]. [LOCATION])  Comment:,Fileservice,unknown,unknown,,,,zenodo_it_support_tickets
1768,ZENODO_TRAIN_00341,Shared Mailbox Access - [AWS_ACCESS_KEY] - [EMAIL],Shared Mailbox Access - [AWS_ACCESS_KEY] - [EMAIL],Support general,unknown,unknown,,,,zenodo_it_support_tickets
14110,ZENODO_TRAIN_00342,Basis User - [TICKET ID] -Service Request: Basis User    Create Windows account for internal user     Firstname: [NAME]  Lastname: [NAME]  Cost Center: 44268  Company:   Department: [COMPANY]_MA  [ADD,Basis User - [TICKET ID] -Service Request: Basis User    Create Windows account for internal user     Firstname: [NAME]  Lastname: [NAME]  Cost Center: 44268  Company:   Department: [COMPANY]_MA  [ADDRESS]:   ZIP:   City:   Country:   Office:     Important: Please set the EA10 to the following value: 13721 (leave blank. when empty)    Please create Exchange and Skype account.    The user needs at least the following access permissions:  Access to [SOFTWARE] ([SERVER])    Requestor: [NAME] ([COMPANY]. [LOCATION])    Desired date: Jan 21 2019 12:00AM    Additional information:,Support general,unknown,unknown,,,,zenodo_it_support_tickets
10824,ZENODO_TRAIN_00343,Remove File Share Access - [TICKET ID] - [USERNAME]. [NAME] ([COMPANY]. [LOCATION])Service Request: Remove File Share Access     Remove file share access for the following user:  [USERNAME] ([COMPANY],Remove File Share Access - [TICKET ID] - [USERNAME]. [NAME] ([COMPANY]. [LOCATION])Service Request: Remove File Share Access     Remove file share access for the following user:  [USERNAME] ([COMPANY]. [LOCATION]) (Username: [USERNAME])  File Share:  J:/SB-BD     Requestor: [NAME] ([COMPANY]. [LOCATION])  Comment:,Fileservice,unknown,unknown,,,,zenodo_it_support_tickets
1875,ZENODO_TRAIN_00344,Der Anwender Kleinsorge. [NAME] hat keinen Zugriff auf das Intranet.,Der Anwender Kleinsorge. [NAME] hat keinen Zugriff auf das Intranet.,Fileservice,unknown,unknown,,,,zenodo_it_support_tickets
1314,ZENODO_TRAIN_00345,[TICKET ID] - New Support Ticket received  - New User - Caio Yuzzo [NAME],[TICKET ID] - New Support Ticket received  - New User - Caio Yuzzo [NAME],Active Directory,unknown,unknown,,,,zenodo_it_support_tickets
1834,ZENODO_TRAIN_00346,File Share Access - [TICKET ID] - [NAME] ([COMPANY]A. [LOCATION]),File Share Access - [TICKET ID] - [NAME] ([COMPANY]A. [LOCATION]),Fileservice,unknown,unknown,,,,zenodo_it_support_tickets
1187,ZENODO_TRAIN_00347,[TICKET ID] - A Support Ticket was forwarded to your role  - LH - [SERVER] OS Updates,[TICKET ID] - A Support Ticket was forwarded to your role  - LH - [SERVER] OS Updates,Support general,unknown,unknown,,,,zenodo_it_support_tickets
8277,ZENODO_TRAIN_00348,Light User for external - [TICKET ID] - [NAME] PaulaService Request: Light User for external  Create Light user for [USERNAME] [NAME] Paula     Firstname: [NAME]  Lastname: [NAME]ailaddress: [EMAIL]  ,Light User for external - [TICKET ID] - [NAME] PaulaService Request: Light User for external  Create Light user for [USERNAME] [NAME] Paula     Firstname: [NAME]  Lastname: [NAME]ailaddress: [EMAIL]  Phone: [PHONE]  Cost Center: 44288  Function: HR ASSISTANT  Company: SETRATA  Department: [COMPANY]_HR-[ADDRESS] [ADDRESS].  ZIP:[LOCATION][ADDRESS]  City: [ADDRESS]  Country: [ADDRESS]  Location:[LOCATION] Office:   Expiration date: Not defined     Important: Please indicate in EA14 that it is an external user.     Requestor: [NAME] ([COMPANY].[LOCATION][LOCATION])     Desired date: Jan 10 2019  3:00AM     Additional information:,Support general,unknown,unknown,,,,zenodo_it_support_tickets
668,ZENODO_TRAIN_00349,[TICKET ID] - New Support Ticket received  - Basis User - [USERNAME] -,[TICKET ID] - New Support Ticket received  - Basis User - [USERNAME] -,Support general,unknown,unknown,,,,zenodo_it_support_tickets
1959,ZENODO_TRAIN_00350,Shared Mailbox Access - [AWS_ACCESS_KEY] - [EMAIL],Shared Mailbox Access - [AWS_ACCESS_KEY] - [EMAIL],Support general,unknown,unknown,,,,zenodo_it_support_tickets
1255,ZENODO_TRAIN_00351,Delete Shared Mailbox - [EMAIL] - [EMAIL]. [LOCATION]),Delete Shared Mailbox - [EMAIL] - [EMAIL]. [LOCATION]),Support general,unknown,unknown,,,,zenodo_it_support_tickets
1700,ZENODO_TRAIN_00352,Shared Mailbox Access - [TICKET ID] - [EMAIL],Shared Mailbox Access - [TICKET ID] - [EMAIL],Support general,unknown,unknown,,,,zenodo_it_support_tickets
1567,ZENODO_TRAIN_00353,File Share Access - [TICKET ID] - [NAME] ([COMPANY]-[PASSWORD]. [LOCATION]),File Share Access - [TICKET ID] - [NAME] ([COMPANY]-[PASSWORD]. [LOCATION]),Fileservice,unknown,unknown,,,,zenodo_it_support_tickets
1549,ZENODO_TRAIN_00354,File Share Access - [TICKET ID] - [NAME] ([COMPANY]. [LOCATION])Service Request: File Share Access     Grant access to file share for the following user:  [NAME] ([COMPANY]. [LOCATION]) (Username: Due,File Share Access - [TICKET ID] - [NAME] ([COMPANY]. [LOCATION])Service Request: File Share Access     Grant access to file share for the following user:  [NAME] ([COMPANY]. [LOCATION]) (Username: Due)  Access Type: (RW) Read / Write  File Share:  j:/stundenbuecher     Requestor: [NAME] ([COMPANY]. [LOCATION])  Comment:,Fileservice,unknown,unknown,,,,zenodo_it_support_tickets
2160,ZENODO_TRAIN_00355,Shared Mailbox Access - [ADDRESS] - [EMAIL],Shared Mailbox Access - [ADDRESS] - [EMAIL],Support general,unknown,unknown,,,,zenodo_it_support_tickets
973,ZENODO_TRAIN_00356,[TICKET ID] - New Support Ticket received  - configuacion nuevo telefono,[TICKET ID] - New Support Ticket received  - configuacion nuevo telefono,Support general,unknown,unknown,,,,zenodo_it_support_tickets
689,ZENODO_TRAIN_00357,[TICKET ID] - New Support Ticket received  - File Share Access - [TICKET ID] - [ADDRESS] ([COMPANY]. [LOCATION]),[TICKET ID] - New Support Ticket received  - File Share Access - [TICKET ID] - [ADDRESS] ([COMPANY]. [LOCATION]),Fileservice,unknown,unknown,,,,zenodo_it_support_tickets
1833,ZENODO_TRAIN_00358,File Share Access - [TICKET ID] - [NAME] ([COMPANY]A. [LOCATION]),File Share Access - [TICKET ID] - [NAME] ([COMPANY]A. [LOCATION]),Fileservice,unknown,unknown,,,,zenodo_it_support_tickets
953,ZENODO_TRAIN_00359,[TICKET ID] - New Support Ticket received  - impressora,[TICKET ID] - New Support Ticket received  - impressora,Computer-Services,unknown,unknown,,,,zenodo_it_support_tickets
2048,ZENODO_TRAIN_00360,File Share Access - [TICKET ID] - [NAME] ([COMPANY]A. [LOCATION]),File Share Access - [TICKET ID] - [NAME] ([COMPANY]A. [LOCATION]),Fileservice,unknown,unknown,,,,zenodo_it_support_tickets
990,ZENODO_TRAIN_00361,[TICKET ID] - New Support Ticket received  - instalacion de onedrive,[TICKET ID] - New Support Ticket received  - instalacion de onedrive,O365,unknown,unknown,,,,zenodo_it_support_tickets
1626,ZENODO_TRAIN_00362,File Share Access - [TICKET ID] - [NAME] ([COMPANY]. [LOCATION]),File Share Access - [TICKET ID] - [NAME] ([COMPANY]. [LOCATION]),Fileservice,unknown,unknown,,,,zenodo_it_support_tickets
2126,ZENODO_TRAIN_00363,Delete Shared Mailbox - [EMAIL] - [EMAIL]. [LOCATION]),Delete Shared Mailbox - [EMAIL] - [EMAIL]. [LOCATION]),Support general,unknown,unknown,,,,zenodo_it_support_tickets
6718,ZENODO_TRAIN_00364,[SERVER] - Outdated McAfee Agent,[SERVER] - Outdated McAfee Agent,Software,unknown,unknown,,,,zenodo_it_support_tickets
2294,ZENODO_TRAIN_00365,File Share Access - [TICKET ID] - [NAME] ([COMPANY]. [LOCATION]),File Share Access - [TICKET ID] - [NAME] ([COMPANY]. [LOCATION]),Fileservice,unknown,unknown,,,,zenodo_it_support_tickets
10,ZENODO_TRAIN_00366,Initiated by [COMPANY][LOCATION]- Vulnerable .Net 4.5 Version on SS-E03F49869B22,Initiated by [COMPANY][LOCATION]- Vulnerable .Net 4.5 Version on SS-E03F49869B22,Software,unknown,unknown,,,,zenodo_it_support_tickets
1729,ZENODO_TRAIN_00367,Shared Mailbox Access - [AWS_ACCESS_KEY] - [EMAIL],Shared Mailbox Access - [AWS_ACCESS_KEY] - [EMAIL],Support general,unknown,unknown,,,,zenodo_it_support_tickets
1908,ZENODO_TRAIN_00368,File Share Access - [TICKET ID] - [NAME] ([COMPANY]A. [LOCATION]),File Share Access - [TICKET ID] - [NAME] ([COMPANY]A. [LOCATION]),Fileservice,unknown,unknown,,,,zenodo_it_support_tickets
597,ZENODO_TRAIN_00369,[TICKET ID] - A Support Ticket was forwarded to your role  - Erreur sur ladresse mail nouvel arrivant,[TICKET ID] - A Support Ticket was forwarded to your role  - Erreur sur ladresse mail nouvel arrivant,O365,unknown,unknown,,,,zenodo_it_support_tickets
1674,ZENODO_TRAIN_00370,Shared Mailbox Access - [TICKET ID] - [EMAIL],Shared Mailbox Access - [TICKET ID] - [EMAIL],Support general,unknown,unknown,,,,zenodo_it_support_tickets
854,ZENODO_TRAIN_00371,[TICKET ID] - New Support Ticket received  - Mobilepass softoken,[TICKET ID] - New Support Ticket received  - Mobilepass softoken,Support general,unknown,unknown,,,,zenodo_it_support_tickets
13809,ZENODO_TRAIN_00372,File Share Access - [TICKET ID] - [USERNAME] ([COMPANY]. [LOCATION])Service Request: File Share Access     Grant access to file share for the following user:  [USERNAME] ([COMPANY]. [LOCATION]) (Usern,File Share Access - [TICKET ID] - [USERNAME] ([COMPANY]. [LOCATION])Service Request: File Share Access     Grant access to file share for the following user:  [USERNAME] ([COMPANY]. [LOCATION]) (Username: [USERNAME])  Access Type: (RW) Read / Write  File Share:    bitte auf folgenden Verzeichnissen Zugriff einrichten   [SERVER]   [SERVER]   [SERVER]   [SERVER]   [SERVER]   Sorten       Requestor: [NAME] ([COMPANY]. [LOCATION])  Comment:,Fileservice,unknown,unknown,,,,zenodo_it_support_tickets
1841,ZENODO_TRAIN_00373,File Share Access - [TICKET ID] - [NAME] ([COMPANY]. [LOCATION]),File Share Access - [TICKET ID] - [NAME] ([COMPANY]. [LOCATION]),Fileservice,unknown,unknown,,,,zenodo_it_support_tickets
2242,ZENODO_TRAIN_00374,Create MS team Account for external consultant,Create MS team Account for external consultant,O365,unknown,unknown,,,,zenodo_it_support_tickets
1057,ZENODO_TRAIN_00375,[TICKET ID] - New Support Ticket received  - Não consigo abrir um site,[TICKET ID] - New Support Ticket received  - Não consigo abrir um site,Support general,unknown,unknown,,,,zenodo_it_support_tickets
8300,ZENODO_TRAIN_00376,Remove and add a name from/to the e-mail group [COMPANY] Everybody,Remove and add a name from/to the e-mail group [COMPANY] Everybody,Support general,unknown,unknown,,,,zenodo_it_support_tickets
1035,ZENODO_TRAIN_00377,[TICKET ID] - New Support Ticket received  - Growout Room phone needs adjustments,[TICKET ID] - New Support Ticket received  - Growout Room phone needs adjustments,Support general,unknown,unknown,,,,zenodo_it_support_tickets
1748,ZENODO_TRAIN_00378,Create Shared Mailbox - [EMAIL] -[LOCATION]Ticket Status,Create Shared Mailbox - [EMAIL] -[LOCATION]Ticket Status,Support general,unknown,unknown,,,,zenodo_it_support_tickets
8308,ZENODO_TRAIN_00379,Unable to open Excel files from email,Unable to open Excel files from email,O365,unknown,unknown,,,,zenodo_it_support_tickets
1694,ZENODO_TRAIN_00380,File Share Access - [TICKET ID] - [NAME]. [NAME] (EXTERNAL. [LOCATION]),File Share Access - [TICKET ID] - [NAME]. [NAME] (EXTERNAL. [LOCATION]),Fileservice,unknown,unknown,,,,zenodo_it_support_tickets
1102,ZENODO_TRAIN_00381,[TICKET ID] - New Support Ticket received  - Instalar programa BarTender,[TICKET ID] - New Support Ticket received  - Instalar programa BarTender,Software,unknown,unknown,,,,zenodo_it_support_tickets
3304,ZENODO_TRAIN_00382,File Share Access - [TICKET ID] - [NAME] ([COMPANY]. [LOCATION])Service Request: File Share Access     Grant access to file share for the following user:  [NAME] ([COMPANY]. [LOCATION]) (Username: [US,File Share Access - [TICKET ID] - [NAME] ([COMPANY]. [LOCATION])Service Request: File Share Access     Grant access to file share for the following user:  [NAME] ([COMPANY]. [LOCATION]) (Username: [USERNAME])  Access Type: (RW) Read / Write  File Share:  J:/MAZ-MTC     Requestor: [NAME] ([COMPANY]. [LOCATION])  Comment:,Fileservice,unknown,unknown,,,,zenodo_it_support_tickets
1647,ZENODO_TRAIN_00383,Account information needed,Account information needed,Active Directory,unknown,unknown,,,,zenodo_it_support_tickets
14017,ZENODO_TRAIN_00384,Create new DG in[LOCATION]OUPlease create a new Distribution Group that I can add and remove users in AD. It should be called [SERVER] and the email address should be the same.,Create new DG in[LOCATION]OUPlease create a new Distribution Group that I can add and remove users in AD. It should be called [SERVER] and the email address should be the same.,Active Directory,unknown,unknown,,,,zenodo_it_support_tickets
733,ZENODO_TRAIN_00385,[TICKET ID] - New Support Ticket received  - File Share Access - [TICKET ID] - [NAME] ([COMPANY]. [LOCATION]),[TICKET ID] - New Support Ticket received  - File Share Access - [TICKET ID] - [NAME] ([COMPANY]. [LOCATION]),Fileservice,unknown,unknown,,,,zenodo_it_support_tickets
1525,ZENODO_TRAIN_00386,File Share Access - [TICKET ID] - [NAME] ([COMPANY]. [LOCATION]),File Share Access - [TICKET ID] - [NAME] ([COMPANY]. [LOCATION]),Fileservice,unknown,unknown,,,,zenodo_it_support_tickets
1828,ZENODO_TRAIN_00387,Shared Mailbox Access - [AWS_ACCESS_KEY] - [EMAIL],Shared Mailbox Access - [AWS_ACCESS_KEY] - [EMAIL],Support general,unknown,unknown,,,,zenodo_it_support_tickets
9554,ZENODO_TRAIN_00388,RDP priviliges needed,RDP priviliges needed,Active Directory,unknown,unknown,,,,zenodo_it_support_tickets
5226,ZENODO_TRAIN_00389,J:ZR-Muster: Ordner / Dateien wieder herststellen,J:ZR-Muster: Ordner / Dateien wieder herststellen,Fileservice,unknown,unknown,,,,zenodo_it_support_tickets
3774,ZENODO_TRAIN_00390,Agenda Master - OutlookCriar Agenda Master no Outlook para que possamos inserir eventos. viagens. dentre outros. acesso para Gerentes. Gestores. Coordenadores. inserir mais de um compromisso na mesma ,Agenda Master - OutlookCriar Agenda Master no Outlook para que possamos inserir eventos. viagens. dentre outros. acesso para Gerentes. Gestores. Coordenadores. inserir mais de um compromisso na mesma data e horário.,O365,unknown,unknown,,,,zenodo_it_support_tickets
5010,ZENODO_TRAIN_00391,Need software for temperature logging device downloadedWe have a temperature logging device and the only person who has the software on his computer is [NAME]. who took his laptop with him on a busine,Need software for temperature logging device downloadedWe have a temperature logging device and the only person who has the software on his computer is [NAME]. who took his laptop with him on a business trip.  We had a malfunction in one of our coolers over the weekend and in order for the Breeders to make an informed decision we need to know what temperature these plants were exposed to for how long (kind of urgent).   I have the disc for downloading. I just need an admin to log in and approve.  [Image],Software,unknown,unknown,,,,zenodo_it_support_tickets
1977,ZENODO_TRAIN_00392,File Share Access - [TICKET ID] - [NAME] ([COMPANY]A. [LOCATION]),File Share Access - [TICKET ID] - [NAME] ([COMPANY]A. [LOCATION]),Fileservice,unknown,unknown,,,,zenodo_it_support_tickets
1538,ZENODO_TRAIN_00393,Shared Mailbox Access - [AWS_ACCESS_KEY] - [EMAIL],Shared Mailbox Access - [AWS_ACCESS_KEY] - [EMAIL],Support general,unknown,unknown,,,,zenodo_it_support_tickets
8766,ZENODO_TRAIN_00394,LIBERAR SENHA INTERNET,LIBERAR SENHA INTERNET,Support general,unknown,unknown,,,,zenodo_it_support_tickets
886,ZENODO_TRAIN_00395,[TICKET ID] - New Support Ticket received  - activacion[LOCATION]equipo [SERVER],[TICKET ID] - New Support Ticket received  - activacion[LOCATION]equipo [SERVER],Support general,unknown,unknown,,,,zenodo_it_support_tickets
6932,ZENODO_TRAIN_00396,FALHA AO AGENDAR REUNIÃO[LOCATION]SKYPE,FALHA AO AGENDAR REUNIÃO[LOCATION]SKYPE,O365,unknown,unknown,,,,zenodo_it_support_tickets
1507,ZENODO_TRAIN_00397,Shared Mailbox Access - [AWS_ACCESS_KEY] - [EMAIL],Shared Mailbox Access - [AWS_ACCESS_KEY] - [EMAIL],Support general,unknown,unknown,,,,zenodo_it_support_tickets
1950,ZENODO_TRAIN_00398,File Share Access - [TICKET ID] - [NAME] ([COMPANY]A. [LOCATION]),File Share Access - [TICKET ID] - [NAME] ([COMPANY]A. [LOCATION]),Fileservice,unknown,unknown,,,,zenodo_it_support_tickets
1058,ZENODO_TRAIN_00399,[TICKET ID] - New Support Ticket received  - Liberação de Pasta,[TICKET ID] - New Support Ticket received  - Liberação de Pasta,Fileservice,unknown,unknown,,,,zenodo_it_support_tickets
9133,ZENODO_TRAIN_00400,I am not able to find[LOCATION]on the computer,I am not able to find[LOCATION]on the computer,Support general,unknown,unknown,,,,zenodo_it_support_tickets
1064,ZENODO_TRAIN_00401,[TICKET ID] - A Support Ticket was forwarded to your role  - Initiated by [COMPANY][LOCATION]- Vulnerable Intel[LOCATION]on [SERVER],[TICKET ID] - A Support Ticket was forwarded to your role  - Initiated by [COMPANY][LOCATION]- Vulnerable Intel[LOCATION]on [SERVER],Support general,unknown,unknown,,,,zenodo_it_support_tickets
1514,ZENODO_TRAIN_00402,Shared Mailbox Access - [AWS_ACCESS_KEY] - [EMAIL],Shared Mailbox Access - [AWS_ACCESS_KEY] - [EMAIL],Support general,unknown,unknown,,,,zenodo_it_support_tickets
874,ZENODO_TRAIN_00403,[TICKET ID] - New Support Ticket received  - Approval to access [NAME]s mailbox,[TICKET ID] - New Support Ticket received  - Approval to access [NAME]s mailbox,O365,unknown,unknown,,,,zenodo_it_support_tickets
6964,ZENODO_TRAIN_00404,The following system must be set to End Of Life in Nexthink and checked for[LOCATION]reservations:  [SERVER]  -Automated ticket creation-Please remove the system from Nexthink according to the[LOCATIO,The following system must be set to End Of Life in Nexthink and checked for[LOCATION]reservations:  [SERVER]  -Automated ticket creation-Please remove the system from Nexthink according to the[LOCATION]process and please verify if any[LOCATION]reservations exist. If yes. please remove reservations and note down the corresponding IP(s) and inform [COMPANY] network team to remove firewall rules if there are any.,EOL,unknown,unknown,,,,zenodo_it_support_tickets
11383,ZENODO_TRAIN_00405,Initiated by [COMPANY][LOCATION]- Vulnerable SQL-Server on [SERVER],Initiated by [COMPANY][LOCATION]- Vulnerable SQL-Server on [SERVER],Software,unknown,unknown,,,,zenodo_it_support_tickets
1351,ZENODO_TRAIN_00406,[TICKET ID] - New Support Ticket received  - BB Work will not open,[TICKET ID] - New Support Ticket received  - BB Work will not open,Support general,unknown,unknown,,,,zenodo_it_support_tickets
10474,ZENODO_TRAIN_00407,Change of character on user principal name,Change of character on user principal name,Active Directory,unknown,unknown,,,,zenodo_it_support_tickets
642,ZENODO_TRAIN_00408,[TICKET ID] - New Support Ticket received  - Basis User - [USERNAME] - [NAME] ([COMPANY]. [LOCATION]),[TICKET ID] - New Support Ticket received  - Basis User - [USERNAME] - [NAME] ([COMPANY]. [LOCATION]),Support general,unknown,unknown,,,,zenodo_it_support_tickets
2931,ZENODO_TRAIN_00409,[SERVER] R:/ drive,[SERVER] R:/ drive,Fileservice,unknown,unknown,,,,zenodo_it_support_tickets
1551,ZENODO_TRAIN_00410,File Share Access - [TICKET ID] - [NAME] ([COMPANY]A. [LOCATION]),File Share Access - [TICKET ID] - [NAME] ([COMPANY]A. [LOCATION]),Fileservice,unknown,unknown,,,,zenodo_it_support_tickets
7573,ZENODO_TRAIN_00411,Virus scan requested since out of control action observed,Virus scan requested since out of control action observed,Software,unknown,unknown,,,,zenodo_it_support_tickets
13992,ZENODO_TRAIN_00412,login problemdear all.   i tried to login with [NAME] account and i receive this message:     [Image],login problemdear all.   i tried to login with [NAME] account and i receive this message:     [Image],Software,unknown,unknown,,,,zenodo_it_support_tickets
1726,ZENODO_TRAIN_00413,File Share Access - [TICKET ID] - [NAME] ([COMPANY]-[PASSWORD]. [LOCATION]),File Share Access - [TICKET ID] - [NAME] ([COMPANY]-[PASSWORD]. [LOCATION]),Fileservice,unknown,unknown,,,,zenodo_it_support_tickets
713,ZENODO_TRAIN_00414,[TICKET ID] - A Support Ticket was forwarded to your role  - File Share Access - [TICKET ID] - [NAME] ([COMPANY]. [LOCATION]),[TICKET ID] - A Support Ticket was forwarded to your role  - File Share Access - [TICKET ID] - [NAME] ([COMPANY]. [LOCATION]),Fileservice,unknown,unknown,,,,zenodo_it_support_tickets
2382,ZENODO_TRAIN_00415,Anbindung eines NetztwerklaufwerkesFrau Ariane Knauth braucht schreibenden und lesenden Zugriff auf C:/GEOSYSTEMS Verzeichnis auf dem [SERVER] Server (IP:[IP_ADDRESS]). Können Sie es  das Folder auf i,Anbindung eines NetztwerklaufwerkesFrau Ariane Knauth braucht schreibenden und lesenden Zugriff auf C:/GEOSYSTEMS Verzeichnis auf dem [SERVER] Server (IP:[IP_ADDRESS]). Können Sie es  das Folder auf ihrem Laptop als lokalen Netzwerkfolder anbinden? Danke,Fileservice,unknown,unknown,,,,zenodo_it_support_tickets
1677,ZENODO_TRAIN_00416,Shared Mailbox Access - [TICKET ID] - [EMAIL],Shared Mailbox Access - [TICKET ID] - [EMAIL],Support general,unknown,unknown,,,,zenodo_it_support_tickets
3086,ZENODO_TRAIN_00417,Installation von den richtigen Zertifikaten auf[LOCATION]ServerHallo Zusammen.    auf dem[LOCATION]Server [URL] gibt es ein Zertifikatfehler.    Können Sie es bitte überprüfen und ggf. ein Zertifikat ,Installation von den richtigen Zertifikaten auf[LOCATION]ServerHallo Zusammen.    auf dem[LOCATION]Server [URL] gibt es ein Zertifikatfehler.    Können Sie es bitte überprüfen und ggf. ein Zertifikat zu installieren?    Danke und Viele Grüße     [NAME]    [Bild],Support general,unknown,unknown,,,,zenodo_it_support_tickets
1349,ZENODO_TRAIN_00418,[TICKET ID] - A Support Ticket was forwarded to your role  - Instalaçao,[TICKET ID] - A Support Ticket was forwarded to your role  - Instalaçao,Software,unknown,unknown,,,,zenodo_it_support_tickets
1614,ZENODO_TRAIN_00419,File Share Access - [TICKET ID] - [NAME] ([COMPANY]. [LOCATION]),File Share Access - [TICKET ID] - [NAME] ([COMPANY]. [LOCATION]),Fileservice,unknown,unknown,,,,zenodo_it_support_tickets
10996,ZENODO_TRAIN_00420,McAfee Endpoint Security on [SERVER],McAfee Endpoint Security on [SERVER],Software,unknown,unknown,,,,zenodo_it_support_tickets
2195,ZENODO_TRAIN_00421,File Share Access - [TICKET ID] - [NAME] ([COMPANY]A. [LOCATION]),File Share Access - [TICKET ID] - [NAME] ([COMPANY]A. [LOCATION]),Fileservice,unknown,unknown,,,,zenodo_it_support_tickets
4289,ZENODO_TRAIN_00422,Freezing Email,Freezing Email,Support general,unknown,unknown,,,,zenodo_it_support_tickets
8934,ZENODO_TRAIN_00423,Basis User - [TICKET ID] - [NAME].[NAME]([COMPANY]. [LOCATION])Service Request: Basis User     Create Windows account for internal user  [NAME] ([COMPANY]. [LOCATION])     Firstname:  [NAME]  Lastname,Basis User - [TICKET ID] - [NAME].[NAME]([COMPANY]. [LOCATION])Service Request: Basis User     Create Windows account for internal user  [NAME] ([COMPANY]. [LOCATION])     Firstname:  [NAME]  Lastname:  [NAME]  Cost Center:  44288  Company:  [COMPANY] S.A.  Department:  [COMPANY]_MA-LOG  Street:  [ADDRESS].  ZIP: [LOCATION][ADDRESS]  City:  [ADDRESS]  Country:  [ADDRESS]  Office:       Important: Please set the EA10 to the following value: 11589 (leave blank. when empty)  Please create Exchange and Skype account.  The user needs at least the following access permissions:  Access to [SOFTWARE] ([SERVER])  Requestor:  [NAME] ([COMPANY]. [LOCATION])     Desired date:  Jan 24 2019  3:00AM     Additional information:,Support general,unknown,unknown,,,,zenodo_it_support_tickets
1435,ZENODO_TRAIN_00424,Zertifikat erstellen um verschl�sselte Emails zu lesen,Zertifikat erstellen um verschl�sselte Emails zu lesen,O365,unknown,unknown,,,,zenodo_it_support_tickets
3733,ZENODO_TRAIN_00425,File Share Access - [TICKET ID] - [NAME] ([COMPANY]. [LOCATION])Service Request: File Share Access     Grant access to file share for the following user:  [NAME] ([COMPANY]. [LOCATION]) (Username: [US,File Share Access - [TICKET ID] - [NAME] ([COMPANY]. [LOCATION])Service Request: File Share Access     Grant access to file share for the following user:  [NAME] ([COMPANY]. [LOCATION]) (Username: [USERNAME])  Access Type: (RO) Read only  File Share:  J:/E-CAD     Requestor: [NAME] ([COMPANY]. [LOCATION])  Comment:,Fileservice,unknown,unknown,,,,zenodo_it_support_tickets
1932,ZENODO_TRAIN_00426,Email Forwarding,Email Forwarding,Support general,unknown,unknown,,,,zenodo_it_support_tickets
1137,ZENODO_TRAIN_00427,[TICKET ID] - A Support Ticket was forwarded to your role  - missing [ADDRESS] and [ADDRESS],[TICKET ID] - A Support Ticket was forwarded to your role  - missing [ADDRESS] and [ADDRESS],Fileservice,unknown,unknown,,,,zenodo_it_support_tickets
1189,ZENODO_TRAIN_00428,[TICKET ID] - New Support Ticket received  - Reinstalar VPN. no Computador do rtc. [NAME].,[TICKET ID] - New Support Ticket received  - Reinstalar VPN. no Computador do rtc. [NAME].,Support general,unknown,unknown,,,,zenodo_it_support_tickets
1670,ZENODO_TRAIN_00429,File Share Access - [TICKET ID] - [NAME] ([COMPANY]A. [LOCATION]),File Share Access - [TICKET ID] - [NAME] ([COMPANY]A. [LOCATION]),Fileservice,unknown,unknown,,,,zenodo_it_support_tickets
6101,ZENODO_TRAIN_00430,Computador travando. muito lento,Computador travando. muito lento,Computer-Services,unknown,unknown,,,,zenodo_it_support_tickets
1511,ZENODO_TRAIN_00431,Shared Mailbox Access - [TICKET ID] - [EMAIL],Shared Mailbox Access - [TICKET ID] - [EMAIL],Support general,unknown,unknown,,,,zenodo_it_support_tickets
649,ZENODO_TRAIN_00432,[TICKET ID] - New Support Ticket received  - Basis User - [USERNAME] -,[TICKET ID] - New Support Ticket received  - Basis User - [USERNAME] -,Support general,unknown,unknown,,,,zenodo_it_support_tickets
1431,ZENODO_TRAIN_00433,Unidades de red y Permisos,Unidades de red y Permisos,Fileservice,unknown,unknown,,,,zenodo_it_support_tickets
617,ZENODO_TRAIN_00434,[TICKET ID] - New Support Ticket received  - File Share Access - [TICKET ID] - [NAME] ([COMPANY]. [LOCATION]),[TICKET ID] - New Support Ticket received  - File Share Access - [TICKET ID] - [NAME] ([COMPANY]. [LOCATION]),Fileservice,unknown,unknown,,,,zenodo_it_support_tickets
780,ZENODO_TRAIN_00435,[TICKET ID] - A Support Ticket was forwarded to your role  -[LOCATION]feature unsable,[TICKET ID] - A Support Ticket was forwarded to your role  -[LOCATION]feature unsable,Support general,unknown,unknown,,,,zenodo_it_support_tickets
1836,ZENODO_TRAIN_00436,File Share Access - [TICKET ID] - [ADDRESS] ([COMPANY]A. [LOCATION]),File Share Access - [TICKET ID] - [ADDRESS] ([COMPANY]A. [LOCATION]),Fileservice,unknown,unknown,,,,zenodo_it_support_tickets
2311,ZENODO_TRAIN_00437,File Share Access - [TICKET ID] - [NAME] ([COMPANY]A. [LOCATION]),File Share Access - [TICKET ID] - [NAME] ([COMPANY]A. [LOCATION]),Fileservice,unknown,unknown,,,,zenodo_it_support_tickets
8491,ZENODO_TRAIN_00438,Light User for external - [TICKET ID] - [USERNAME]. [NAME]Service Request: Light User for external  Create Light user for [USERNAME]     Firstname: [NAME]  Lastname: [NAME]ailaddress: [EMAIL]  Phone: ,Light User for external - [TICKET ID] - [USERNAME]. [NAME]Service Request: Light User for external  Create Light user for [USERNAME]     Firstname: [NAME]  Lastname: [NAME]ailaddress: [EMAIL]  Phone: [PHONE]  Cost Center: 47037  Function: Externe Beraterin  Company: [COMPANY] Consulting GmbH  Department: GIT-[ADDRESS]  ZIP: [ADDRESS]  City: [ADDRESS]  Country: [ADDRESS]  Location:[LOCATION] Office:   Expiration date: Aug 30 2019 11:00PM     Important: Please indicate in EA14 that it is an external user.     Requestor: [NAME] ([COMPANY]. [LOCATION])     Desired date: Jan 21 2019 12:00AM     Additional information:,Support general,unknown,unknown,,,,zenodo_it_support_tickets
1676,ZENODO_TRAIN_00439,ADM credentials are not working until rebooting client computers,ADM credentials are not working until rebooting client computers,Active Directory,unknown,unknown,,,,zenodo_it_support_tickets
2023,ZENODO_TRAIN_00440,File Share Access - [TICKET ID] - [NAME] ([COMPANY]A. [LOCATION]),File Share Access - [TICKET ID] - [NAME] ([COMPANY]A. [LOCATION]),Fileservice,unknown,unknown,,,,zenodo_it_support_tickets
2119,ZENODO_TRAIN_00441,File Share Access - [TICKET ID] - [NAME] ([COMPANY]. [LOCATION]),File Share Access - [TICKET ID] - [NAME] ([COMPANY]. [LOCATION]),Fileservice,unknown,unknown,,,,zenodo_it_support_tickets
1784,ZENODO_TRAIN_00442,File Share Access - [TICKET ID] - [NAME] ([COMPANY]A. [LOCATION]),File Share Access - [TICKET ID] - [NAME] ([COMPANY]A. [LOCATION]),Fileservice,unknown,unknown,,,,zenodo_it_support_tickets
1868,ZENODO_TRAIN_00443,File Share Access - [TICKET ID] - [NAME] ([COMPANY]A. [LOCATION]),File Share Access - [TICKET ID] - [NAME] ([COMPANY]A. [LOCATION]),Fileservice,unknown,unknown,,,,zenodo_it_support_tickets
1973,ZENODO_TRAIN_00444,File Share Access - [TICKET ID] - [NAME] ([COMPANY]D. [LOCATION]),File Share Access - [TICKET ID] - [NAME] ([COMPANY]D. [LOCATION]),Fileservice,unknown,unknown,,,,zenodo_it_support_tickets
4839,ZENODO_TRAIN_00445,The following system must be set to End Of Life in Nexthink and checked for[LOCATION]reservations:  [SERVER]  -Automated ticket creation-Please remove the system from Nexthink according to the[LOCATIO,The following system must be set to End Of Life in Nexthink and checked for[LOCATION]reservations:  [SERVER]  -Automated ticket creation-Please remove the system from Nexthink according to the[LOCATION]process and please verify if any[LOCATION]reservations exist. If yes. please remove reservations and note down the corresponding IP(s) and inform [COMPANY] network team to remove firewall rules if there are any.,EOL,unknown,unknown,,,,zenodo_it_support_tickets
1566,ZENODO_TRAIN_00446,File Share Access - [TICKET ID] - [NAME] ([COMPANY]A. [LOCATION]),File Share Access - [TICKET ID] - [NAME] ([COMPANY]A. [LOCATION]),Fileservice,unknown,unknown,,,,zenodo_it_support_tickets
7576,ZENODO_TRAIN_00447,Initiated by GIT: Missing connection to all securitytools on system [SERVER],Initiated by GIT: Missing connection to all securitytools on system [SERVER],Software,unknown,unknown,,,,zenodo_it_support_tickets
9454,ZENODO_TRAIN_00448,Qarantine message,Qarantine message,Support general,unknown,unknown,,,,zenodo_it_support_tickets
3583,ZENODO_TRAIN_00449,Basis User for external - [TICKET ID] - [NAME]Service Request: Basis User for external     Create Windows account for external user  [NAME]     Firstname: [NAME]  Lastname: [NAME]ailaddress: [EMAIL]  ,Basis User for external - [TICKET ID] - [NAME]Service Request: Basis User for external     Create Windows account for external user  [NAME]     Firstname: [NAME]  Lastname: [NAME]ailaddress: [EMAIL]  Phone: [PHONE]  Cost Center: 47004  Function: Intranet Consultant  Company: [URL] AG  Department: [ADDRESS]-[ADDRESS]  ZIP: [ADDRESS]  City: [ADDRESS]  Country: [ADDRESS]  Location:[LOCATION] Office:   Expiration date: Apr 30 2019 11:00PM     Important: Please indicate in EA14 that it is an external user.     Requestor: [USERNAME] ([COMPANY]. [LOCATION])     Desired date: Jan 25 2019 12:00AM     Additional information:,Support general,unknown,unknown,,,,zenodo_it_support_tickets
1994,ZENODO_TRAIN_00450,File Share Access - [TICKET ID] - [NAME] ([COMPANY]),File Share Access - [TICKET ID] - [NAME] ([COMPANY]),Fileservice,unknown,unknown,,,,zenodo_it_support_tickets
10651,ZENODO_TRAIN_00451,Colocar aviso de ausencia temporaria no email de [NAME],Colocar aviso de ausencia temporaria no email de [NAME],Support general,unknown,unknown,,,,zenodo_it_support_tickets
3788,ZENODO_TRAIN_00452,Trouble downloading Adobe Creative Cloud,Trouble downloading Adobe Creative Cloud,Software,unknown,unknown,,,,zenodo_it_support_tickets
1504,ZENODO_TRAIN_00453,The following system must be set to End Of Life in Nexthink and checked for[LOCATION]reservations:  [SERVER]  -Automated ticket creation-Please remove the system from Nexthink according to the[LOCATIO,The following system must be set to End Of Life in Nexthink and checked for[LOCATION]reservations:  [SERVER]  -Automated ticket creation-Please remove the system from Nexthink according to the[LOCATION]process and please verify if any[LOCATION]reservations exist. If yes. please remove reservations and note down the corresponding IP(s) and inform [COMPANY] network team to remove firewall rules if there are any.,EOL,unknown,unknown,,,,zenodo_it_support_tickets
9712,ZENODO_TRAIN_00454,The following system must be set to End Of Life in Nexthink and checked for[LOCATION]reservations:  [SERVER]  -Automated ticket creation-Please remove the system from Nexthink according to the[LOCATIO,The following system must be set to End Of Life in Nexthink and checked for[LOCATION]reservations:  [SERVER]  -Automated ticket creation-Please remove the system from Nexthink according to the[LOCATION]process and please verify if any[LOCATION]reservations exist. If yes. please remove reservations and note down the corresponding IP(s) and inform [COMPANY] network team to remove firewall rules if there are any.,EOL,unknown,unknown,,,,zenodo_it_support_tickets
540,ZENODO_TRAIN_00455,Shared Mailbox Access - [ADDRESS] - [EMAIL],Shared Mailbox Access - [ADDRESS] - [EMAIL],Support general,unknown,unknown,,,,zenodo_it_support_tickets
961,ZENODO_TRAIN_00456,[TICKET ID] - A Support Ticket was forwarded to your role  - Citrix - [TICKET ID] - [NAME] ([COMPANY] [LOCATION]),[TICKET ID] - A Support Ticket was forwarded to your role  - Citrix - [TICKET ID] - [NAME] ([COMPANY] [LOCATION]),Software,unknown,unknown,,,,zenodo_it_support_tickets
1851,ZENODO_TRAIN_00457,File Share Access - [TICKET ID] - [NAME] ([COMPANY]A. [LOCATION]),File Share Access - [TICKET ID] - [NAME] ([COMPANY]A. [LOCATION]),Fileservice,unknown,unknown,,,,zenodo_it_support_tickets
8509,ZENODO_TRAIN_00458,Initiated by GIT: Missing connection to AV Server on system [SERVER],Initiated by GIT: Missing connection to AV Server on system [SERVER],Software,unknown,unknown,,,,zenodo_it_support_tickets
5406,ZENODO_TRAIN_00459,The following system must be set to End Of Life in Nexthink and checked for[LOCATION]reservations:  [SERVER]  -Automated ticket creation-Please remove the system from Nexthink according to the[LOCATIO,The following system must be set to End Of Life in Nexthink and checked for[LOCATION]reservations:  [SERVER]  -Automated ticket creation-Please remove the system from Nexthink according to the[LOCATION]process and please verify if any[LOCATION]reservations exist. If yes. please remove reservations and note down the corresponding IP(s) and inform [COMPANY] network team to remove firewall rules if there are any.,EOL,unknown,unknown,,,,zenodo_it_support_tickets
1742,ZENODO_TRAIN_00460,Shared Mailbox Access - [PASSWORD] - [EMAIL],Shared Mailbox Access - [PASSWORD] - [EMAIL],Support general,unknown,unknown,,,,zenodo_it_support_tickets
1957,ZENODO_TRAIN_00461,initiated by[LOCATION]: System [SERVER] is running an unsupported Windows 10 build,initiated by[LOCATION]: System [SERVER] is running an unsupported Windows 10 build,Software,unknown,unknown,,,,zenodo_it_support_tickets
1521,ZENODO_TRAIN_00462,File Share Access - [TICKET ID] - [NAME]. [NAME] ([COMPANY]. [LOCATION]),File Share Access - [TICKET ID] - [NAME]. [NAME] ([COMPANY]. [LOCATION]),Fileservice,unknown,unknown,,,,zenodo_it_support_tickets
1175,ZENODO_TRAIN_00463,[TICKET ID] - New Support Ticket received  - new phone,[TICKET ID] - New Support Ticket received  - new phone,Support general,unknown,unknown,,,,zenodo_it_support_tickets
657,ZENODO_TRAIN_00464,[TICKET ID] - A Support Ticket was forwarded to your role  - File Share Access - [TICKET ID] - [NAME] F ([COMPANY]. [LOCATION]),[TICKET ID] - A Support Ticket was forwarded to your role  - File Share Access - [TICKET ID] - [NAME] F ([COMPANY]. [LOCATION]),Fileservice,unknown,unknown,,,,zenodo_it_support_tickets
2258,ZENODO_TRAIN_00465,spam. please block it RV: Quality & Regulatory Trends in the Crop Science Industry,spam. please block it RV: Quality & Regulatory Trends in the Crop Science Industry,Support general,unknown,unknown,,,,zenodo_it_support_tickets
2223,ZENODO_TRAIN_00466,File Share Access - [TICKET ID] - [ADDRESS] ([COMPANY]A. [LOCATION]),File Share Access - [TICKET ID] - [ADDRESS] ([COMPANY]A. [LOCATION]),Fileservice,unknown,unknown,,,,zenodo_it_support_tickets
14184,ZENODO_TRAIN_00467,Keine automatische Neuverbindung von Microsoft Applikationen nach Beendung der[LOCATION]Verbindung,Keine automatische Neuverbindung von Microsoft Applikationen nach Beendung der[LOCATION]Verbindung,O365,unknown,unknown,,,,zenodo_it_support_tickets
1398,ZENODO_TRAIN_00468,[TICKET ID] - New Support Ticket received  - Mobile Device - [TICKET ID] - [NAME]. [NAME] ([COMPANY]. [LOCATION]),[TICKET ID] - New Support Ticket received  - Mobile Device - [TICKET ID] - [NAME]. [NAME] ([COMPANY]. [LOCATION]),Support general,unknown,unknown,,,,zenodo_it_support_tickets
1374,ZENODO_TRAIN_00469,[TICKET ID] - New Support Ticket received  - activacion Blackberry Work,[TICKET ID] - New Support Ticket received  - activacion Blackberry Work,Support general,unknown,unknown,,,,zenodo_it_support_tickets
2149,ZENODO_TRAIN_00470,Initiated by GIT: Missing connection to Updates ([SOFTWARE] / WSUS) on system,Initiated by GIT: Missing connection to Updates ([SOFTWARE] / WSUS) on system,Software,unknown,unknown,,,,zenodo_it_support_tickets
1110,ZENODO_TRAIN_00471,The following system must be set to End Of Life in Nexthink and checked for[LOCATION]reservations:  [SERVER]  -Automated ticket creation-Please remove the system from Nexthink according to the[LOCATIO,The following system must be set to End Of Life in Nexthink and checked for[LOCATION]reservations:  [SERVER]  -Automated ticket creation-Please remove the system from Nexthink according to the[LOCATION]process and please verify if any[LOCATION]reservations exist. If yes. please remove reservations and note down the corresponding IP(s) and inform [COMPANY] network team to remove firewall rules if there are any.,EOL,unknown,unknown,,,,zenodo_it_support_tickets
4780,ZENODO_TRAIN_00472,File Share Access - [TICKET ID] - [NAME] ([COMPANY]. [LOCATION])Service Request: File Share Access     Grant access to file share for the following user:  [NAME] ([COMPANY]. [LOCATION]) (Username: [US,File Share Access - [TICKET ID] - [NAME] ([COMPANY]. [LOCATION])Service Request: File Share Access     Grant access to file share for the following user:  [NAME] ([COMPANY]. [LOCATION]) (Username: [USERNAME])  Access Type: (RW) Read / Write  File Share:      N:/[SERVER]/STA-LEM    N:/[SERVER]/STA-CAM    N:/[SERVER]/STA-[LOCATION]    N:/[SERVER]/STA-PGRO        R/W including all subfolders.         Requestor: [NAME] ([COMPANY]. [LOCATION])  Comment:,Fileservice,unknown,unknown,,,,zenodo_it_support_tickets
2301,ZENODO_TRAIN_00473,Shared Mailbox Access - [TICKET ID] - [EMAIL],Shared Mailbox Access - [TICKET ID] - [EMAIL],Support general,unknown,unknown,,,,zenodo_it_support_tickets
13877,ZENODO_TRAIN_00474,Okta is locked to previous phone Hello. my Okta is locked to my previous iPhone. (The phone is long gone) and I am unable to check my email anymore on my new iPhone. ([NAME] had the same issue),Okta is locked to previous phone Hello. my Okta is locked to my previous iPhone. (The phone is long gone) and I am unable to check my email anymore on my new iPhone. ([NAME] had the same issue),Software,unknown,unknown,,,,zenodo_it_support_tickets
2114,ZENODO_TRAIN_00475,File Share Access - [TICKET ID] - [NAME] ([COMPANY]A. [LOCATION]),File Share Access - [TICKET ID] - [NAME] ([COMPANY]A. [LOCATION]),Fileservice,unknown,unknown,,,,zenodo_it_support_tickets
9143,ZENODO_TRAIN_00476,Acesso a pasta da rede,Acesso a pasta da rede,Fileservice,unknown,unknown,,,,zenodo_it_support_tickets
1148,ZENODO_TRAIN_00477,[TICKET ID] - New Support Ticket received  - Growout Room PC not taking updates,[TICKET ID] - New Support Ticket received  - Growout Room PC not taking updates,Support general,unknown,unknown,,,,zenodo_it_support_tickets
1562,ZENODO_TRAIN_00478,File Share Access - [TICKET ID] - [NAME] ([COMPANY]A. [LOCATION]),File Share Access - [TICKET ID] - [NAME] ([COMPANY]A. [LOCATION]),Fileservice,unknown,unknown,,,,zenodo_it_support_tickets
1615,ZENODO_TRAIN_00479,File Share Access - [TICKET ID] - [NAME] ([COMPANY]. [LOCATION]),File Share Access - [TICKET ID] - [NAME] ([COMPANY]. [LOCATION]),Fileservice,unknown,unknown,,,,zenodo_it_support_tickets
1362,ZENODO_TRAIN_00480,[TICKET ID] - New Support Ticket received  - Computador Backup para trabalho externo,[TICKET ID] - New Support Ticket received  - Computador Backup para trabalho externo,Support general,unknown,unknown,,,,zenodo_it_support_tickets
2522,ZENODO_TRAIN_00481,The following system must be set to End Of Life in Nexthink and checked for[LOCATION]reservations:  [SERVER]  -Automated ticket creation-Please remove the system from Nexthink according to the[LOCATIO,The following system must be set to End Of Life in Nexthink and checked for[LOCATION]reservations:  [SERVER]  -Automated ticket creation-Please remove the system from Nexthink according to the[LOCATION]process and please verify if any[LOCATION]reservations exist. If yes. please remove reservations and note down the corresponding IP(s) and inform [COMPANY] network team to remove firewall rules if there are any.,EOL,unknown,unknown,,,,zenodo_it_support_tickets
2098,ZENODO_TRAIN_00482,File Share Access - [TICKET ID] - [NAME] ([COMPANY]. [LOCATION]),File Share Access - [TICKET ID] - [NAME] ([COMPANY]. [LOCATION]),Fileservice,unknown,unknown,,,,zenodo_it_support_tickets
1663,ZENODO_TRAIN_00483,File Share Access - [TICKET ID] - [NAME] ([COMPANY]A. [LOCATION]),File Share Access - [TICKET ID] - [NAME] ([COMPANY]A. [LOCATION]),Fileservice,unknown,unknown,,,,zenodo_it_support_tickets
1439,ZENODO_TRAIN_00484,desbloquear user,desbloquear user,Active Directory,unknown,unknown,,,,zenodo_it_support_tickets
2168,ZENODO_TRAIN_00485,File Share Access - [TICKET ID] - [NAME] ([COMPANY]!![COMPANY] Srbija. [LOCATION]),File Share Access - [TICKET ID] - [NAME] ([COMPANY]!![COMPANY] Srbija. [LOCATION]),Fileservice,unknown,unknown,,,,zenodo_it_support_tickets
1176,ZENODO_TRAIN_00486,[TICKET ID] - New Support Ticket received  - Create user. corporate access and email account for new employee [NAME].[LOCATION]ID n°13420,[TICKET ID] - New Support Ticket received  - Create user. corporate access and email account for new employee [NAME].[LOCATION]ID n°13420,Active Directory,unknown,unknown,,,,zenodo_it_support_tickets
1281,ZENODO_TRAIN_00487,[TICKET ID] - [SERVER][LOCATION]- Planned Maintenance - 2018-10-10. 02:00[LOCATION]| [NAME] ([SERVER]) | [NAME] ([SERVER]) [COMPANY] SE.,[TICKET ID] - [SERVER][LOCATION]- Planned Maintenance - 2018-10-10. 02:00[LOCATION]| [NAME] ([SERVER]) | [NAME] ([SERVER]) [COMPANY] SE.,Support general,unknown,unknown,,,,zenodo_it_support_tickets
1044,ZENODO_TRAIN_00488,[TICKET ID] - New Support Ticket received  - TELEFONO ROTO,[TICKET ID] - New Support Ticket received  - TELEFONO ROTO,Support general,unknown,unknown,,,,zenodo_it_support_tickets
1930,ZENODO_TRAIN_00489,Create Shared Mailbox - [TICKET ID] - [EMAIL],Create Shared Mailbox - [TICKET ID] - [EMAIL],Support general,unknown,unknown,,,,zenodo_it_support_tickets
945,ZENODO_TRAIN_00490,[TICKET ID] - New Support Ticket received  - Instalar programa de registo de ronda [COMPANY] em meu PC,[TICKET ID] - New Support Ticket received  - Instalar programa de registo de ronda [COMPANY] em meu PC,Software,unknown,unknown,,,,zenodo_it_support_tickets
1008,ZENODO_TRAIN_00491,[TICKET ID] - New Support Ticket received  - Add [NAME] to Copier/Scanner in Bloomington Office,[TICKET ID] - New Support Ticket received  - Add [NAME] to Copier/Scanner in Bloomington Office,Computer-Services,unknown,unknown,,,,zenodo_it_support_tickets
3121,ZENODO_TRAIN_00492,word tracking is not working,word tracking is not working,O365,unknown,unknown,,,,zenodo_it_support_tickets
1268,ZENODO_TRAIN_00493,[TICKET ID] - New Support Ticket received  - Slow Computer,[TICKET ID] - New Support Ticket received  - Slow Computer,Support general,unknown,unknown,,,,zenodo_it_support_tickets
10886,ZENODO_TRAIN_00494,Scan Mail - [NAME],Scan Mail - [NAME],Support general,unknown,unknown,,,,zenodo_it_support_tickets
7237,ZENODO_TRAIN_00495,INstalar a Impresso do adm 2 no meu computador,INstalar a Impresso do adm 2 no meu computador,Computer-Services,unknown,unknown,,,,zenodo_it_support_tickets
5698,ZENODO_TRAIN_00496,[NAME] cannot sign into Skype[NAME] cannot sign into Skype.  It says his sign on server is not available. All other O365 apps work.,[NAME] cannot sign into Skype[NAME] cannot sign into Skype.  It says his sign on server is not available. All other O365 apps work.,O365,unknown,unknown,,,,zenodo_it_support_tickets
2060,ZENODO_TRAIN_00497,Remove File Share Access - [TICKET ID] - [NAME] ([COMPANY]A. [LOCATION]),Remove File Share Access - [TICKET ID] - [NAME] ([COMPANY]A. [LOCATION]),Fileservice,unknown,unknown,,,,zenodo_it_support_tickets
2634,ZENODO_TRAIN_00498,Sent emails are not arriving to our Payroll general email,Sent emails are not arriving to our Payroll general email,Support general,unknown,unknown,,,,zenodo_it_support_tickets
7339,ZENODO_TRAIN_00499,Skype sem acesso.,Skype sem acesso.,O365,unknown,unknown,,,,zenodo_it_support_tickets
1467,ZENODO_TRAIN_00500,Missing connection to [SOFTWARE] / Update  on [SERVER],Missing connection to [SOFTWARE] / Update  on [SERVER],Software,unknown,unknown,,,,zenodo_it_support_tickets
2131,ZENODO_TRAIN_00501,Delete Shared Mailbox - [EMAIL] - [EMAIL]. [LOCATION]),Delete Shared Mailbox - [EMAIL] - [EMAIL]. [LOCATION]),Support general,unknown,unknown,,,,zenodo_it_support_tickets
1747,ZENODO_TRAIN_00502,Solicitação - Passar anti virus na minha maquina ( Acesso bloqueado),Solicitação - Passar anti virus na minha maquina ( Acesso bloqueado),Software,unknown,unknown,,,,zenodo_it_support_tickets
1580,ZENODO_TRAIN_00503,Remove File Share Access - [TICKET ID] - [NAME] ([COMPANY]A. [LOCATION]),Remove File Share Access - [TICKET ID] - [NAME] ([COMPANY]A. [LOCATION]),Fileservice,unknown,unknown,,,,zenodo_it_support_tickets
3456,ZENODO_TRAIN_00504,Falha na conexão da VPN,Falha na conexão da VPN,Support general,unknown,unknown,,,,zenodo_it_support_tickets
858,ZENODO_TRAIN_00505,[TICKET ID] - A Support Ticket was forwarded to your role  - Initiated by [COMPANY][LOCATION]- Vulnerable Intel[LOCATION]on [SERVER],[TICKET ID] - A Support Ticket was forwarded to your role  - Initiated by [COMPANY][LOCATION]- Vulnerable Intel[LOCATION]on [SERVER],Support general,unknown,unknown,,,,zenodo_it_support_tickets
1801,ZENODO_TRAIN_00506,Create Shared Mailbox - [TICKET ID] - [EMAIL],Create Shared Mailbox - [TICKET ID] - [EMAIL],Support general,unknown,unknown,,,,zenodo_it_support_tickets
1861,ZENODO_TRAIN_00507,Shared Mailbox Access - [TICKET ID] - [EMAIL],Shared Mailbox Access - [TICKET ID] - [EMAIL],Support general,unknown,unknown,,,,zenodo_it_support_tickets
1530,ZENODO_TRAIN_00508,File Share Access - [TICKET ID] - [NAME] ([COMPANY]. [LOCATION]),File Share Access - [TICKET ID] - [NAME] ([COMPANY]. [LOCATION]),Fileservice,unknown,unknown,,,,zenodo_it_support_tickets
986,ZENODO_TRAIN_00509,[TICKET ID] - New Support Ticket received  - Inclusao de Pessoas,[TICKET ID] - New Support Ticket received  - Inclusao de Pessoas,Active Directory,unknown,unknown,,,,zenodo_it_support_tickets
1024,ZENODO_TRAIN_00510,[TICKET ID] - New Support Ticket received  - Phone - Okta,[TICKET ID] - New Support Ticket received  - Phone - Okta,O365,unknown,unknown,,,,zenodo_it_support_tickets
1279,ZENODO_TRAIN_00511,[TICKET ID] - New Support Ticket received  - I cannot log in to X-Flow,[TICKET ID] - New Support Ticket received  - I cannot log in to X-Flow,Software,unknown,unknown,,,,zenodo_it_support_tickets
701,ZENODO_TRAIN_00512,[TICKET ID] - New Support Ticket received  - Basis User - [USERNAME] -,[TICKET ID] - New Support Ticket received  - Basis User - [USERNAME] -,Support general,unknown,unknown,,,,zenodo_it_support_tickets
1481,ZENODO_TRAIN_00513,Shared Mailbox Access - [AWS_ACCESS_KEY] - [EMAIL],Shared Mailbox Access - [AWS_ACCESS_KEY] - [EMAIL],Support general,unknown,unknown,,,,zenodo_it_support_tickets
1513,ZENODO_TRAIN_00514,File Share Access - [TICKET ID] - [NAME] ([COMPANY]-[PASSWORD]. [LOCATION]),File Share Access - [TICKET ID] - [NAME] ([COMPANY]-[PASSWORD]. [LOCATION]),Fileservice,unknown,unknown,,,,zenodo_it_support_tickets
2411,ZENODO_TRAIN_00515,Local admin rights needed for [SERVER],Local admin rights needed for [SERVER],Active Directory,unknown,unknown,,,,zenodo_it_support_tickets
4925,ZENODO_TRAIN_00516,The following system must be set to End Of Life in Nexthink and checked for[LOCATION]reservations:  [SERVER]  -Automated ticket creation-Please remove the system from Nexthink according to the[LOCATIO,The following system must be set to End Of Life in Nexthink and checked for[LOCATION]reservations:  [SERVER]  -Automated ticket creation-Please remove the system from Nexthink according to the[LOCATION]process and please verify if any[LOCATION]reservations exist. If yes. please remove reservations and note down the corresponding IP(s) and inform [COMPANY] network team to remove firewall rules if there are any.,EOL,unknown,unknown,,,,zenodo_it_support_tickets
8650,ZENODO_TRAIN_00517,Light User for external - [TICKET ID] - [NAME]Service Request: Light User for external  Create Light user for [USERNAME]. [NAME]     Firstname: [NAME]  Lastname: [NAME]ailaddress: [EMAIL]  Phone: [PHO,Light User for external - [TICKET ID] - [NAME]Service Request: Light User for external  Create Light user for [USERNAME]. [NAME]     Firstname: [NAME]  Lastname: [NAME]ailaddress: [EMAIL]  Phone: [PHONE]   Cost Center: 47050  Function: SAP-Systementwickler   Company: [COMPANY] INTERNATIONAL[LOCATION] Department: GIT-[ADDRESS]  ZIP: [ADDRESS]  City: [ADDRESS]  Country: [ADDRESS]  Location:[LOCATION] Office:   Expiration date: Not defined     Important: Please indicate in EA14 that it is an external user.     Requestor: [NAME] ([COMPANY]. [LOCATION])     Desired date: Dec 18 2018 12:00AM     Additional information:  Light User für [NAME][LOCATION]- SolMan Systementwickler,Support general,unknown,unknown,,,,zenodo_it_support_tickets
1001,ZENODO_TRAIN_00518,[TICKET ID] - A Support Ticket was forwarded to your role  - Skype uninstall and reinstall,[TICKET ID] - A Support Ticket was forwarded to your role  - Skype uninstall and reinstall,O365,unknown,unknown,,,,zenodo_it_support_tickets
2116,ZENODO_TRAIN_00519,File Share Access - [TICKET ID] - [NAME] ([COMPANY]A. [LOCATION]),File Share Access - [TICKET ID] - [NAME] ([COMPANY]A. [LOCATION]),Fileservice,unknown,unknown,,,,zenodo_it_support_tickets
1282,ZENODO_TRAIN_00520,[TICKET ID] - [SERVER][LOCATION]- Planned Maintenance - 2018-10-10. 02:00[LOCATION]| [NAME] ([SERVER]) | [NAME] ([SERVER]) [COMPANY] SE.,[TICKET ID] - [SERVER][LOCATION]- Planned Maintenance - 2018-10-10. 02:00[LOCATION]| [NAME] ([SERVER]) | [NAME] ([SERVER]) [COMPANY] SE.,Support general,unknown,unknown,,,,zenodo_it_support_tickets
2002,ZENODO_TRAIN_00521,File Share Access - [TICKET ID] - [NAME] ([COMPANY] [LOCATION]),File Share Access - [TICKET ID] - [NAME] ([COMPANY] [LOCATION]),Fileservice,unknown,unknown,,,,zenodo_it_support_tickets
1910,ZENODO_TRAIN_00522,File Share Access - [TICKET ID] - [NAME] ([COMPANY]A. [LOCATION]),File Share Access - [TICKET ID] - [NAME] ([COMPANY]A. [LOCATION]),Fileservice,unknown,unknown,,,,zenodo_it_support_tickets
1823,ZENODO_TRAIN_00523,File Share Access - [TICKET ID] - [NAME] ([COMPANY]. [LOCATION]),File Share Access - [TICKET ID] - [NAME] ([COMPANY]. [LOCATION]),Fileservice,unknown,unknown,,,,zenodo_it_support_tickets
2144,ZENODO_TRAIN_00524,File Share Access - [TICKET ID] - [NAME] ([COMPANY]A. [LOCATION]),File Share Access - [TICKET ID] - [NAME] ([COMPANY]A. [LOCATION]),Fileservice,unknown,unknown,,,,zenodo_it_support_tickets
1804,ZENODO_TRAIN_00525,Shared Mailbox Access - [ADDRESS] - [EMAIL],Shared Mailbox Access - [ADDRESS] - [EMAIL],Support general,unknown,unknown,,,,zenodo_it_support_tickets
1914,ZENODO_TRAIN_00526,File Share Access - [TICKET ID] - [NAME] ([COMPANY]A. [LOCATION]),File Share Access - [TICKET ID] - [NAME] ([COMPANY]A. [LOCATION]),Fileservice,unknown,unknown,,,,zenodo_it_support_tickets
9522,ZENODO_TRAIN_00527,File Share Access - [TICKET ID] - [NAME] ([COMPANY]. [LOCATION])Service Request: File Share Access     Grant access to file share for the following user:  [NAME] ([COMPANY]. [LOCATION]) (Username: [US,File Share Access - [TICKET ID] - [NAME] ([COMPANY]. [LOCATION])Service Request: File Share Access     Grant access to file share for the following user:  [NAME] ([COMPANY]. [LOCATION]) (Username: [USERNAME])  Access Type: (RW) Read / Write  File Share:    J:/ZRPMEXIM           Requestor: [NAME] [NAME] ([COMPANY]. [LOCATION])  Comment:  Hallo!  Ich benötige Zugriff auf folgendes Verzeichnis:   J:/ZRPMEXIM  Vielen Dank und Weihnachtsgrüße sendet [NAME],Fileservice,unknown,unknown,,,,zenodo_it_support_tickets
1377,ZENODO_TRAIN_00528,[TICKET ID] - New Support Ticket received  - Skype Malfunction,[TICKET ID] - New Support Ticket received  - Skype Malfunction,O365,unknown,unknown,,,,zenodo_it_support_tickets
3806,ZENODO_TRAIN_00529,Printer OFFLinePerdi conexão com a  impressora. Já reiniciei o computador e a impressora várias vezes e não  adianta. Sempre PRINTER OFFLINE. Por favor. pode me ajudar?,Printer OFFLinePerdi conexão com a  impressora. Já reiniciei o computador e a impressora várias vezes e não  adianta. Sempre PRINTER OFFLINE. Por favor. pode me ajudar?,Computer-Services,unknown,unknown,,,,zenodo_it_support_tickets
981,ZENODO_TRAIN_00530,[TICKET ID] - New Support Ticket received  - BarTender app (print app),[TICKET ID] - New Support Ticket received  - BarTender app (print app),Software,unknown,unknown,,,,zenodo_it_support_tickets
1953,ZENODO_TRAIN_00531,(2019111410287) Verizon Initial Notification,(2019111410287) Verizon Initial Notification,Support general,unknown,unknown,,,,zenodo_it_support_tickets
6909,ZENODO_TRAIN_00532,User [USERNAME] cannot receive emails from service catalog or SafeNet,User [USERNAME] cannot receive emails from service catalog or SafeNet,Support general,unknown,unknown,,,,zenodo_it_support_tickets
2038,ZENODO_TRAIN_00533,File Share Access - [TICKET ID] - [NAME] ([COMPANY]A. [LOCATION]),File Share Access - [TICKET ID] - [NAME] ([COMPANY]A. [LOCATION]),Fileservice,unknown,unknown,,,,zenodo_it_support_tickets
10600,ZENODO_TRAIN_00534,Basis User - [TICKET ID] -Service Request: Basis User     Create Windows account for internal user       Firstname:  [NAME]  Lastname:  [NAME]  Cost Center:  22502  Company:    Department:  [LOCATION],Basis User - [TICKET ID] -Service Request: Basis User     Create Windows account for internal user       Firstname:  [NAME]  Lastname:  [NAME]  Cost Center:  22502  Company:    Department:  [LOCATION]  Street:    ZIP:    City:    Country:  [ADDRESS]  Office:       Important: Please set the EA10 to the following value: 13706 (leave blank. when empty)  Please create Exchange and Skype account.  The user needs at least the following access permissions:  (RW) H:/%username%  (RO) J:/Auftrag  (RW) J:/Info  (RW) J:/Transfer  (RO) J:/Vorlagen  Access to [COMPANY] intranet  Access to [SOFTWARE] ([SERVER])  Requestor: [NAME] ([COMPANY]. [LOCATION])     Desired date:  Jan 21 2019 12:00AM     Additional information:,Support general,unknown,unknown,,,,zenodo_it_support_tickets
2024,ZENODO_TRAIN_00535,File Share Access - [TICKET ID] - [NAME] ([COMPANY]A. [LOCATION]),File Share Access - [TICKET ID] - [NAME] ([COMPANY]A. [LOCATION]),Fileservice,unknown,unknown,,,,zenodo_it_support_tickets
1107,ZENODO_TRAIN_00536,[TICKET ID] - A Support Ticket was forwarded to you  - Initiated by [COMPANY][LOCATION]- Vulnerable[LOCATION]on [LOCATION]-[ADDRESS],[TICKET ID] - A Support Ticket was forwarded to you  - Initiated by [COMPANY][LOCATION]- Vulnerable[LOCATION]on [LOCATION]-[ADDRESS],Support general,unknown,unknown,,,,zenodo_it_support_tickets
1407,ZENODO_TRAIN_00537,Closure of an e-mail account,Closure of an e-mail account,O365,unknown,unknown,,,,zenodo_it_support_tickets
1397,ZENODO_TRAIN_00538,[TICKET ID] - New Support Ticket received  - Telefonia - número 101,[TICKET ID] - New Support Ticket received  - Telefonia - número 101,Support general,unknown,unknown,,,,zenodo_it_support_tickets
1334,ZENODO_TRAIN_00539,[PASSWORD] - New Support Ticket received  - Problema con contraseña,[PASSWORD] - New Support Ticket received  - Problema con contraseña,Active Directory,unknown,unknown,,,,zenodo_it_support_tickets
1847,ZENODO_TRAIN_00540,File Share Access - [TICKET ID] - [NAME] ([COMPANY]A. [LOCATION]),File Share Access - [TICKET ID] - [NAME] ([COMPANY]A. [LOCATION]),Fileservice,unknown,unknown,,,,zenodo_it_support_tickets
1803,ZENODO_TRAIN_00541,File Share Access - [TICKET ID] - [NAME] ([COMPANY]A. [LOCATION]),File Share Access - [TICKET ID] - [NAME] ([COMPANY]A. [LOCATION]),Fileservice,unknown,unknown,,,,zenodo_it_support_tickets
13762,ZENODO_TRAIN_00542,Acesso pasta J: LaboratórioBoa tarde.      Por favor liberar meu acesso a pasta J: Laboratório.    Atenciosamente.,Acesso pasta J: LaboratórioBoa tarde.      Por favor liberar meu acesso a pasta J: Laboratório.    Atenciosamente.,Fileservice,unknown,unknown,,,,zenodo_it_support_tickets
1951,ZENODO_TRAIN_00543,File Share Access - [TICKET ID] - [NAME] ([COMPANY]A. [LOCATION]),File Share Access - [TICKET ID] - [NAME] ([COMPANY]A. [LOCATION]),Fileservice,unknown,unknown,,,,zenodo_it_support_tickets
2142,ZENODO_TRAIN_00544,Shared Mailbox Access - [AWS_ACCESS_KEY] - [EMAIL],Shared Mailbox Access - [AWS_ACCESS_KEY] - [EMAIL],Support general,unknown,unknown,,,,zenodo_it_support_tickets
2894,ZENODO_TRAIN_00545,Light User - [TICKET ID] - [NAME] ([COMPANY]. [LOCATION])Service Request: Light User  Create Light user for [NAME] ([COMPANY]. [LOCATION])     Firstname: [NAME]  Lastname: [NAME]ailaddress: [EMAIL]  P,Light User - [TICKET ID] - [NAME] ([COMPANY]. [LOCATION])Service Request: Light User  Create Light user for [NAME] ([COMPANY]. [LOCATION])     Firstname: [NAME]  Lastname: [NAME]ailaddress: [EMAIL]  Phone: [PHONE]  Cost Center: 47037  Company: [COMPANY] SE  Department: GIT-[ADDRESS]  ZIP: [ADDRESS]  City: [ADDRESS]  Country: [ADDRESS]  Location:[LOCATION] Office: [LOCATION]. [NAME]     Important: Please set the EA10 to the following value: 4458 (leave blank. when empty)     Desired date: Dec 10 2018 12:00AM     Requestor: [NAME] ([COMPANY]. [LOCATION])     Additional information:  Der User ist nicht für mich sondern für folgende Person:   [NAME]   [COMPANY] Multimedia Solutions GmbH  Learning und Change Consulting [NAME] Hausanschrift: [ADDRESS]  Postanschrift: [ADDRESS] [PHONE] (Tel)  [PHONE] (Mobil)  E-Mail: [EMAIL] Internet: [URL],Support general,unknown,unknown,,,,zenodo_it_support_tickets
1850,ZENODO_TRAIN_00546,File Share Access - [TICKET ID] - [NAME] ([COMPANY]A. [LOCATION]),File Share Access - [TICKET ID] - [NAME] ([COMPANY]A. [LOCATION]),Fileservice,unknown,unknown,,,,zenodo_it_support_tickets
750,ZENODO_TRAIN_00547,[TICKET ID] - New information received on closed ticket  - Basis User - [USERNAME] - [NAME] ([COMPANY]. [LOCATION]),[TICKET ID] - New information received on closed ticket  - Basis User - [USERNAME] - [NAME] ([COMPANY]. [LOCATION]),Support general,unknown,unknown,,,,zenodo_it_support_tickets
2452,ZENODO_TRAIN_00548,[SOFTWARE] issues,[SOFTWARE] issues,Software,unknown,unknown,,,,zenodo_it_support_tickets
1790,ZENODO_TRAIN_00549,Shared Mailbox Access - [TICKET ID] - [EMAIL],Shared Mailbox Access - [TICKET ID] - [EMAIL],Support general,unknown,unknown,,,,zenodo_it_support_tickets
1190,ZENODO_TRAIN_00550,[TICKET ID] - New Support Ticket received  - Configuração de Impressora,[TICKET ID] - New Support Ticket received  - Configuração de Impressora,Computer-Services,unknown,unknown,,,,zenodo_it_support_tickets
1622,ZENODO_TRAIN_00551,Create Shared Mailbox - [TICKET ID] - [EMAIL],Create Shared Mailbox - [TICKET ID] - [EMAIL],Support general,unknown,unknown,,,,zenodo_it_support_tickets
915,ZENODO_TRAIN_00552,[TICKET ID] - A Support Ticket was forwarded to your role  - Configuración mobilepass | [NAME],[TICKET ID] - A Support Ticket was forwarded to your role  - Configuración mobilepass | [NAME],Support general,unknown,unknown,,,,zenodo_it_support_tickets
7678,ZENODO_TRAIN_00553,Basis User - [TICKET ID] - [NAME] ([COMPANY]. [LOCATION])Service Request: Basis User     Create Windows account for internal user  [NAME] ([COMPANY]. [LOCATION])     Firstname:  [NAME]  Lastname:  [NA,Basis User - [TICKET ID] - [NAME] ([COMPANY]. [LOCATION])Service Request: Basis User     Create Windows account for internal user  [NAME] ([COMPANY]. [LOCATION])     Firstname:  [NAME]  Lastname:  [NAME]  Cost Center:  75090  Company:  [COMPANY] SE  Department:  [SERVER]-[ADDRESS]  ZIP:  [ADDRESS]  City:  [ADDRESS]  Country:  Germany  Office:       Important: Please set the EA10 to the following value: 12715 (leave blank. when empty)  Please create Exchange and Skype account.  The user needs at least the following access permissions:  (RW) H:/%username%  (RO) J:/Auftrag  (RW) J:/Info  (RW) J:/Transfer  (RO) J:/Vorlagen  Access to [COMPANY] intranet  Access to [SOFTWARE] ([SERVER])  Requestor:  [NAME] ([COMPANY]. [LOCATION])     Desired date:  Oct 17 2018 12:00AM     Additional information:,Active Directory,unknown,unknown,,,,zenodo_it_support_tickets
1675,ZENODO_TRAIN_00554,Shared Mailbox Access - [TICKET ID] - [EMAIL],Shared Mailbox Access - [TICKET ID] - [EMAIL],Support general,unknown,unknown,,,,zenodo_it_support_tickets
5786,ZENODO_TRAIN_00555,Solicito backup do da 21/11/2019. da planilha. constante do endereço J:/PRODUÇÃO/SUPERVISOR CAMPOS DE PRODUÇÃO/Mônica PROTOCOLO DE NF.xlsx,Solicito backup do da 21/11/2019. da planilha. constante do endereço J:/PRODUÇÃO/SUPERVISOR CAMPOS DE PRODUÇÃO/Mônica PROTOCOLO DE NF.xlsx,Fileservice,unknown,unknown,,,,zenodo_it_support_tickets
1671,ZENODO_TRAIN_00556,Shared Mailbox Access - [ADDRESS] - [EMAIL],Shared Mailbox Access - [ADDRESS] - [EMAIL],Support general,unknown,unknown,,,,zenodo_it_support_tickets
9156,ZENODO_TRAIN_00557,Quarantine email,Quarantine email,Support general,unknown,unknown,,,,zenodo_it_support_tickets
3019,ZENODO_TRAIN_00558,Check if user email exists. and remove user from email,Check if user email exists. and remove user from email,Support general,unknown,unknown,,,,zenodo_it_support_tickets
1347,ZENODO_TRAIN_00559,[TICKET ID] - New Support Ticket received  - Skype not signing in,[TICKET ID] - New Support Ticket received  - Skype not signing in,O365,unknown,unknown,,,,zenodo_it_support_tickets
6955,ZENODO_TRAIN_00560,Light User - [USERNAME] - [NAME] ([COMPANY]. [LOCATION])Service Request: Light User  Create Light user for [NAME] ([COMPANY]. [LOCATION])     Firstname: [NAME]  Lastname: [NAME]ailaddress: [EMAIL]  Ph,Light User - [USERNAME] - [NAME] ([COMPANY]. [LOCATION])Service Request: Light User  Create Light user for [NAME] ([COMPANY]. [LOCATION])     Firstname: [NAME]  Lastname: [NAME]ailaddress: [EMAIL]  Phone: [PHONE]  Cost Center: 47037  Company: [COMPANY] SE  Department: GIT-[ADDRESS]  ZIP: [ADDRESS]  City: [ADDRESS]  Country: [ADDRESS]  Location:[LOCATION] Office: [LOCATION]. [NAME]     Important: Please set the EA10 to the following value: 4458 (leave blank. when empty)     Desired date: Dec 21 2018 12:00AM     Requestor: [NAME] ([COMPANY]. [LOCATION])     Additional information:  Hallo.  für den folgenden Mitarbeiter bitte den entsprechenden AD Account anlegen:  [NAME] [COMPANY] INTERNATIONAL[LOCATION]GDU[LOCATION]Solutions [NAME][LOCATION]FM/HCM [ADDRESS] [PHONE] (Mobil) Mail: [EMAIL],Support general,unknown,unknown,,,,zenodo_it_support_tickets
610,ZENODO_TRAIN_00561,[TICKET ID] - A Support Ticket was forwarded to your role  - The Skype of user [USERNAME] can’t work normally,[TICKET ID] - A Support Ticket was forwarded to your role  - The Skype of user [USERNAME] can’t work normally,O365,unknown,unknown,,,,zenodo_it_support_tickets
2909,ZENODO_TRAIN_00562,Microsoft apps are not working on the phone,Microsoft apps are not working on the phone,O365,unknown,unknown,,,,zenodo_it_support_tickets
1284,ZENODO_TRAIN_00563,[TICKET ID] - New Support Ticket received  - Pagina web del[LOCATION]( IDASE),[TICKET ID] - New Support Ticket received  - Pagina web del[LOCATION]( IDASE),Support general,unknown,unknown,,,,zenodo_it_support_tickets
1668,ZENODO_TRAIN_00564,File Share Access - [TICKET ID] - [NAME] (EXTERNAL. [LOCATION]),File Share Access - [TICKET ID] - [NAME] (EXTERNAL. [LOCATION]),Fileservice,unknown,unknown,,,,zenodo_it_support_tickets
4514,ZENODO_TRAIN_00565,Setup McAfee Web Gateway [LOCATION],Setup McAfee Web Gateway [LOCATION],Software,unknown,unknown,,,,zenodo_it_support_tickets
10829,ZENODO_TRAIN_00566,The following system must be set to End Of Life in Nexthink and checked for[LOCATION]reservations:  [SERVER]  -Automated ticket creation-Please remove the system from Nexthink according to the[LOCATIO,The following system must be set to End Of Life in Nexthink and checked for[LOCATION]reservations:  [SERVER]  -Automated ticket creation-Please remove the system from Nexthink according to the[LOCATION]process and please verify if any[LOCATION]reservations exist. If yes. please remove reservations and note down the corresponding IP(s) and inform [COMPANY] network team to remove firewall rules if there are any.,EOL,unknown,unknown,,,,zenodo_it_support_tickets
8741,ZENODO_TRAIN_00567,Kalenderzugriff nicht mehr gegeben,Kalenderzugriff nicht mehr gegeben,Support general,unknown,unknown,,,,zenodo_it_support_tickets
14302,ZENODO_TRAIN_00568,File Share Access - [TICKET ID] - [NAME]lena ([COMPANY]. [LOCATION])Service Request: File Share Access     Grant access to file share for the following user:  [NAME]lena ([COMPANY]. [LOCATION]) (Usern,File Share Access - [TICKET ID] - [NAME]lena ([COMPANY]. [LOCATION])Service Request: File Share Access     Grant access to file share for the following user:  [NAME]lena ([COMPANY]. [LOCATION]) (Username: [USERNAME])  Access Type: (RW) Read / Write  File Share:      give [NAME] access to           Groups ( J:)[LOCATION]        Requestor: [NAME] ([COMPANY]. [LOCATION])  Comment:  please give her as soon as possible access,Fileservice,unknown,unknown,,,,zenodo_it_support_tickets
8158,ZENODO_TRAIN_00569,File Share Access - [TICKET ID] - [NAME] ([COMPANY]. ESBA)Service Request: File Share Access     Grant access to file share for the following user:  [NAME] ([COMPANY]. ESBA) (Username: [USERNAME])  Ac,File Share Access - [TICKET ID] - [NAME] ([COMPANY]. ESBA)Service Request: File Share Access     Grant access to file share for the following user:  [NAME] ([COMPANY]. ESBA) (Username: [USERNAME])  Access Type: (RW) Read / Write  File Share:      Hello.        I need [NAME] to have access to the rh (//[SERVER]) (L:).    Please contact [NAME] or [NAME] for further information.    Thank you.    [NAME]         Requestor: [NAME] ([COMPANY]. ESBA)  Comment:,Fileservice,unknown,unknown,,,,zenodo_it_support_tickets
9075,ZENODO_TRAIN_00570,Acesso a novo diretório,Acesso a novo diretório,Fileservice,unknown,unknown,,,,zenodo_it_support_tickets
7690,ZENODO_TRAIN_00571,No access to sharepoint team website,No access to sharepoint team website,Software,unknown,unknown,,,,zenodo_it_support_tickets
2737,ZENODO_TRAIN_00572,Criação de uma lista de distribuição,Criação de uma lista de distribuição,Active Directory,unknown,unknown,,,,zenodo_it_support_tickets
13996,ZENODO_TRAIN_00573,Initiated by GIT: Missing connection to all securitytools on system [SERVER],Initiated by GIT: Missing connection to all securitytools on system [SERVER],Software,unknown,unknown,,,,zenodo_it_support_tickets
3576,ZENODO_TRAIN_00574,Nexthink alerts message inbox change,Nexthink alerts message inbox change,Active Directory,unknown,unknown,,,,zenodo_it_support_tickets
6097,ZENODO_TRAIN_00575,The following system must be set to End Of Life in Nexthink and checked for[LOCATION]reservations:  [SERVER]  -Automated ticket creation-Please remove the system from Nexthink according to the[LOCATIO,The following system must be set to End Of Life in Nexthink and checked for[LOCATION]reservations:  [SERVER]  -Automated ticket creation-Please remove the system from Nexthink according to the[LOCATION]process and please verify if any[LOCATION]reservations exist. If yes. please remove reservations and note down the corresponding IP(s) and inform [COMPANY] network team to remove firewall rules if there are any.,EOL,unknown,unknown,,,,zenodo_it_support_tickets
9585,ZENODO_TRAIN_00576,Initiated by [COMPANY][LOCATION]- Vulnerable[LOCATION]on [SERVER] customer.  [COMPANY][LOCATION]tasked [COMPANY] IT to track [COMPANY] systems with identified vulnerabilities and furthermore to initia,Initiated by [COMPANY][LOCATION]- Vulnerable[LOCATION]on [SERVER] customer.  [COMPANY][LOCATION]tasked [COMPANY] IT to track [COMPANY] systems with identified vulnerabilities and furthermore to initiate mandatory procedures.     This message is just for you information. You will receive further details within a short time.        Kind regards.  [COMPANY] IT Services,Support general,unknown,unknown,,,,zenodo_it_support_tickets
2053,ZENODO_TRAIN_00577,Users cant connect online,Users cant connect online,Support general,unknown,unknown,,,,zenodo_it_support_tickets
650,ZENODO_TRAIN_00578,[TICKET ID] - New Support Ticket received  - Basis User - [USERNAME] -,[TICKET ID] - New Support Ticket received  - Basis User - [USERNAME] -,Support general,unknown,unknown,,,,zenodo_it_support_tickets
1719,ZENODO_TRAIN_00579,Shared Mailbox Access - [AWS_ACCESS_KEY] - [EMAIL],Shared Mailbox Access - [AWS_ACCESS_KEY] - [EMAIL],Support general,unknown,unknown,,,,zenodo_it_support_tickets
397,ZENODO_TRAIN_00580,Email folders are differentUser has noticed her email folders are now different.  Was there any updates over the weekend that would have caused this?  User has to monitor two mailboxes. and the recent,Email folders are differentUser has noticed her email folders are now different.  Was there any updates over the weekend that would have caused this?  User has to monitor two mailboxes. and the recent changes make it difficult to see both in the same view.  Can this be changed?  Prior to today it looked like this.  [Image]  Today it looks like this.  [Image],O365,unknown,unknown,,,,zenodo_it_support_tickets
11281,ZENODO_TRAIN_00581,Acesso a VPN,Acesso a VPN,Support general,unknown,unknown,,,,zenodo_it_support_tickets
1688,ZENODO_TRAIN_00582,File Share Access - [TICKET ID] - [NAME] ([COMPANY]A. [LOCATION]),File Share Access - [TICKET ID] - [NAME] ([COMPANY]A. [LOCATION]),Fileservice,unknown,unknown,,,,zenodo_it_support_tickets
1308,ZENODO_TRAIN_00583,[TICKET ID] - A Support Ticket was forwarded to your role  - okta mobile,[TICKET ID] - A Support Ticket was forwarded to your role  - okta mobile,Software,unknown,unknown,,,,zenodo_it_support_tickets
718,ZENODO_TRAIN_00584,[TICKET ID] - New Support Ticket received  - Basis User for external - [TICKET ID] - [NAME],[TICKET ID] - New Support Ticket received  - Basis User for external - [TICKET ID] - [NAME],Support general,unknown,unknown,,,,zenodo_it_support_tickets
152,ZENODO_TRAIN_00585,[TICKET ID] - New Support Ticket received  - renovacion [NAME],[TICKET ID] - New Support Ticket received  - renovacion [NAME],Active Directory,unknown,unknown,,,,zenodo_it_support_tickets
2264,ZENODO_TRAIN_00586,File Share Access - [TICKET ID] - [NAME] ([COMPANY]A. [LOCATION]),File Share Access - [TICKET ID] - [NAME] ([COMPANY]A. [LOCATION]),Fileservice,unknown,unknown,,,,zenodo_it_support_tickets
1143,ZENODO_TRAIN_00587,[TICKET ID] - New information received on closed ticket  - [NAME] Impressora,[TICKET ID] - New information received on closed ticket  - [NAME] Impressora,Computer-Services,unknown,unknown,,,,zenodo_it_support_tickets
737,ZENODO_TRAIN_00588,[TICKET ID] - A Support Ticket was forwarded to your role  - Light User for external - [USERNAME] - [NAME],[TICKET ID] - A Support Ticket was forwarded to your role  - Light User for external - [USERNAME] - [NAME],Support general,unknown,unknown,,,,zenodo_it_support_tickets
39,ZENODO_TRAIN_00589,[TICKET ID] - A Support Ticket was forwarded to your role  - Kalenderproblem: free/busy für Kollegen nicht sichtbar,[TICKET ID] - A Support Ticket was forwarded to your role  - Kalenderproblem: free/busy für Kollegen nicht sichtbar,O365,unknown,unknown,,,,zenodo_it_support_tickets
2246,ZENODO_TRAIN_00590,Shared Mailbox Access - [ADDRESS] - [EMAIL],Shared Mailbox Access - [ADDRESS] - [EMAIL],Support general,unknown,unknown,,,,zenodo_it_support_tickets
1531,ZENODO_TRAIN_00591,Create Shared Mailbox - [TICKET ID] - my[COMPANY] HU,Create Shared Mailbox - [TICKET ID] - my[COMPANY] HU,Support general,unknown,unknown,,,,zenodo_it_support_tickets
1711,ZENODO_TRAIN_00592,File Share Access - [TICKET ID] - [NAME] ([COMPANY]A. [LOCATION]),File Share Access - [TICKET ID] - [NAME] ([COMPANY]A. [LOCATION]),Fileservice,unknown,unknown,,,,zenodo_it_support_tickets
2625,ZENODO_TRAIN_00593,File Share Access - [TICKET ID] - [NAME] ([COMPANY]. [LOCATION])Service Request: File Share Access     Grant access to file share for the following user:  [NAME] ([COMPANY]. [LOCATION]) (Username: [US,File Share Access - [TICKET ID] - [NAME] ([COMPANY]. [LOCATION])Service Request: File Share Access     Grant access to file share for the following user:  [NAME] ([COMPANY]. [LOCATION]) (Username: [USERNAME])  Access Type: (RW) Read / Write  File Share:    Hello.   please grant me the same access to the same folders as Mr.Diedrich has.       Regards.   irina Karpacheva       Requestor: [NAME] ([COMPANY]. [LOCATION])  Comment:,Fileservice,unknown,unknown,,,,zenodo_it_support_tickets
11258,ZENODO_TRAIN_00594,Instalação de impressora  sharp 2640,Instalação de impressora  sharp 2640,Computer-Services,unknown,unknown,,,,zenodo_it_support_tickets
10768,ZENODO_TRAIN_00595,The following system must be set to End Of Life in Nexthink and checked for[LOCATION]reservations:  [SERVER]  -Automated ticket creation-Please remove the system from Nexthink according to the[LOCATIO,The following system must be set to End Of Life in Nexthink and checked for[LOCATION]reservations:  [SERVER]  -Automated ticket creation-Please remove the system from Nexthink according to the[LOCATION]process and please verify if any[LOCATION]reservations exist. If yes. please remove reservations and note down the corresponding IP(s) and inform [COMPANY] network team to remove firewall rules if there are any.,EOL,unknown,unknown,,,,zenodo_it_support_tickets
6278,ZENODO_TRAIN_00596,File Share Access - [TICKET ID] - Lueders.[NAME]([COMPANY]. [LOCATION])Service Request: File Share Access     Grant access to file share for the following user:  Lueders.[NAME]([COMPANY]. [LOCATION]) ,File Share Access - [TICKET ID] - Lueders.[NAME]([COMPANY]. [LOCATION])Service Request: File Share Access     Grant access to file share for the following user:  Lueders.[NAME]([COMPANY]. [LOCATION]) (Username: [USERNAME])  Access Type: (RW) Read / Write  File Share:  J:/SB-BD_CAA     Requestor: [NAME] ([COMPANY]. [LOCATION])  Comment:,Fileservice,unknown,unknown,,,,zenodo_it_support_tickets
1736,ZENODO_TRAIN_00597,Shared Mailbox Access - [ADDRESS] - [EMAIL],Shared Mailbox Access - [ADDRESS] - [EMAIL],Support general,unknown,unknown,,,,zenodo_it_support_tickets
1517,ZENODO_TRAIN_00598,File Share Access - [TICKET ID] - [NAME] ([COMPANY]A. [LOCATION]),File Share Access - [TICKET ID] - [NAME] ([COMPANY]A. [LOCATION]),Fileservice,unknown,unknown,,,,zenodo_it_support_tickets
9476,ZENODO_TRAIN_00599,File Share Access - [TICKET ID] - [NAME] ([COMPANY]. [LOCATION])Service Request: File Share Access     Grant access to file share for the following user:  [NAME] ([COMPANY]. [LOCATION]) (Username: Bem,File Share Access - [TICKET ID] - [NAME] ([COMPANY]. [LOCATION])Service Request: File Share Access     Grant access to file share for the following user:  [NAME] ([COMPANY]. [LOCATION]) (Username: Bemm)  Access Type: (RO) Read only  File Share:  J:/MBDATA/Lab     Requestor: [NAME] ([COMPANY]. [LOCATION])  Comment:,Fileservice,unknown,unknown,,,,zenodo_it_support_tickets
605,ZENODO_TRAIN_00600,[TICKET ID] - New information received on closed ticket  - Basis User - [USERNAME] - [NAME] ([COMPANY]. [LOCATION]),[TICKET ID] - New information received on closed ticket  - Basis User - [USERNAME] - [NAME] ([COMPANY]. [LOCATION]),Support general,unknown,unknown,,,,zenodo_it_support_tickets
1988,ZENODO_TRAIN_00601,File Share Access - [TICKET ID] - [NAME] ([COMPANY]A. [LOCATION]),File Share Access - [TICKET ID] - [NAME] ([COMPANY]A. [LOCATION]),Fileservice,unknown,unknown,,,,zenodo_it_support_tickets
1277,ZENODO_TRAIN_00602,[TICKET ID] - New Support Ticket received  - Email y alias,[TICKET ID] - New Support Ticket received  - Email y alias,O365,unknown,unknown,,,,zenodo_it_support_tickets
1673,ZENODO_TRAIN_00603,File Share Access - [TICKET ID] - [NAME] ([COMPANY]A. [LOCATION]),File Share Access - [TICKET ID] - [NAME] ([COMPANY]A. [LOCATION]),Fileservice,unknown,unknown,,,,zenodo_it_support_tickets
1389,ZENODO_TRAIN_00604,[TICKET ID] - New Support Ticket received  - iPhone reset,[TICKET ID] - New Support Ticket received  - iPhone reset,Support general,unknown,unknown,,,,zenodo_it_support_tickets
2228,ZENODO_TRAIN_00605,File Share Access - [TICKET ID] - [NAME] ([COMPANY]. [LOCATION]),File Share Access - [TICKET ID] - [NAME] ([COMPANY]. [LOCATION]),Fileservice,unknown,unknown,,,,zenodo_it_support_tickets
2265,ZENODO_TRAIN_00606,(2019100506508) Verizon Initial Notification - Sitecode: [LOCATION],(2019100506508) Verizon Initial Notification - Sitecode: [LOCATION],Support general,unknown,unknown,,,,zenodo_it_support_tickets
924,ZENODO_TRAIN_00607,[TICKET ID] - New Support Ticket received  - Scanner Config.,[TICKET ID] - New Support Ticket received  - Scanner Config.,Computer-Services,unknown,unknown,,,,zenodo_it_support_tickets
565,ZENODO_TRAIN_00608,[TICKET ID] - New Support Ticket received  - Create[LOCATION]entry [COMPANY]up.ads.dir,[TICKET ID] - New Support Ticket received  - Create[LOCATION]entry [COMPANY]up.ads.dir,Support general,unknown,unknown,,,,zenodo_it_support_tickets
9791,ZENODO_TRAIN_00609,File Share Access - [TICKET ID] -Service Request: File Share Access     Grant access to file share for the following user:   (Username: )  Access Type: (RW) Read / Write  File Share:    J:/[LOCATION] ,File Share Access - [TICKET ID] -Service Request: File Share Access     Grant access to file share for the following user:   (Username: )  Access Type: (RW) Read / Write  File Share:    J:/[LOCATION]  J:/Projekte  [LOCATION]Projekt Management Portal TP   Benutzergruppe Project_Manager_TP       Requestor: [NAME] ([COMPANY]. [LOCATION])  Comment:,Fileservice,unknown,unknown,,,,zenodo_it_support_tickets
11400,ZENODO_TRAIN_00610,duplicate emails sentWe have two separate reports of duplicate messages being received by users.  Both [NAME] and [NAME] appear to have sent duplicate messages when they did not (send items only shows,duplicate emails sentWe have two separate reports of duplicate messages being received by users.  Both [NAME] and [NAME] appear to have sent duplicate messages when they did not (send items only shows one copy).  Please investigate the issue and determine the cause of this problem.  See below snips for examples as well as the attached emails.  [Image]  [Image],O365,unknown,unknown,,,,zenodo_it_support_tickets
1961,ZENODO_TRAIN_00611,Shared Mailbox Access - [ADDRESS] - [EMAIL],Shared Mailbox Access - [ADDRESS] - [EMAIL],Support general,unknown,unknown,,,,zenodo_it_support_tickets
4803,ZENODO_TRAIN_00612,E-Mailadresse falsch,E-Mailadresse falsch,Support general,unknown,unknown,,,,zenodo_it_support_tickets
75,ZENODO_TRAIN_00613,Initiated by [COMPANY][LOCATION]- Vulnerable Internet Explorer on [SERVER],Initiated by [COMPANY][LOCATION]- Vulnerable Internet Explorer on [SERVER],Software,unknown,unknown,,,,zenodo_it_support_tickets
10830,ZENODO_TRAIN_00614,Missing connection to all securitytools on system [SERVER],Missing connection to all securitytools on system [SERVER],Software,unknown,unknown,,,,zenodo_it_support_tickets
1276,ZENODO_TRAIN_00615,[TICKET ID] - New Support Ticket received  - quitar accesos de carpeta RRHH,[TICKET ID] - New Support Ticket received  - quitar accesos de carpeta RRHH,Fileservice,unknown,unknown,,,,zenodo_it_support_tickets
3848,ZENODO_TRAIN_00616,ImpresoraBuenas tardes Estimado. no tengo problemas para imprimir. este es el aviso que me aparece     [Image],ImpresoraBuenas tardes Estimado. no tengo problemas para imprimir. este es el aviso que me aparece     [Image],Computer-Services,unknown,unknown,,,,zenodo_it_support_tickets
1411,ZENODO_TRAIN_00617,Delegate access for [SERVER],Delegate access for [SERVER],Active Directory,unknown,unknown,,,,zenodo_it_support_tickets
7867,ZENODO_TRAIN_00618,Planilha não esta na rede.,Planilha não esta na rede.,O365,unknown,unknown,,,,zenodo_it_support_tickets
1149,ZENODO_TRAIN_00619,[TICKET ID] - New Support Ticket received  - Telephone email not working,[TICKET ID] - New Support Ticket received  - Telephone email not working,Support general,unknown,unknown,,,,zenodo_it_support_tickets
1081,ZENODO_TRAIN_00620,[TICKET ID] - New Support Ticket received  - No me anda internet ni el correo electronico,[TICKET ID] - New Support Ticket received  - No me anda internet ni el correo electronico,O365,unknown,unknown,,,,zenodo_it_support_tickets
809,ZENODO_TRAIN_00621,[TICKET ID] - New Support Ticket received  - conexion[LOCATION]en el escritorio,[TICKET ID] - New Support Ticket received  - conexion[LOCATION]en el escritorio,Support general,unknown,unknown,,,,zenodo_it_support_tickets
3661,ZENODO_TRAIN_00622,Basis User - [TICKET ID] -Service Request: Basis User     Create Windows account for internal user       Firstname:  [NAME]  Lastname:  [USERNAME]  Cost Center:  44288  Company:    Department:  [LOCAT,Basis User - [TICKET ID] -Service Request: Basis User     Create Windows account for internal user       Firstname:  [NAME]  Lastname:  [USERNAME]  Cost Center:  44288  Company:    Department:  [LOCATION]  Street:    ZIP:    City:    Country:  [ADDRESS]  Office:       Important: Please set the EA10 to the following value: 13708 (leave blank. when empty)  Please create Exchange and Skype account.  The user needs at least the following access permissions:  Access to [SOFTWARE] ([SERVER])  Requestor:  [NAME] ([COMPANY]. [LOCATION])     Desired date:  Jan 15 2019  3:00AM     Additional information:,Support general,unknown,unknown,,,,zenodo_it_support_tickets
2018,ZENODO_TRAIN_00623,File Share Access - [TICKET ID] - [NAME] ([COMPANY]. [LOCATION]),File Share Access - [TICKET ID] - [NAME] ([COMPANY]. [LOCATION]),Fileservice,unknown,unknown,,,,zenodo_it_support_tickets
636,ZENODO_TRAIN_00624,[TICKET ID] - A Support Ticket was forwarded to your role  - create[LOCATION]recors for new production ESXi hosts,[TICKET ID] - A Support Ticket was forwarded to your role  - create[LOCATION]recors for new production ESXi hosts,Support general,unknown,unknown,,,,zenodo_it_support_tickets
1527,ZENODO_TRAIN_00625,Shared Mailbox Access - [AWS_ACCESS_KEY] - [EMAIL],Shared Mailbox Access - [AWS_ACCESS_KEY] - [EMAIL],Support general,unknown,unknown,,,,zenodo_it_support_tickets
773,ZENODO_TRAIN_00626,[TICKET ID] - A Support Ticket was forwarded to you  - Initiated by [COMPANY][LOCATION]- Vulnerable Office on [ADDRESS],[TICKET ID] - A Support Ticket was forwarded to you  - Initiated by [COMPANY][LOCATION]- Vulnerable Office on [ADDRESS],Support general,unknown,unknown,,,,zenodo_it_support_tickets
1009,ZENODO_TRAIN_00627,[TICKET ID] - New Support Ticket received  - Habiliar a ferramenta EXCEL-DAPI,[TICKET ID] - New Support Ticket received  - Habiliar a ferramenta EXCEL-DAPI,O365,unknown,unknown,,,,zenodo_it_support_tickets
10321,ZENODO_TRAIN_00628,The following system must be set to End Of Life in Nexthink and checked for[LOCATION]reservations:  [SERVER]  -Automated ticket creation-Please remove the system from Nexthink according to the[LOCATIO,The following system must be set to End Of Life in Nexthink and checked for[LOCATION]reservations:  [SERVER]  -Automated ticket creation-Please remove the system from Nexthink according to the[LOCATION]process and please verify if any[LOCATION]reservations exist. If yes. please remove reservations and note down the corresponding IP(s) and inform [COMPANY] network team to remove firewall rules if there are any.,EOL,unknown,unknown,,,,zenodo_it_support_tickets
1348,ZENODO_TRAIN_00629,[TICKET ID] - New Support Ticket received  - Cant login to Skype,[TICKET ID] - New Support Ticket received  - Cant login to Skype,O365,unknown,unknown,,,,zenodo_it_support_tickets
5281,ZENODO_TRAIN_00630,Light User - [USERNAME] - [NAME] ([COMPANY]. [LOCATION])Service Request: Light User  Create Light user for [NAME] ([COMPANY]. [LOCATION])     Firstname: [NAME]  Lastname: [NAME]ailaddress: [EMAIL]  Ph,Light User - [USERNAME] - [NAME] ([COMPANY]. [LOCATION])Service Request: Light User  Create Light user for [NAME] ([COMPANY]. [LOCATION])     Firstname: [NAME]  Lastname: [NAME]ailaddress: [EMAIL]  Phone:   Cost Center: [PHONE]  Company: [COMPANY] S.A.  Department: KW-[ADDRESS] [ADDRESS] – Zona Rural.  ZIP:[LOCATION][ADDRESS]  City: [ADDRESS]  Country: [ADDRESS]  Location:[LOCATION] Office:      Important: Please set the EA10 to the following value: 10166 (leave blank. when empty)     Desired date: Jan 24 2019  3:00AM     Requestor: [NAME] ([COMPANY]. [LOCATION])     Additional information:,Support general,unknown,unknown,,,,zenodo_it_support_tickets
10280,ZENODO_TRAIN_00631,Printer at my desk is hesitating again & I have lost Google,Printer at my desk is hesitating again & I have lost Google,Computer-Services,unknown,unknown,,,,zenodo_it_support_tickets
1952,ZENODO_TRAIN_00632,New Phone Need Okta resetNew Phone Need Okta reset,New Phone Need Okta resetNew Phone Need Okta reset,Software,unknown,unknown,,,,zenodo_it_support_tickets
3844,ZENODO_TRAIN_00633,The following system must be set to End Of Life in Nexthink and checked for[LOCATION]reservations:  [SERVER]  -Automated ticket creation-Please remove the system from Nexthink according to the[LOCATIO,The following system must be set to End Of Life in Nexthink and checked for[LOCATION]reservations:  [SERVER]  -Automated ticket creation-Please remove the system from Nexthink according to the[LOCATION]process and please verify if any[LOCATION]reservations exist. If yes. please remove reservations and note down the corresponding IP(s) and inform [COMPANY] network team to remove firewall rules if there are any.,EOL,unknown,unknown,,,,zenodo_it_support_tickets
723,ZENODO_TRAIN_00634,[TICKET ID] - New Support Ticket received  - Basis User - [USERNAME] -,[TICKET ID] - New Support Ticket received  - Basis User - [USERNAME] -,Support general,unknown,unknown,,,,zenodo_it_support_tickets
941,ZENODO_TRAIN_00635,[TICKET ID] - New Support Ticket received  - no puede entrar al correo,[TICKET ID] - New Support Ticket received  - no puede entrar al correo,O365,unknown,unknown,,,,zenodo_it_support_tickets
6532,ZENODO_TRAIN_00636,Basis User - [TICKET ID] - Eisinger. [NAME] ([COMPANY]. [LOCATION])Service Request: Basis User     Create Windows account for internal user  Eisinger. [NAME] ([COMPANY]. [LOCATION])     Firstname:  [N,Basis User - [TICKET ID] - Eisinger. [NAME] ([COMPANY]. [LOCATION])Service Request: Basis User     Create Windows account for internal user  Eisinger. [NAME] ([COMPANY]. [LOCATION])     Firstname:  [NAME]  Lastname:  [NAME]  Cost Center:  174406  Company:  [COMPANY] [ADDRESS] GmbH  Department:  [ADDRESS]  City:  [ADDRESS]  Country:  Germany  Office:       Important: Please set the EA10 to the following value: 13630 (leave blank. when empty)  Please create Exchange and Skype account.  The user needs at least the following access permissions:  (RW) H:/%username%  (RO) J:/Auftrag  (RW) J:/Info  (RW) J:/Transfer  (RO) J:/Vorlagen  Access to [COMPANY] intranet  Access to [SOFTWARE] ([SERVER])  Requestor:  [NAME] ([COMPANY]. [LOCATION])     Desired date:  Jan 10 2019 12:00AM     Additional information:   [ADDRESS].  Bitte asap - Head of [LOCATION] HR,Support general,unknown,unknown,,,,zenodo_it_support_tickets
2238,ZENODO_TRAIN_00637,File Share Access - [TICKET ID] - [NAME] ([COMPANY]. [LOCATION]),File Share Access - [TICKET ID] - [NAME] ([COMPANY]. [LOCATION]),Fileservice,unknown,unknown,,,,zenodo_it_support_tickets
5888,ZENODO_TRAIN_00638,Problemas no Skype quando ao receber ligações Quando recebo uma chamada de voz  via Skype. não consigo atender. diz que que o áudio não está configurado,Problemas no Skype quando ao receber ligações Quando recebo uma chamada de voz  via Skype. não consigo atender. diz que que o áudio não está configurado,O365,unknown,unknown,,,,zenodo_it_support_tickets
1293,ZENODO_TRAIN_00639,[TICKET ID] - A Support Ticket was forwarded to you  - AD Account gelöscht,[TICKET ID] - A Support Ticket was forwarded to you  - AD Account gelöscht,Active Directory,unknown,unknown,,,,zenodo_it_support_tickets
8957,ZENODO_TRAIN_00640,Power BI Fails to Publish,Power BI Fails to Publish,O365,unknown,unknown,,,,zenodo_it_support_tickets
1388,ZENODO_TRAIN_00641,[TICKET ID] - A Support Ticket was forwarded to your role  - Problemas com e-mail Contas a Pagar,[TICKET ID] - A Support Ticket was forwarded to your role  - Problemas com e-mail Contas a Pagar,O365,unknown,unknown,,,,zenodo_it_support_tickets
1254,ZENODO_TRAIN_00642,[TICKET ID] - New Support Ticket received  - Connection error to J drive via Citrix,[TICKET ID] - New Support Ticket received  - Connection error to J drive via Citrix,Fileservice,unknown,unknown,,,,zenodo_it_support_tickets
1862,ZENODO_TRAIN_00643,Shared Mailbox Access - [AWS_ACCESS_KEY] - [EMAIL],Shared Mailbox Access - [AWS_ACCESS_KEY] - [EMAIL],Support general,unknown,unknown,,,,zenodo_it_support_tickets
2881,ZENODO_TRAIN_00644,actual[LOCATION]user list,actual[LOCATION]user list,Support general,unknown,unknown,,,,zenodo_it_support_tickets
1652,ZENODO_TRAIN_00645,File Share Access - [TICKET ID] - [NAME] ([COMPANY]A. [LOCATION]),File Share Access - [TICKET ID] - [NAME] ([COMPANY]A. [LOCATION]),Fileservice,unknown,unknown,,,,zenodo_it_support_tickets
2143,ZENODO_TRAIN_00646,File Share Access - [TICKET ID] - [NAME] ([COMPANY]. [LOCATION]),File Share Access - [TICKET ID] - [NAME] ([COMPANY]. [LOCATION]),Fileservice,unknown,unknown,,,,zenodo_it_support_tickets
9561,ZENODO_TRAIN_00647,Acesso as pastas - Mesmos acessos da [NAME],Acesso as pastas - Mesmos acessos da [NAME],Fileservice,unknown,unknown,,,,zenodo_it_support_tickets
7072,ZENODO_TRAIN_00648,Basis User - [TICKET ID] - [USERNAME]. [NAME] ([COMPANY]. [LOCATION])Service Request: Basis User     Create Windows account for internal user  [USERNAME]. [NAME] ([COMPANY]. [LOCATION])     Firstname:,Basis User - [TICKET ID] - [USERNAME]. [NAME] ([COMPANY]. [LOCATION])Service Request: Basis User     Create Windows account for internal user  [USERNAME]. [NAME] ([COMPANY]. [LOCATION])     Firstname:  [NAME]  Lastname:  [NAME]  Cost Center:  174454  Company:  [COMPANY] Berlin GmbH  Department:  GTC-[ADDRESS]  ZIP:  [ADDRESS]  City:  [ADDRESS]  Country:  Germany  Office:       Important: Please set the EA10 to the following value: 13601 (leave blank. when empty)  Please create Exchange and Skype account.  The user needs at least the following access permissions:  (RW) H:/%username%  (RO) J:/Auftrag  (RW) J:/Info  (RW) J:/Transfer  (RO) J:/Vorlagen  Access to [COMPANY] intranet  Access to [SOFTWARE] ([SERVER])  Requestor:  [NAME] ([COMPANY]. [LOCATION])     Desired date:  Jan  1 2019 12:00AM     Additional information:   Liebes [COMPANY]-Team.   Laptop. Bildschirm. Tastatur. Telefon. Headset bitte aus Gerätepool Berlin. falls vorhanden  Tastatur und Laptop bitte deutsche Tastatur   Vielen Dank,Support general,unknown,unknown,,,,zenodo_it_support_tickets
1774,ZENODO_TRAIN_00649,Shared Mailbox Access - [AWS_ACCESS_KEY] - [EMAIL],Shared Mailbox Access - [AWS_ACCESS_KEY] - [EMAIL],Support general,unknown,unknown,,,,zenodo_it_support_tickets
1788,ZENODO_TRAIN_00650,Create Shared Mailbox - [EMAIL] - [COMPANY] Credit card management,Create Shared Mailbox - [EMAIL] - [COMPANY] Credit card management,Support general,unknown,unknown,,,,zenodo_it_support_tickets
8409,ZENODO_TRAIN_00651,Basis User - [TICKET ID] - [NAME] ([COMPANY]. [LOCATION])Service Request: Basis User     Create Windows account for internal user  [USERNAME] ([COMPANY]. [LOCATION])     Firstname:  [NAME]  Lastname: ,Basis User - [TICKET ID] - [NAME] ([COMPANY]. [LOCATION])Service Request: Basis User     Create Windows account for internal user  [USERNAME] ([COMPANY]. [LOCATION])     Firstname:  [NAME]  Lastname:  [NAME]  Cost Center:  44257  Company:  [COMPANY] France  Department:  [COMPANY]  Street:  [ADDRESS]  ZIP:  [ADDRESS]  City:  [ADDRESS]  Country:    Office:       Important: Please set the EA10 to the following value: 13744 (leave blank. when empty)  Please create Exchange and Skype account.  The user needs at least the following access permissions:  Access to [SOFTWARE] ([SERVER])  Requestor:  [NAME] ([COMPANY]. [LOCATION])     Desired date:  Feb  1 2019 12:00AM     Additional information:,Support general,unknown,unknown,,,,zenodo_it_support_tickets
1119,ZENODO_TRAIN_00652,[TICKET ID] - New Support Ticket received  -[LOCATION]Training,[TICKET ID] - New Support Ticket received  -[LOCATION]Training,Fileservice,unknown,unknown,,,,zenodo_it_support_tickets
842,ZENODO_TRAIN_00653,[TICKET ID] - New Support Ticket received  - No me aparecen las carpetas compartidas,[TICKET ID] - New Support Ticket received  - No me aparecen las carpetas compartidas,Fileservice,unknown,unknown,,,,zenodo_it_support_tickets
2181,ZENODO_TRAIN_00654,cant connect to Folder GROUPS,cant connect to Folder GROUPS,Fileservice,unknown,unknown,,,,zenodo_it_support_tickets
2214,ZENODO_TRAIN_00655,Create Shared Mailbox - [EMAIL] - PI / PO Support,Create Shared Mailbox - [EMAIL] - PI / PO Support,Support general,unknown,unknown,,,,zenodo_it_support_tickets
913,ZENODO_TRAIN_00656,[TICKET ID] - New Support Ticket received  - Instalar app office,[TICKET ID] - New Support Ticket received  - Instalar app office,Software,unknown,unknown,,,,zenodo_it_support_tickets
787,ZENODO_TRAIN_00657,[TICKET ID] - A Support Ticket was forwarded to your role  - Verificar Conta E-mail,[TICKET ID] - A Support Ticket was forwarded to your role  - Verificar Conta E-mail,O365,unknown,unknown,,,,zenodo_it_support_tickets
5067,ZENODO_TRAIN_00658,Instalar impressora -[LOCATION]I,Instalar impressora -[LOCATION]I,Computer-Services,unknown,unknown,,,,zenodo_it_support_tickets
928,ZENODO_TRAIN_00659,[TICKET ID] - New Support Ticket received  - SafeNet SoftToken Activation,[TICKET ID] - New Support Ticket received  - SafeNet SoftToken Activation,Support general,unknown,unknown,,,,zenodo_it_support_tickets
696,ZENODO_TRAIN_00660,[TICKET ID] - New Support Ticket received  - Basis User - [USERNAME] - [NAME] ([COMPANY]. [LOCATION]),[TICKET ID] - New Support Ticket received  - Basis User - [USERNAME] - [NAME] ([COMPANY]. [LOCATION]),Support general,unknown,unknown,,,,zenodo_it_support_tickets
2025,ZENODO_TRAIN_00661,File Share Access - [TICKET ID] - [NAME] ([COMPANY]),File Share Access - [TICKET ID] - [NAME] ([COMPANY]),Fileservice,unknown,unknown,,,,zenodo_it_support_tickets
2151,ZENODO_TRAIN_00662,Initiated by GIT: Missing connection to updates ([SOFTWARE]) on system [SERVER],Initiated by GIT: Missing connection to updates ([SOFTWARE]) on system [SERVER],Software,unknown,unknown,,,,zenodo_it_support_tickets
840,ZENODO_TRAIN_00663,[TICKET ID] - New Support Ticket received  -[LOCATION]and Printer Driver on New Machine,[TICKET ID] - New Support Ticket received  -[LOCATION]and Printer Driver on New Machine,Computer-Services,unknown,unknown,,,,zenodo_it_support_tickets
1682,ZENODO_TRAIN_00664,File Share Access - [TICKET ID] - [ADDRESS] ([COMPANY]A. [LOCATION]),File Share Access - [TICKET ID] - [ADDRESS] ([COMPANY]A. [LOCATION]),Fileservice,unknown,unknown,,,,zenodo_it_support_tickets
2254,ZENODO_TRAIN_00665,File Share Access - [TICKET ID] - [NAME] ([COMPANY]A. [LOCATION]),File Share Access - [TICKET ID] - [NAME] ([COMPANY]A. [LOCATION]),Fileservice,unknown,unknown,,,,zenodo_it_support_tickets
1941,ZENODO_TRAIN_00666,Shared Mailbox Access - [ADDRESS] - [EMAIL],Shared Mailbox Access - [ADDRESS] - [EMAIL],Support general,unknown,unknown,,,,zenodo_it_support_tickets
1625,ZENODO_TRAIN_00667,Shared Mailbox Access - [TICKET ID] - [EMAIL],Shared Mailbox Access - [TICKET ID] - [EMAIL],Support general,unknown,unknown,,,,zenodo_it_support_tickets
2286,ZENODO_TRAIN_00668,File Share Access - [TICKET ID] - [NAME] ([COMPANY]A. [LOCATION]),File Share Access - [TICKET ID] - [NAME] ([COMPANY]A. [LOCATION]),Fileservice,unknown,unknown,,,,zenodo_it_support_tickets
5109,ZENODO_TRAIN_00669,File Share Access - [TICKET ID] - [NAME] ([COMPANY]. [LOCATION])Service Request: File Share Access     Grant access to file share for the following user:  [USERNAME]. Eva ([COMPANY]. [LOCATION]) (User,File Share Access - [TICKET ID] - [NAME] ([COMPANY]. [LOCATION])Service Request: File Share Access     Grant access to file share for the following user:  [USERNAME]. Eva ([COMPANY]. [LOCATION]) (Username: [USERNAME])  Access Type: (RW) Read / Write  File Share:      n:/_Share/    n:/[SERVER]/STA-ALZ/    n:/[SERVER]/STA-EIN/    n:/[SERVER]/STA-KOZ/    n:/[SERVER]/STA-MCE/    n:/[SERVER]/STA-PIU/    n:/[SERVER]/STA-POR/         Requestor: [NAME] ([COMPANY]. [LOCATION])  Comment:,Fileservice,unknown,unknown,,,,zenodo_it_support_tickets
1552,ZENODO_TRAIN_00670,File Share Access - [TICKET ID] - [NAME] ([COMPANY]A. [LOCATION]),File Share Access - [TICKET ID] - [NAME] ([COMPANY]A. [LOCATION]),Fileservice,unknown,unknown,,,,zenodo_it_support_tickets
1766,ZENODO_TRAIN_00671,File Share Access - [TICKET ID] - [NAME] ([COMPANY]. [LOCATION]),File Share Access - [TICKET ID] - [NAME] ([COMPANY]. [LOCATION]),Fileservice,unknown,unknown,,,,zenodo_it_support_tickets
730,ZENODO_TRAIN_00672,[TICKET ID] - New Support Ticket received  - File Share Access - [TICKET ID] - [NAME] ([COMPANY]. [LOCATION]),[TICKET ID] - New Support Ticket received  - File Share Access - [TICKET ID] - [NAME] ([COMPANY]. [LOCATION]),Fileservice,unknown,unknown,,,,zenodo_it_support_tickets
1089,ZENODO_TRAIN_00673,[TICKET ID] - New Support Ticket received  - Ajuste de Acesso ao Calendário das Salas,[TICKET ID] - New Support Ticket received  - Ajuste de Acesso ao Calendário das Salas,O365,unknown,unknown,,,,zenodo_it_support_tickets
2066,ZENODO_TRAIN_00674,Remove File Share Access - [TICKET ID] - [NAME] ([COMPANY]A. [LOCATION]),Remove File Share Access - [TICKET ID] - [NAME] ([COMPANY]A. [LOCATION]),Fileservice,unknown,unknown,,,,zenodo_it_support_tickets
3131,ZENODO_TRAIN_00675,The following system must be set to End Of Life in Nexthink and checked for[LOCATION]reservations:  [SERVER]  -Automated ticket creation-Please remove the system from Nexthink according to the[LOCATIO,The following system must be set to End Of Life in Nexthink and checked for[LOCATION]reservations:  [SERVER]  -Automated ticket creation-Please remove the system from Nexthink according to the[LOCATION]process and please verify if any[LOCATION]reservations exist. If yes. please remove reservations and note down the corresponding IP(s) and inform [COMPANY] network team to remove firewall rules if there are any.,EOL,unknown,unknown,,,,zenodo_it_support_tickets
513,ZENODO_TRAIN_00676,The following system must be set to End Of Life in Nexthink and checked for[LOCATION]reservations:  [SERVER]  -Automated ticket creation-Please remove the system from Nexthink according to the[LOCATIO,The following system must be set to End Of Life in Nexthink and checked for[LOCATION]reservations:  [SERVER]  -Automated ticket creation-Please remove the system from Nexthink according to the[LOCATION]process and please verify if any[LOCATION]reservations exist. If yes. please remove reservations and note down the corresponding IP(s) and inform [COMPANY] network team to remove firewall rules if there are any.,EOL,unknown,unknown,,,,zenodo_it_support_tickets
2212,ZENODO_TRAIN_00677,ACCESS DB in inkonsistentem Zustand,ACCESS DB in inkonsistentem Zustand,O365,unknown,unknown,,,,zenodo_it_support_tickets
3742,ZENODO_TRAIN_00678,File Share Access - [TICKET ID] - [NAME] ([COMPANY]. [LOCATION])Service Request: File Share Access     Grant access to file share for the following user:  [NAME] ([COMPANY]. [LOCATION]) (Username: [US,File Share Access - [TICKET ID] - [NAME] ([COMPANY]. [LOCATION])Service Request: File Share Access     Grant access to file share for the following user:  [NAME] ([COMPANY]. [LOCATION]) (Username: [USERNAME])  Access Type: (RW) Read / Write  File Share:      N:/[SERVER]/STA-LEM    N:/[SERVER]/STA-CAM    N:/[SERVER]/STA-[LOCATION]    N:/[SERVER]/STA-PGRO        R/W including all subfolders.         Requestor: [NAME] ([COMPANY]. [LOCATION])  Comment:,Fileservice,unknown,unknown,,,,zenodo_it_support_tickets
1572,ZENODO_TRAIN_00679,File Share Access - [TICKET ID] - [NAME] ([COMPANY]A. [LOCATION]),File Share Access - [TICKET ID] - [NAME] ([COMPANY]A. [LOCATION]),Fileservice,unknown,unknown,,,,zenodo_it_support_tickets
1646,ZENODO_TRAIN_00680,File Share Access - [TICKET ID] - [NAME] ([COMPANY]A. [LOCATION]),File Share Access - [TICKET ID] - [NAME] ([COMPANY]A. [LOCATION]),Fileservice,unknown,unknown,,,,zenodo_it_support_tickets
1934,ZENODO_TRAIN_00681,File Share Access - [TICKET ID] - [NAME] ([COMPANY]A. [LOCATION]),File Share Access - [TICKET ID] - [NAME] ([COMPANY]A. [LOCATION]),Fileservice,unknown,unknown,,,,zenodo_it_support_tickets
910,ZENODO_TRAIN_00682,[TICKET ID] - New Support Ticket received  - Acceso a IN[LOCATION]ET,[TICKET ID] - New Support Ticket received  - Acceso a IN[LOCATION]ET,Active Directory,unknown,unknown,,,,zenodo_it_support_tickets
2241,ZENODO_TRAIN_00683,Shared Mailbox Access - [AWS_ACCESS_KEY] - [EMAIL],Shared Mailbox Access - [AWS_ACCESS_KEY] - [EMAIL],Support general,unknown,unknown,,,,zenodo_it_support_tickets
10735,ZENODO_TRAIN_00684,Erro ao enviar arquivo pelo E-CAC,Erro ao enviar arquivo pelo E-CAC,Software,unknown,unknown,,,,zenodo_it_support_tickets
5925,ZENODO_TRAIN_00685,McAfee issue,McAfee issue,Software,unknown,unknown,,,,zenodo_it_support_tickets
1564,ZENODO_TRAIN_00686,Shared Mailbox Access - [ADDRESS] - [EMAIL],Shared Mailbox Access - [ADDRESS] - [EMAIL],Support general,unknown,unknown,,,,zenodo_it_support_tickets
2193,ZENODO_TRAIN_00687,File Share Access - [TICKET ID] - [NAME] ([COMPANY]A. [LOCATION]),File Share Access - [TICKET ID] - [NAME] ([COMPANY]A. [LOCATION]),Fileservice,unknown,unknown,,,,zenodo_it_support_tickets
3757,ZENODO_TRAIN_00688,Basis User for external - [TICKET ID] - [NAME]Service Request: Basis User for external     Create Windows account for external user  [USERNAME]. [NAME]     Firstname: [NAME]  Lastname: [NAME]ailaddres,Basis User for external - [TICKET ID] - [NAME]Service Request: Basis User for external     Create Windows account for external user  [USERNAME]. [NAME]     Firstname: [NAME]  Lastname: [NAME]ailaddress: [EMAIL]  Phone: [PHONE]-  Cost Center: 41605  Function: Konstrukteur  Company: [COMPANY]  Department: GGR-TTP  [ADDRESS]  ZIP: [ADDRESS]  City: [ADDRESS]  Country: [ADDRESS]  Location:[LOCATION] Office:   Expiration date: Mar 31 2019 12:00AM     Important: Please indicate in EA14 that it is an external user.     Requestor: [NAME] ([COMPANY]. [LOCATION])     Desired date: Jan 14 2019 12:00AM     Additional information:,Support general,unknown,unknown,,,,zenodo_it_support_tickets
2100,ZENODO_TRAIN_00689,File Share Access - [TICKET ID] - [NAME] ([COMPANY]. [LOCATION]),File Share Access - [TICKET ID] - [NAME] ([COMPANY]. [LOCATION]),Fileservice,unknown,unknown,,,,zenodo_it_support_tickets
14130,ZENODO_TRAIN_00690,Impressora com defeito,Impressora com defeito,Computer-Services,unknown,unknown,,,,zenodo_it_support_tickets
2959,ZENODO_TRAIN_00691,Outlook-Verteiler ergänzen,Outlook-Verteiler ergänzen,Support general,unknown,unknown,,,,zenodo_it_support_tickets
8015,ZENODO_TRAIN_00692,Entfernen von F1-Duplikaten im Active Directory,Entfernen von F1-Duplikaten im Active Directory,Active Directory,unknown,unknown,,,,zenodo_it_support_tickets
2878,ZENODO_TRAIN_00693,Email Fornecedor - Caixa de SpamOlá. boa tarde!        Temos um fornecedor que o email dele está indo diretamente para nossa caixa de Spam. Poderiam verificar se há como ajustar?        [NAME] - Relac,Email Fornecedor - Caixa de SpamOlá. boa tarde!        Temos um fornecedor que o email dele está indo diretamente para nossa caixa de Spam. Poderiam verificar se há como ajustar?        [NAME] - Relacionamento - [COMPANY]-[NAME] <[EMAIL]>               Obrigada.,Software,unknown,unknown,,,,zenodo_it_support_tickets
905,ZENODO_TRAIN_00694,[TICKET ID] - New Support Ticket received  - Give access to restricted folder,[TICKET ID] - New Support Ticket received  - Give access to restricted folder,Fileservice,unknown,unknown,,,,zenodo_it_support_tickets
1301,ZENODO_TRAIN_00695,[TICKET ID] - A Support Ticket was forwarded to your role  -  Instalação de Impressora [NAME],[TICKET ID] - A Support Ticket was forwarded to your role  -  Instalação de Impressora [NAME],Computer-Services,unknown,unknown,,,,zenodo_it_support_tickets
6568,ZENODO_TRAIN_00696,Initiated by GIT: Missing connection to all securitytools on system [SERVER],Initiated by GIT: Missing connection to all securitytools on system [SERVER],Software,unknown,unknown,,,,zenodo_it_support_tickets
5835,ZENODO_TRAIN_00697,Initiated by GIT: Missing connection to all securitytools on system [SERVER],Initiated by GIT: Missing connection to all securitytools on system [SERVER],Software,unknown,unknown,,,,zenodo_it_support_tickets
2249,ZENODO_TRAIN_00698,File Share Access - [TICKET ID] - [NAME] ([COMPANY]A. [LOCATION]),File Share Access - [TICKET ID] - [NAME] ([COMPANY]A. [LOCATION]),Fileservice,unknown,unknown,,,,zenodo_it_support_tickets
1139,ZENODO_TRAIN_00699,[TICKET ID] - New Support Ticket received  - Missing Updates - [SERVER],[TICKET ID] - New Support Ticket received  - Missing Updates - [SERVER],Support general,unknown,unknown,,,,zenodo_it_support_tickets
846,ZENODO_TRAIN_00700,[TICKET ID] - New Support Ticket received  - Acesso [NAME],[TICKET ID] - New Support Ticket received  - Acesso [NAME],Software,unknown,unknown,,,,zenodo_it_support_tickets
1778,ZENODO_TRAIN_00701,Shared Mailbox Access - [AWS_ACCESS_KEY] - [EMAIL],Shared Mailbox Access - [AWS_ACCESS_KEY] - [EMAIL],Support general,unknown,unknown,,,,zenodo_it_support_tickets
1667,ZENODO_TRAIN_00702,Shared Mailbox Access - [TICKET ID] - [EMAIL],Shared Mailbox Access - [TICKET ID] - [EMAIL],Support general,unknown,unknown,,,,zenodo_it_support_tickets
9369,ZENODO_TRAIN_00703,Basis User - [TICKET ID] - [USERNAME]. Ole ([COMPANY]. [LOCATION])Service Request: Basis User     Create Windows account for internal user  [USERNAME]. Ole ([COMPANY]. [LOCATION])     Firstname:  [NAM,Basis User - [TICKET ID] - [USERNAME]. Ole ([COMPANY]. [LOCATION])Service Request: Basis User     Create Windows account for internal user  [USERNAME]. Ole ([COMPANY]. [LOCATION])     Firstname:  [NAME]  Lastname:  [NAME]  Cost Center:  47069  Company:  [COMPANY] SE  Department:  [ADDRESS]:  [ADDRESS]  City:  [ADDRESS]  Country:  [ADDRESS]  Office:       Important: Please set the EA10 to the following value: 13592 (leave blank. when empty)  Please create Exchange and Skype account.  The user needs at least the following access permissions:  (RW) H:/%username%  (RO) J:/Auftrag  (RW) J:/Info  (RW) J:/Transfer  (RO) J:/Vorlagen  Access to [COMPANY] intranet  Access to [SOFTWARE] ([SERVER])  Requestor: [NAME] ([COMPANY]. [LOCATION])     Desired date:  Dec 21 2018 12:00AM     Additional information:   Das Büro von Herrn Hoffmann wird sich imBürogebäude in der [ADDRESS] befinden (Büro: 1.04). Bitte liefern Sie die Hardware so schnell wie möglich aus.  Vielen Dank!  Für Rückfragen stehe ich gern zur Verfügung.  Beste Grüße [NAME] Tel.: [PHONE],Support general,unknown,unknown,,,,zenodo_it_support_tickets
2256,ZENODO_TRAIN_00704,change skype meeting mobile phone line,change skype meeting mobile phone line,O365,unknown,unknown,,,,zenodo_it_support_tickets
1779,ZENODO_TRAIN_00705,Shared Mailbox Access - [AWS_ACCESS_KEY] - [EMAIL],Shared Mailbox Access - [AWS_ACCESS_KEY] - [EMAIL],Support general,unknown,unknown,,,,zenodo_it_support_tickets
1863,ZENODO_TRAIN_00706,File Share Access - [TICKET ID] - [ADDRESS] ([COMPANY]A. [LOCATION]),File Share Access - [TICKET ID] - [ADDRESS] ([COMPANY]A. [LOCATION]),Fileservice,unknown,unknown,,,,zenodo_it_support_tickets
9186,ZENODO_TRAIN_00707,Missing connection to all securitytools on system [SERVER],Missing connection to all securitytools on system [SERVER],Software,unknown,unknown,,,,zenodo_it_support_tickets
1758,ZENODO_TRAIN_00708,File Share Access - [TICKET ID] - [NAME] ([COMPANY]. [LOCATION]),File Share Access - [TICKET ID] - [NAME] ([COMPANY]. [LOCATION]),Fileservice,unknown,unknown,,,,zenodo_it_support_tickets
831,ZENODO_TRAIN_00709,[TICKET ID] - New Support Ticket received  - Activation code for Blackberry,[TICKET ID] - New Support Ticket received  - Activation code for Blackberry,Support general,unknown,unknown,,,,zenodo_it_support_tickets
1599,ZENODO_TRAIN_00710,File Share Access - [TICKET ID] - [NAME] ([COMPANY]A. [LOCATION]),File Share Access - [TICKET ID] - [NAME] ([COMPANY]A. [LOCATION]),Fileservice,unknown,unknown,,,,zenodo_it_support_tickets
1706,ZENODO_TRAIN_00711,File Share Access - [TICKET ID] - [NAME] ([COMPANY]. [LOCATION]),File Share Access - [TICKET ID] - [NAME] ([COMPANY]. [LOCATION]),Fileservice,unknown,unknown,,,,zenodo_it_support_tickets
116,ZENODO_TRAIN_00712,[TICKET ID] - A Support Ticket was forwarded to your role  -  Access to [EMAIL],[TICKET ID] - A Support Ticket was forwarded to your role  -  Access to [EMAIL],O365,unknown,unknown,,,,zenodo_it_support_tickets
10413,ZENODO_TRAIN_00713,File Share Access - [TICKET ID] - [NAME] ([COMPANY]. [LOCATION])Service Request: File Share Access     Grant access to file share for the following user:  [NAME] ([COMPANY]. [LOCATION]) (Username: [US,File Share Access - [TICKET ID] - [NAME] ([COMPANY]. [LOCATION])Service Request: File Share Access     Grant access to file share for the following user:  [NAME] ([COMPANY]. [LOCATION]) (Username: [USERNAME])  Access Type: (RW) Read / Write  File Share:      J:/[SERVER]       Normal   0         21         false   false   false      DE   X-NONE   X-NONE                                             MicrosoftInternetExplorer4                                                                                                                                                                                                                                                                                                                                                                                                                                                                                                                                                                                                                                                                                                                                                                                                                                                                                                                                                                                                                                                                                                                                                                                                                                      Requestor: [NAME] ([COMPANY]. [LOCATION])  Comment:,Fileservice,unknown,unknown,,,,zenodo_it_support_tickets
715,ZENODO_TRAIN_00714,[TICKET ID] - New Support Ticket received  - Light User for external - [TICKET ID] - [NAME],[TICKET ID] - New Support Ticket received  - Light User for external - [TICKET ID] - [NAME],Support general,unknown,unknown,,,,zenodo_it_support_tickets
7758,ZENODO_TRAIN_00715,RE: User credentials for Order [TICKET ID]Thanks –    [NAME]    From: [EMAIL] <[EMAIL]>  Sent: Thursday. October 24. 2019 11:14 AM  To: [NAME] ([COMPANY] [LOCATION]) <[EMAIL]>; [NAME] ([COMPANY]. [LOC,RE: User credentials for Order [TICKET ID]Thanks –    [NAME]    From: [EMAIL] <[EMAIL]>  Sent: Thursday. October 24. 2019 11:14 AM  To: [NAME] ([COMPANY] [LOCATION]) <[EMAIL]>; [NAME] ([COMPANY]. [LOCATION]) <[EMAIL]>  Subject: User credentials for Order [TICKET ID]      Hello.    with this Email you receive the user credentials for the person  [NAME] which you ordered in the IT-Service catalog.        Accountname: [USERNAME]    [NAME]:[EMAIL]    Password: [PASSWORD]    Please note: The mailbox provisioning is not done yet. this will take several hours.    By the first log in the password must be changed. this could be done in Okta or by the first log in on Windows.    If you need help by the first log in. please contact the [COMPANY] ServiceDesk.,Active Directory,unknown,unknown,,,,zenodo_it_support_tickets
4980,ZENODO_TRAIN_00716,Access to [ADDRESS] [NAME],Access to [ADDRESS] [NAME],Fileservice,unknown,unknown,,,,zenodo_it_support_tickets
8793,ZENODO_TRAIN_00717,Scannen mit [SERVER] nicht möglich für meinen Account,Scannen mit [SERVER] nicht möglich für meinen Account,Computer-Services,unknown,unknown,,,,zenodo_it_support_tickets
2230,ZENODO_TRAIN_00718,Remove File Share Access - [TICKET ID] - [NAME] ([COMPANY]A. [LOCATION]),Remove File Share Access - [TICKET ID] - [NAME] ([COMPANY]A. [LOCATION]),Fileservice,unknown,unknown,,,,zenodo_it_support_tickets
1519,ZENODO_TRAIN_00719,File Share Access - [TICKET ID] - [NAME] ([COMPANY]A. [LOCATION]),File Share Access - [TICKET ID] - [NAME] ([COMPANY]A. [LOCATION]),Fileservice,unknown,unknown,,,,zenodo_it_support_tickets
1660,ZENODO_TRAIN_00720,File Share Access - [TICKET ID] - [NAME] ([COMPANY]A. [LOCATION]),File Share Access - [TICKET ID] - [NAME] ([COMPANY]A. [LOCATION]),Fileservice,unknown,unknown,,,,zenodo_it_support_tickets
2293,ZENODO_TRAIN_00721,Remove File Share Access - [TICKET ID] - [NAME] ([COMPANY]A. [LOCATION]),Remove File Share Access - [TICKET ID] - [NAME] ([COMPANY]A. [LOCATION]),Fileservice,unknown,unknown,,,,zenodo_it_support_tickets
6301,ZENODO_TRAIN_00722,File Share Access - [TICKET ID] - [NAME] ([COMPANY]. [LOCATION])Service Request: File Share Access     Grant access to file share for the following user:  [NAME] ([COMPANY]. [LOCATION]) (Username: [US,File Share Access - [TICKET ID] - [NAME] ([COMPANY]. [LOCATION])Service Request: File Share Access     Grant access to file share for the following user:  [NAME] ([COMPANY]. [LOCATION]) (Username: [USERNAME])  Access Type: (RW) Read / Write  File Share:    [NAME] benötigt den Zugriff auf folgenden Ordner auf Laufwerk J   INS-ES       Requestor: [NAME] ([COMPANY]. [LOCATION])  Comment:,Fileservice,unknown,unknown,,,,zenodo_it_support_tickets
2711,ZENODO_TRAIN_00723,Will Hope passworrd reset,Will Hope passworrd reset,Active Directory,unknown,unknown,,,,zenodo_it_support_tickets
1532,ZENODO_TRAIN_00724,Create Shared Mailbox - [EMAIL] - my[COMPANY] Mailbox CH,Create Shared Mailbox - [EMAIL] - my[COMPANY] Mailbox CH,Support general,unknown,unknown,,,,zenodo_it_support_tickets
8769,ZENODO_TRAIN_00725,Basis User - [TICKET ID] - [NAME] ([COMPANY]. [LOCATION])Service Request: Basis User     Create Windows account for internal user  [USERNAME]. Michele ([COMPANY]. [LOCATION])     Firstname:  [NAME]  L,Basis User - [TICKET ID] - [NAME] ([COMPANY]. [LOCATION])Service Request: Basis User     Create Windows account for internal user  [USERNAME]. Michele ([COMPANY]. [LOCATION])     Firstname:  [NAME]  Lastname:  [NAME]  Cost Center:  174440  Company:  [COMPANY] Berlin GmbH  Department:  [ADDRESS]  ZIP:  [ADDRESS]  City:  [ADDRESS]  Country:  Germany  Office:       Important: Please set the EA10 to the following value: 13651 (leave blank. when empty)  Please create Exchange and Skype account.  The user needs at least the following access permissions:  (RW) H:/%username%  (RO) J:/Auftrag  (RW) J:/Info  (RW) J:/Transfer  (RO) J:/Vorlagen  Access to [COMPANY] intranet  Access to [SOFTWARE] ([SERVER])  Requestor:  [NAME] ([COMPANY]. [LOCATION])     Desired date:  Jan  1 2019 12:00AM     Additional information:   Liebes [COMPANY]-Team.   Laptop. Bildschirm. Tastatur. Telefon. Headset bitte aus Gerätepool Berlin. falls vorhanden  Tastatur und Laptop bitte englische Tastatur,Support general,unknown,unknown,,,,zenodo_it_support_tickets
6818,ZENODO_TRAIN_00726,Missing connection to all securitytools on system [LOCATION]-TMP01,Missing connection to all securitytools on system [LOCATION]-TMP01,Software,unknown,unknown,,,,zenodo_it_support_tickets
13997,ZENODO_TRAIN_00727,Microsoft office error,Microsoft office error,O365,unknown,unknown,,,,zenodo_it_support_tickets
1578,ZENODO_TRAIN_00728,File Share Access - [TICKET ID] - [NAME] ([COMPANY]A. [LOCATION]),File Share Access - [TICKET ID] - [NAME] ([COMPANY]A. [LOCATION]),Fileservice,unknown,unknown,,,,zenodo_it_support_tickets
916,ZENODO_TRAIN_00729,[TICKET ID] - New Support Ticket received  - Configuración mobilepass | [NAME],[TICKET ID] - New Support Ticket received  - Configuración mobilepass | [NAME],Support general,unknown,unknown,,,,zenodo_it_support_tickets
1440,ZENODO_TRAIN_00730,email group membership,email group membership,O365,unknown,unknown,,,,zenodo_it_support_tickets
1522,ZENODO_TRAIN_00731,Create Shared Mailbox - [TICKET ID] - [EMAIL]),Create Shared Mailbox - [TICKET ID] - [EMAIL]),Support general,unknown,unknown,,,,zenodo_it_support_tickets
1754,ZENODO_TRAIN_00732,File Share Access - [TICKET ID] - [NAME] ([COMPANY]A. [LOCATION]),File Share Access - [TICKET ID] - [NAME] ([COMPANY]A. [LOCATION]),Fileservice,unknown,unknown,,,,zenodo_it_support_tickets
1870,ZENODO_TRAIN_00733,Delete Shared Mailbox - [TICKET ID] - [NAME] ([COMPANY]. [LOCATION]),Delete Shared Mailbox - [TICKET ID] - [NAME] ([COMPANY]. [LOCATION]),Support general,unknown,unknown,,,,zenodo_it_support_tickets
932,ZENODO_TRAIN_00734,[TICKET ID] - New Support Ticket received  - Access request to File Share,[TICKET ID] - New Support Ticket received  - Access request to File Share,Fileservice,unknown,unknown,,,,zenodo_it_support_tickets
1191,ZENODO_TRAIN_00735,[TICKET ID] - New Support Ticket received  - OS Updates - [SERVER],[TICKET ID] - New Support Ticket received  - OS Updates - [SERVER],Support general,unknown,unknown,,,,zenodo_it_support_tickets
1264,ZENODO_TRAIN_00736,[TICKET ID] - New Support Ticket received  - Manutenção de Impressora. [COMPANY]elo: LEXMARK X656de. Setor: Controle de Qualidade.,[TICKET ID] - New Support Ticket received  - Manutenção de Impressora. [COMPANY]elo: LEXMARK X656de. Setor: Controle de Qualidade.,Computer-Services,unknown,unknown,,,,zenodo_it_support_tickets
1104,ZENODO_TRAIN_00737,[TICKET ID] - A Support Ticket was forwarded to you  -[LOCATION]Zugang für [NAME],[TICKET ID] - A Support Ticket was forwarded to you  -[LOCATION]Zugang für [NAME],Support general,unknown,unknown,,,,zenodo_it_support_tickets
10485,ZENODO_TRAIN_00738,Basis User - [TICKET ID] - [NAME] ([COMPANY]. [LOCATION])Service Request: Basis User     Create Windows account for internal user  [NAME]nza ([COMPANY]. [LOCATION])     Firstname:  [NAME]  Lastname:  ,Basis User - [TICKET ID] - [NAME] ([COMPANY]. [LOCATION])Service Request: Basis User     Create Windows account for internal user  [NAME]nza ([COMPANY]. [LOCATION])     Firstname:  [NAME]  Lastname:  [NAME]  Cost Center:  174454  Company:  [COMPANY] [ADDRESS] GmbH  Department:  GTC-[ADDRESS]  ZIP:  [ADDRESS]  City:  [ADDRESS]  Country:  Germany  Office:       Important: Please set the EA10 to the following value: 13588 (leave blank. when empty)  Please create Exchange and Skype account.  The user needs at least the following access permissions:  (RW) H:/%username%  (RO) J:/Auftrag  (RW) J:/Info  (RW) J:/Transfer  (RO) J:/Vorlagen  Access to [COMPANY] intranet  Access to [SOFTWARE] ([SERVER])  Requestor:  [NAME] ([COMPANY]. [LOCATION])     Desired date:  Dec 31 2018 12:00AM     Additional information:,Support general,unknown,unknown,,,,zenodo_it_support_tickets
5340,ZENODO_TRAIN_00739,Basis User - [USERNAME] -Service Request: Basis User     Create Windows account for internal user       Firstname:  [NAME]  Lastname:  [NAME]  Cost Center:  41606  Company:    Department:  [ADDRESS]: ,Basis User - [USERNAME] -Service Request: Basis User     Create Windows account for internal user       Firstname:  [NAME]  Lastname:  [NAME]  Cost Center:  41606  Company:    Department:  [ADDRESS]:    ZIP:    City:    Country:  [ADDRESS]  Office:       Important: Please set the EA10 to the following value: 13722 (leave blank. when empty)  Please create Exchange and Skype account.  The user needs at least the following access permissions:  (RW) H:/%username%  (RO) J:/Auftrag  (RW) J:/Info  (RW) J:/Transfer  (RO) J:/Vorlagen  Access to [COMPANY] intranet  Access to [SOFTWARE] ([SERVER])  Requestor:  [NAME] ([COMPANY]. [LOCATION])     Desired date:  Jan 21 2019 12:00AM     Additional information:,Support general,unknown,unknown,,,,zenodo_it_support_tickets
4988,ZENODO_TRAIN_00740,[NAME] is locked out of her account.,[NAME] is locked out of her account.,Active Directory,unknown,unknown,,,,zenodo_it_support_tickets
2307,ZENODO_TRAIN_00741,File Share Access - [TICKET ID] - [NAME] ([COMPANY]A. [LOCATION]),File Share Access - [TICKET ID] - [NAME] ([COMPANY]A. [LOCATION]),Fileservice,unknown,unknown,,,,zenodo_it_support_tickets
1473,ZENODO_TRAIN_00742,File Share Access - [TICKET ID] - [NAME] ([COMPANY]. [LOCATION]),File Share Access - [TICKET ID] - [NAME] ([COMPANY]. [LOCATION]),Fileservice,unknown,unknown,,,,zenodo_it_support_tickets
6098,ZENODO_TRAIN_00743,[COMPANY]/Holert -[LOCATION]Eintrag für Wallplanner Web ApplicationSehr geehrte [NAME] und [NAME].          können Sie für die Web Applikation Wallplanner einen[LOCATION]Eintrag für [SERVER] anlegen? ,[COMPANY]/Holert -[LOCATION]Eintrag für Wallplanner Web ApplicationSehr geehrte [NAME] und [NAME].          können Sie für die Web Applikation Wallplanner einen[LOCATION]Eintrag für [SERVER] anlegen?     [COMPANY]up.ads.dir                  Zudem brauchen wir dann noch ein[LOCATION]Zertifikat. Können Sie auch hier die Installation auf dem [SERVER] veranlassen?         Danke und viele Grüße    [NAME]              ---------------------------------------------------------------------------------------------------------------------------------------------  Holert - Project- and Portfoliomanagement with Microsoft Project - Consulting. Training and Development     [NAME]  Consultant      [NAME]-Str. 20 | [ADDRESS] | Germany  [ADDRESS] | [ADDRESS] | Germany       <[URL]> [URL] |  <mailto:[EMAIL]> [EMAIL] | [PHONE]    Tel. [PHONE]*  Fax [PHONE]     [NAME] GmbH. Geschäftsführer: [NAME]. Sitz: [ADDRESS]: [ADDRESS]    *12.4 Cent/Minute für Gespräche tagsüber aus dem Festnetz der Deutschen Telekom,Support general,unknown,unknown,,,,zenodo_it_support_tickets
1797,ZENODO_TRAIN_00744,Shared Mailbox Access - [TICKET ID] - [EMAIL],Shared Mailbox Access - [TICKET ID] - [EMAIL],Support general,unknown,unknown,,,,zenodo_it_support_tickets
2590,ZENODO_TRAIN_00745,Virus on email,Virus on email,Software,unknown,unknown,,,,zenodo_it_support_tickets
2078,ZENODO_TRAIN_00746,Initiated by GIT: Missing connection to all securitytools on system [SERVER],Initiated by GIT: Missing connection to all securitytools on system [SERVER],Software,unknown,unknown,,,,zenodo_it_support_tickets
7035,ZENODO_TRAIN_00747,Initiated by GIT: Missing connection to all securitytools on system [SERVER],Initiated by GIT: Missing connection to all securitytools on system [SERVER],Software,unknown,unknown,,,,zenodo_it_support_tickets
1697,ZENODO_TRAIN_00748,File Share Access - [TICKET ID] - [NAME] ([COMPANY]. [LOCATION]),File Share Access - [TICKET ID] - [NAME] ([COMPANY]. [LOCATION]),Fileservice,unknown,unknown,,,,zenodo_it_support_tickets
8028,ZENODO_TRAIN_00749,Initiated by GIT: Missing connection to all securitytools on system [SERVER],Initiated by GIT: Missing connection to all securitytools on system [SERVER],Software,unknown,unknown,,,,zenodo_it_support_tickets
2210,ZENODO_TRAIN_00750,File Share Access - [TICKET ID] - [NAME] ([COMPANY]. [LOCATION]),File Share Access - [TICKET ID] - [NAME] ([COMPANY]. [LOCATION]),Fileservice,unknown,unknown,,,,zenodo_it_support_tickets
4699,ZENODO_TRAIN_00751,The following system must be set to End Of Life in Nexthink and checked for[LOCATION]reservations:  [SERVER]  -Automated ticket creation-Please remove the system from Nexthink according to the[LOCATIO,The following system must be set to End Of Life in Nexthink and checked for[LOCATION]reservations:  [SERVER]  -Automated ticket creation-Please remove the system from Nexthink according to the[LOCATION]process and please verify if any[LOCATION]reservations exist. If yes. please remove reservations and note down the corresponding IP(s) and inform [COMPANY] network team to remove firewall rules if there are any.,EOL,unknown,unknown,,,,zenodo_it_support_tickets
2005,ZENODO_TRAIN_00752,File Share Access - [TICKET ID] - [NAME] ([COMPANY]A. [LOCATION]),File Share Access - [TICKET ID] - [NAME] ([COMPANY]A. [LOCATION]),Fileservice,unknown,unknown,,,,zenodo_it_support_tickets
1540,ZENODO_TRAIN_00753,File Share Access - [TICKET ID] - [NAME] ([COMPANY]A. [LOCATION]),File Share Access - [TICKET ID] - [NAME] ([COMPANY]A. [LOCATION]),Fileservice,unknown,unknown,,,,zenodo_it_support_tickets
10532,ZENODO_TRAIN_00754,Externe/ interne Mails kommen nicht durch,Externe/ interne Mails kommen nicht durch,Support general,unknown,unknown,,,,zenodo_it_support_tickets
2080,ZENODO_TRAIN_00755,Shared Mailbox Access - [ADDRESS] - [EMAIL],Shared Mailbox Access - [ADDRESS] - [EMAIL],Support general,unknown,unknown,,,,zenodo_it_support_tickets
11480,ZENODO_TRAIN_00756,No internet access,No internet access,Support general,unknown,unknown,,,,zenodo_it_support_tickets
9263,ZENODO_TRAIN_00757,File Share Access - [TICKET ID] - [NAME] ([COMPANY]. [LOCATION])Service Request: File Share Access     Grant access to file share for the following user:  [NAME] ([COMPANY]. [LOCATION]) (Username: [US,File Share Access - [TICKET ID] - [NAME] ([COMPANY]. [LOCATION])Service Request: File Share Access     Grant access to file share for the following user:  [NAME] ([COMPANY]. [LOCATION]) (Username: [USERNAME])  Access Type: (RW) Read / Write  File Share:  J:/CMA     Requestor: [NAME] ([COMPANY]. [LOCATION])  Comment:,Fileservice,unknown,unknown,,,,zenodo_it_support_tickets
1231,ZENODO_TRAIN_00758,[TICKET ID] - New Support Ticket received  - Marker DB Citrix DotNet login,[TICKET ID] - New Support Ticket received  - Marker DB Citrix DotNet login,Software,unknown,unknown,,,,zenodo_it_support_tickets
495,ZENODO_TRAIN_00759,File Share Access - [TICKET ID] - [NAME] ([COMPANY]. [LOCATION])Service Request: File Share Access     Grant access to file share for the following user:  [NAME] ([COMPANY]. [LOCATION]) (Username: )  ,File Share Access - [TICKET ID] - [NAME] ([COMPANY]. [LOCATION])Service Request: File Share Access     Grant access to file share for the following user:  [NAME] ([COMPANY]. [LOCATION]) (Username: )  Access Type: (RW) Read / Write  File Share:  J:/ÖFZFOX/MOM-OSR     Requestor: [NAME] ([COMPANY]. [LOCATION])  Comment:,Fileservice,unknown,unknown,,,,zenodo_it_support_tickets
1750,ZENODO_TRAIN_00760,File Share Access - [TICKET ID] - [NAME] ([COMPANY]. [LOCATION]),File Share Access - [TICKET ID] - [NAME] ([COMPANY]. [LOCATION]),Fileservice,unknown,unknown,,,,zenodo_it_support_tickets
5248,ZENODO_TRAIN_00761,FTP do marketingBom dia. não estamos conseguindo mais acessar o[LOCATION]que vocês gerenciam.   user: [USERNAME]  senha:  [PASSWORD]  erro:               [Image],FTP do marketingBom dia. não estamos conseguindo mais acessar o[LOCATION]que vocês gerenciam.   user: [USERNAME]  senha:  [PASSWORD]  erro:               [Image],Support general,unknown,unknown,,,,zenodo_it_support_tickets
1728,ZENODO_TRAIN_00762,File Share Access - [TICKET ID] - [NAME] ([COMPANY]. [LOCATION]),File Share Access - [TICKET ID] - [NAME] ([COMPANY]. [LOCATION]),Fileservice,unknown,unknown,,,,zenodo_it_support_tickets
4324,ZENODO_TRAIN_00763,File Share Access - [TICKET ID] - [USERNAME] ([COMPANY]. [LOCATION])Service Request: File Share Access     Grant access to file share for the following user:  [USERNAME] ([COMPANY]. [LOCATION]) (Usern,File Share Access - [TICKET ID] - [USERNAME] ([COMPANY]. [LOCATION])Service Request: File Share Access     Grant access to file share for the following user:  [USERNAME] ([COMPANY]. [LOCATION]) (Username: [USERNAME])  Access Type: (RW) Read / Write  File Share:    Hallo [NAME].        I need access to the following file directories. Can you please contact IT for me?       J:/[SERVER]   J:/Stundenbuecher   J:/TOM_DOKU       Vielen Dank!   [NAME]       [NAME]   Engineer of Facility Management Construction    Group Governance & Risk Management.   Technology Real Estate – Facility Management Construction (GGR-TFC)       Phone [PHONE]   [EMAIL]           Requestor: [NAME] ([COMPANY]. [LOCATION])  Comment:  Bitte [NAME] die geannten Zugriffsrechte erteilen ! Danke und Gruß A. [USERNAME],Fileservice,unknown,unknown,,,,zenodo_it_support_tickets
7672,ZENODO_TRAIN_00764,Missing connection to all securitytools on system [SERVER],Missing connection to all securitytools on system [SERVER],Software,unknown,unknown,,,,zenodo_it_support_tickets
553,ZENODO_TRAIN_00765,File Share Access - [TICKET ID] - [NAME] ([COMPANY]. [LOCATION])Service Request: File Share Access     Grant access to file share for the following user:  [NAME] ([COMPANY]. [LOCATION]) (Username: [US,File Share Access - [TICKET ID] - [NAME] ([COMPANY]. [LOCATION])Service Request: File Share Access     Grant access to file share for the following user:  [NAME] ([COMPANY]. [LOCATION]) (Username: [USERNAME])  Access Type: (RW) Read / Write  File Share:    [SERVER]-[SERVER]           Requestor: [NAME] ([COMPANY]. [LOCATION])  Comment:,Fileservice,unknown,unknown,,,,zenodo_it_support_tickets
9480,ZENODO_TRAIN_00766,Light User for external - [TICKET ID] - [USERNAME]. [NAME]Service Request: Light User for external  Create Light user for [USERNAME]. [NAME]     Firstname: [NAME]  Lastname: [NAME]ailaddress: [EMAIL] ,Light User for external - [TICKET ID] - [USERNAME]. [NAME]Service Request: Light User for external  Create Light user for [USERNAME]. [NAME]     Firstname: [NAME]  Lastname: [NAME]ailaddress: [EMAIL]  Phone: [PHONE]  Cost Center: 47045  Function: [COMPANY][LOCATION]consultant for MM/WM  Company: [COMPANY]  Department: [ADDRESS]  ZIP: [ADDRESS]  City: [ADDRESS]  Country: [ADDRESS]  Location:[LOCATION] Office:   Expiration date: Not defined     Important: Please indicate in EA14 that it is an external user.     Requestor: [NAME] ([COMPANY]. [LOCATION])     Desired date: Jan 10 2019 12:00AM     Additional information:  [COMPANY] is on-boarding the new MM consultant Mrs. [NAME].  Existing MM consultant will be rolling off from [COMPANY] project by March 2019.   Approver = [NAME],Support general,unknown,unknown,,,,zenodo_it_support_tickets
1501,ZENODO_TRAIN_00767,Shared Mailbox Access - [AWS_ACCESS_KEY] - [EMAIL],Shared Mailbox Access - [AWS_ACCESS_KEY] - [EMAIL],Support general,unknown,unknown,,,,zenodo_it_support_tickets
931,ZENODO_TRAIN_00768,[TICKET ID] - New Support Ticket received  - McAfee excepetion,[TICKET ID] - New Support Ticket received  - McAfee excepetion,Software,unknown,unknown,,,,zenodo_it_support_tickets
4530,ZENODO_TRAIN_00769,File Share Access - [TICKET ID] - [USERNAME] ([COMPANY]. [LOCATION])Service Request: File Share Access    Grant access to file share for the following user:  [USERNAME] ([COMPANY]. [LOCATION]) (Userna,File Share Access - [TICKET ID] - [USERNAME] ([COMPANY]. [LOCATION])Service Request: File Share Access    Grant access to file share for the following user:  [USERNAME] ([COMPANY]. [LOCATION]) (Username: [USERNAME])    Access Type: (RW) Read / Write    File Share:     J:/AG_MA_GE       (inklusive aller Unterordner)  J:/MGC    Requestor: [NAME] ([COMPANY]. [LOCATION])    Comment:,Fileservice,unknown,unknown,,,,zenodo_it_support_tickets
865,ZENODO_TRAIN_00770,[PASSWORD] - New Support Ticket received  - Reset Password,[PASSWORD] - New Support Ticket received  - Reset Password,Active Directory,unknown,unknown,,,,zenodo_it_support_tickets
887,ZENODO_TRAIN_00771,[TICKET ID] - New Support Ticket received  - pagina bloqueada,[TICKET ID] - New Support Ticket received  - pagina bloqueada,Support general,unknown,unknown,,,,zenodo_it_support_tickets
4301,ZENODO_TRAIN_00772,File Share Access - [TICKET ID] - [NAME] ([COMPANY]. [LOCATION])Service Request: File Share Access     Grant access to file share for the following user:  [NAME] ([COMPANY]. [LOCATION]) (Username: [US,File Share Access - [TICKET ID] - [NAME] ([COMPANY]. [LOCATION])Service Request: File Share Access     Grant access to file share for the following user:  [NAME] ([COMPANY]. [LOCATION]) (Username: [USERNAME])  Access Type: (RW) Read / Write  File Share:  J:/VORLAGEN     Requestor: [NAME] ([COMPANY]. [LOCATION])  Comment:,Fileservice,unknown,unknown,,,,zenodo_it_support_tickets
1225,ZENODO_TRAIN_00773,[TICKET ID] - New Support Ticket received  - configuracion nuevo equipo,[TICKET ID] - New Support Ticket received  - configuracion nuevo equipo,Support general,unknown,unknown,,,,zenodo_it_support_tickets
9936,ZENODO_TRAIN_00774,Light User for external - [TICKET ID] - [NAME]Service Request: Light User for external  Create Light user for [USERNAME]     Firstname: [NAME]  Lastname: [NAME]ailaddress: [EMAIL]  Phone: [PHONE]  Cos,Light User for external - [TICKET ID] - [NAME]Service Request: Light User for external  Create Light user for [USERNAME]     Firstname: [NAME]  Lastname: [NAME]ailaddress: [EMAIL]  Phone: [PHONE]  Cost Center: 47004  Function: Agentur  Company: Welocalize  Department: GMC-[ADDRESS]  ZIP: [ADDRESS]  City: [ADDRESS]  Country: [ADDRESS]  Location:[LOCATION] Office:   Expiration date: Jun 29 2019 11:00PM     Important: Please indicate in EA14 that it is an external user.     Requestor: [NAME]. [USERNAME] ([COMPANY]. [LOCATION])     Desired date: Dec 13 2018 12:00AM     Additional information:,Support general,unknown,unknown,,,,zenodo_it_support_tickets
7952,ZENODO_TRAIN_00775,File Share Access - [TICKET ID] - [NAME] ([COMPANY]. [LOCATION])Service Request: File Share Access     Grant access to file share for the following user:  [NAME] ([COMPANY]. [LOCATION]) (Username: [NA,File Share Access - [TICKET ID] - [NAME] ([COMPANY]. [LOCATION])Service Request: File Share Access     Grant access to file share for the following user:  [NAME] ([COMPANY]. [LOCATION]) (Username: [NAME])  Access Type: (RW) Read / Write  File Share:  J:/Topf- und Substratbestellungen     Requestor: [NAME] ([COMPANY]. [LOCATION])  Comment:  J:/Topf- und Substratbestellungen,Fileservice,unknown,unknown,,,,zenodo_it_support_tickets
2250,ZENODO_TRAIN_00776,File Share Access - [TICKET ID] - [NAME] ([COMPANY]A. [LOCATION]),File Share Access - [TICKET ID] - [NAME] ([COMPANY]A. [LOCATION]),Fileservice,unknown,unknown,,,,zenodo_it_support_tickets
4247,ZENODO_TRAIN_00777,File Share Access - [TICKET ID] - [NAME] ([COMPANY]. [LOCATION])Service Request: File Share Access     Grant access to file share for the following user:  [NAME] ([COMPANY]. [LOCATION]) (Username: [US,File Share Access - [TICKET ID] - [NAME] ([COMPANY]. [LOCATION])Service Request: File Share Access     Grant access to file share for the following user:  [NAME] ([COMPANY]. [LOCATION]) (Username: [USERNAME])  Access Type: (RW) Read / Write  File Share:    J:/SB-BD_CONVISO SMART bitte neu anlegen   Besitzer: [NAME]   Zugriff:[NAME]Lüders. [NAME]. [NAME]       Requestor: [NAME] ([COMPANY]. [LOCATION])  Comment:,Fileservice,unknown,unknown,,,,zenodo_it_support_tickets
1338,ZENODO_TRAIN_00778,[TICKET ID] - New Support Ticket received  - Acceso a carpeta compartida COMEX,[TICKET ID] - New Support Ticket received  - Acceso a carpeta compartida COMEX,Fileservice,unknown,unknown,,,,zenodo_it_support_tickets
2006,ZENODO_TRAIN_00779,File Share Access - [TICKET ID] - [NAME] ([COMPANY]A. [LOCATION]),File Share Access - [TICKET ID] - [NAME] ([COMPANY]A. [LOCATION]),Fileservice,unknown,unknown,,,,zenodo_it_support_tickets
5869,ZENODO_TRAIN_00780,Please correct email address for [NAME]The email address for [NAME] should be [EMAIL] mailto:[EMAIL] like EVERY OTHER [COMPANY] email addressed user requested. It is set to [EMAIL]@[COMPANY] mailto:[E,Please correct email address for [NAME]The email address for [NAME] should be [EMAIL] mailto:[EMAIL] like EVERY OTHER [COMPANY] email addressed user requested. It is set to [EMAIL]@[COMPANY] mailto:[EMAIL][COMPANY] and that is not correct. Again.,Support general,unknown,unknown,,,,zenodo_it_support_tickets
9793,ZENODO_TRAIN_00781,Initiated by GIT: Missing connection to all securitytools on system [SERVER],Initiated by GIT: Missing connection to all securitytools on system [SERVER],Software,unknown,unknown,,,,zenodo_it_support_tickets
1808,ZENODO_TRAIN_00782,Shared Mailbox Access - [AWS_ACCESS_KEY] - [EMAIL],Shared Mailbox Access - [AWS_ACCESS_KEY] - [EMAIL],Support general,unknown,unknown,,,,zenodo_it_support_tickets
5626,ZENODO_TRAIN_00783,Add User to AD-Group,Add User to AD-Group,Active Directory,unknown,unknown,,,,zenodo_it_support_tickets
1550,ZENODO_TRAIN_00784,Remove File Share Access - [TICKET ID] - [NAME] ([COMPANY]A. [LOCATION]),Remove File Share Access - [TICKET ID] - [NAME] ([COMPANY]A. [LOCATION]),Fileservice,unknown,unknown,,,,zenodo_it_support_tickets
2202,ZENODO_TRAIN_00785,File Share Access - [TICKET ID] - [NAME] ([COMPANY]A. [LOCATION]),File Share Access - [TICKET ID] - [NAME] ([COMPANY]A. [LOCATION]),Fileservice,unknown,unknown,,,,zenodo_it_support_tickets
2133,ZENODO_TRAIN_00786,File Share Access - [TICKET ID] - [NAME] ([COMPANY]A. [LOCATION]),File Share Access - [TICKET ID] - [NAME] ([COMPANY]A. [LOCATION]),Fileservice,unknown,unknown,,,,zenodo_it_support_tickets
264,ZENODO_TRAIN_00787,File Share Access - [TICKET ID] -Service Request: File Share Access     Grant access to file share for the following user:   (Username: )  Access Type: (RW) Read / Write  File Share:  J:/Abt_CLC     R,File Share Access - [TICKET ID] -Service Request: File Share Access     Grant access to file share for the following user:   (Username: )  Access Type: (RW) Read / Write  File Share:  J:/Abt_CLC     Requestor: [NAME] ([COMPANY]. [LOCATION])  Comment:,Fileservice,unknown,unknown,,,,zenodo_it_support_tickets
1755,ZENODO_TRAIN_00788,File Share Access - [TICKET ID] - [NAME] ([COMPANY]A. [LOCATION]),File Share Access - [TICKET ID] - [NAME] ([COMPANY]A. [LOCATION]),Fileservice,unknown,unknown,,,,zenodo_it_support_tickets
392,ZENODO_TRAIN_00789,File Share Access - [TICKET ID] - [USERNAME]. Jan ([COMPANY]. [LOCATION])Service Request: File Share Access     Grant access to file share for the following user:  [USERNAME]. Jan ([COMPANY]. [LOCATIO,File Share Access - [TICKET ID] - [USERNAME]. Jan ([COMPANY]. [LOCATION])Service Request: File Share Access     Grant access to file share for the following user:  [USERNAME]. Jan ([COMPANY]. [LOCATION]) (Username: [USERNAME])  Access Type: (RW) Read / Write  File Share:  J:/[COMPANY]/IT     Requestor: [NAME] ([COMPANY]. [LOCATION])  Comment:,Fileservice,unknown,unknown,,,,zenodo_it_support_tickets
1536,ZENODO_TRAIN_00790,File Share Access - [TICKET ID] - [NAME] ([COMPANY]A. [LOCATION]),File Share Access - [TICKET ID] - [NAME] ([COMPANY]A. [LOCATION]),Fileservice,unknown,unknown,,,,zenodo_it_support_tickets
1853,ZENODO_TRAIN_00791,Create Shared Mailbox - [EMAIL] - ExHub_Training,Create Shared Mailbox - [EMAIL] - ExHub_Training,Support general,unknown,unknown,,,,zenodo_it_support_tickets
5695,ZENODO_TRAIN_00792,Light User for external - [TICKET ID] - [NAME]. Service Request: Light User for external  Create Light user for [USERNAME]     Firstname: [NAME]  Lastname: [NAME]ailaddress: [EMAIL]  Phone: [ADDRESS] ,Light User for external - [TICKET ID] - [NAME]. Service Request: Light User for external  Create Light user for [USERNAME]     Firstname: [NAME]  Lastname: [NAME]ailaddress: [EMAIL]  Phone: [ADDRESS]  Function:[LOCATION]Berater China  Company:[LOCATION] Department: GIT-[ADDRESS]  ZIP: [ADDRESS]  City: [ADDRESS]  Country: Germany  Location:[LOCATION] Office:   Expiration date: Mar 31 2019 12:00AM     Important: Please indicate in EA14 that it is an external user.     Requestor: [NAME] ([COMPANY]. [LOCATION])     Desired date: Dec 13 2018 12:00AM     Additional information:,Support general,unknown,unknown,,,,zenodo_it_support_tickets
3186,ZENODO_TRAIN_00793,The following system must be set to End Of Life in Nexthink and checked for[LOCATION]reservations:  [SERVER]  -Automated ticket creation-Please remove the system from Nexthink according to the[LOCATIO,The following system must be set to End Of Life in Nexthink and checked for[LOCATION]reservations:  [SERVER]  -Automated ticket creation-Please remove the system from Nexthink according to the[LOCATION]process and please verify if any[LOCATION]reservations exist. If yes. please remove reservations and note down the corresponding IP(s) and inform [COMPANY] network team to remove firewall rules if there are any.,EOL,unknown,unknown,,,,zenodo_it_support_tickets
604,ZENODO_TRAIN_00794,[TICKET ID] - New Support Ticket received  - Basis User - [USERNAME] - [NAME] ([COMPANY]. [LOCATION]),[TICKET ID] - New Support Ticket received  - Basis User - [USERNAME] - [NAME] ([COMPANY]. [LOCATION]),Support general,unknown,unknown,,,,zenodo_it_support_tickets
1500,ZENODO_TRAIN_00795,File Share Access - [TICKET ID] - [NAME] ([COMPANY]A. [LOCATION]),File Share Access - [TICKET ID] - [NAME] ([COMPANY]A. [LOCATION]),Fileservice,unknown,unknown,,,,zenodo_it_support_tickets
5009,ZENODO_TRAIN_00796,Instalação da Impressora SHARP - MX2640 PCL6,Instalação da Impressora SHARP - MX2640 PCL6,Computer-Services,unknown,unknown,,,,zenodo_it_support_tickets
963,ZENODO_TRAIN_00797,[TICKET ID] - New Support Ticket received  - Configuración equipos A6 [NAME],[TICKET ID] - New Support Ticket received  - Configuración equipos A6 [NAME],Support general,unknown,unknown,,,,zenodo_it_support_tickets
1813,ZENODO_TRAIN_00798,Missing connection to Directory (AD) on system [SERVER],Missing connection to Directory (AD) on system [SERVER],Software,unknown,unknown,,,,zenodo_it_support_tickets
3838,ZENODO_TRAIN_00799,Initiated by [COMPANY][LOCATION]- Vulnerable Internet Explorere on [SERVER],Initiated by [COMPANY][LOCATION]- Vulnerable Internet Explorere on [SERVER],Software,unknown,unknown,,,,zenodo_it_support_tickets
581,ZENODO_TRAIN_00800,File Share Access - [TICKET ID] -Service Request: File Share Access     Grant access to file share for the following user:   (Username: )  Access Type: (RW) Read / Write  File Share:    J:/PFM-PU     ,File Share Access - [TICKET ID] -Service Request: File Share Access     Grant access to file share for the following user:   (Username: )  Access Type: (RW) Read / Write  File Share:    J:/PFM-PU               Requestor: [NAME] ([COMPANY]. [LOCATION])  Comment:,Fileservice,unknown,unknown,,,,zenodo_it_support_tickets
4285,ZENODO_TRAIN_00801,File Share Access - [TICKET ID] - [USERNAME] ([COMPANY]. [LOCATION])Service Request: File Share Access     Grant access to file share for the following user:  [USERNAME] ([COMPANY]. [LOCATION]) (Usern,File Share Access - [TICKET ID] - [USERNAME] ([COMPANY]. [LOCATION])Service Request: File Share Access     Grant access to file share for the following user:  [USERNAME] ([COMPANY]. [LOCATION]) (Username: [USERNAME])  Access Type: (RW) Read / Write  File Share:  J:/DCD-C/R&D Webmag     Requestor: [NAME] ([COMPANY]. [LOCATION])  Comment:  S. E-Mail [NAME] [EMAIL] [NAME] [EMAIL] (2.1.2019),Fileservice,unknown,unknown,,,,zenodo_it_support_tickets
1603,ZENODO_TRAIN_00802,Shared Mailbox Access - [TICKET ID] - [EMAIL],Shared Mailbox Access - [TICKET ID] - [EMAIL],Support general,unknown,unknown,,,,zenodo_it_support_tickets
563,ZENODO_TRAIN_00803,[TICKET ID] - A Support Ticket was forwarded to your role  - AW: Order Provisioned: #[TICKET ID] - Install request for [NAME],[TICKET ID] - A Support Ticket was forwarded to your role  - AW: Order Provisioned: #[TICKET ID] - Install request for [NAME],Support general,unknown,unknown,,,,zenodo_it_support_tickets
13724,ZENODO_TRAIN_00804,Install printer driver,Install printer driver,Computer-Services,unknown,unknown,,,,zenodo_it_support_tickets
909,ZENODO_TRAIN_00805,[TICKET ID] - New Support Ticket received  - Conta Bloqueada,[TICKET ID] - New Support Ticket received  - Conta Bloqueada,Active Directory,unknown,unknown,,,,zenodo_it_support_tickets
1781,ZENODO_TRAIN_00806,Shared Mailbox Access - [AWS_ACCESS_KEY] - [EMAIL],Shared Mailbox Access - [AWS_ACCESS_KEY] - [EMAIL],Support general,unknown,unknown,,,,zenodo_it_support_tickets
1491,ZENODO_TRAIN_00807,File Share Access - [TICKET ID] - [NAME] (EXTERNAL. [LOCATION]),File Share Access - [TICKET ID] - [NAME] (EXTERNAL. [LOCATION]),Fileservice,unknown,unknown,,,,zenodo_it_support_tickets
616,ZENODO_TRAIN_00808,[TICKET ID] - New Support Ticket received  - Basis User - [USERNAME] - [NAME] ([COMPANY]. [LOCATION]),[TICKET ID] - New Support Ticket received  - Basis User - [USERNAME] - [NAME] ([COMPANY]. [LOCATION]),Support general,unknown,unknown,,,,zenodo_it_support_tickets
2033,ZENODO_TRAIN_00809,File Share Access - [TICKET ID] - [NAME] ([COMPANY]. [LOCATION]),File Share Access - [TICKET ID] - [NAME] ([COMPANY]. [LOCATION]),Fileservice,unknown,unknown,,,,zenodo_it_support_tickets
11559,ZENODO_TRAIN_00810,setup phone for email.phone contacts.okta.,setup phone for email.phone contacts.okta.,Support general,unknown,unknown,,,,zenodo_it_support_tickets
727,ZENODO_TRAIN_00811,[TICKET ID] - A Support Ticket was forwarded to your role  -[LOCATION]Wiedereinrichtung auf neuem Handy,[TICKET ID] - A Support Ticket was forwarded to your role  -[LOCATION]Wiedereinrichtung auf neuem Handy,Software,unknown,unknown,,,,zenodo_it_support_tickets
249,ZENODO_TRAIN_00812,PowerBI is not providing my reports,PowerBI is not providing my reports,O365,unknown,unknown,,,,zenodo_it_support_tickets
5246,ZENODO_TRAIN_00813,File Share Access - [TICKET ID] - [NAME] ([COMPANY]. [LOCATION])Service Request: File Share Access     Grant access to file share for the following user:  [NAME] ([COMPANY]. [LOCATION]) (Username: reu,File Share Access - [TICKET ID] - [NAME] ([COMPANY]. [LOCATION])Service Request: File Share Access     Grant access to file share for the following user:  [NAME] ([COMPANY]. [LOCATION]) (Username: reuter)  Access Type: (RW) Read / Write  File Share:  j:/stundenbuecher     Requestor: [NAME] ([COMPANY]. [LOCATION])  Comment:,Fileservice,unknown,unknown,,,,zenodo_it_support_tickets
2283,ZENODO_TRAIN_00814,Reset the password asap,Reset the password asap,Active Directory,unknown,unknown,,,,zenodo_it_support_tickets
7305,ZENODO_TRAIN_00815,Access on LightHouse,Access on LightHouse,Active Directory,unknown,unknown,,,,zenodo_it_support_tickets
627,ZENODO_TRAIN_00816,[TICKET ID] - A Support Ticket was forwarded to your role  - Okta verify,[TICKET ID] - A Support Ticket was forwarded to your role  - Okta verify,Software,unknown,unknown,,,,zenodo_it_support_tickets
1340,ZENODO_TRAIN_00817,[TICKET ID] - New Support Ticket received  - Dell laptop will not connect to the R drive.,[TICKET ID] - New Support Ticket received  - Dell laptop will not connect to the R drive.,Fileservice,unknown,unknown,,,,zenodo_it_support_tickets
3092,ZENODO_TRAIN_00818,[NAME] Mails aus Salesforce an Mailverteiler,[NAME] Mails aus Salesforce an Mailverteiler,Support general,unknown,unknown,,,,zenodo_it_support_tickets
930,ZENODO_TRAIN_00819,[TICKET ID] - New Support Ticket received  - Instalación de software,[TICKET ID] - New Support Ticket received  - Instalación de software,Software,unknown,unknown,,,,zenodo_it_support_tickets
1583,ZENODO_TRAIN_00820,File Share Access - [TICKET ID] - [NAME] ([COMPANY]-[PASSWORD]. [LOCATION]),File Share Access - [TICKET ID] - [NAME] ([COMPANY]-[PASSWORD]. [LOCATION]),Fileservice,unknown,unknown,,,,zenodo_it_support_tickets
10535,ZENODO_TRAIN_00821,Problemas acesso VPN,Problemas acesso VPN,Support general,unknown,unknown,,,,zenodo_it_support_tickets
987,ZENODO_TRAIN_00822,[TICKET ID] - New Support Ticket received  - INSTALAR ATUALIZAÇÃO SICALC,[TICKET ID] - New Support Ticket received  - INSTALAR ATUALIZAÇÃO SICALC,Software,unknown,unknown,,,,zenodo_it_support_tickets
6341,ZENODO_TRAIN_00823,Creating of new Distribution Group in [LOCATION],Creating of new Distribution Group in [LOCATION],Active Directory,unknown,unknown,,,,zenodo_it_support_tickets
5898,ZENODO_TRAIN_00824,Initiated by GIT: Missing connection to all securitytools on system [SERVER],Initiated by GIT: Missing connection to all securitytools on system [SERVER],Software,unknown,unknown,,,,zenodo_it_support_tickets
1773,ZENODO_TRAIN_00825,Shared Mailbox Access - [TICKET ID] - [EMAIL],Shared Mailbox Access - [TICKET ID] - [EMAIL],Support general,unknown,unknown,,,,zenodo_it_support_tickets
7695,ZENODO_TRAIN_00826,usuario no recibe correos masivos,usuario no recibe correos masivos,Support general,unknown,unknown,,,,zenodo_it_support_tickets
1060,ZENODO_TRAIN_00827,[TICKET ID] - New Support Ticket received  - Scan is not going through,[TICKET ID] - New Support Ticket received  - Scan is not going through,Computer-Services,unknown,unknown,,,,zenodo_it_support_tickets
6836,ZENODO_TRAIN_00828,Impressora Borrando impressões,Impressora Borrando impressões,Computer-Services,unknown,unknown,,,,zenodo_it_support_tickets
447,ZENODO_TRAIN_00829,Basis User - [TICKET ID] - [NAME] ([COMPANY]. [LOCATION])Service Request: Basis User     Create Windows account for internal user  [USERNAME] ([COMPANY]. [LOCATION])     Firstname:  [NAME]  Lastname: ,Basis User - [TICKET ID] - [NAME] ([COMPANY]. [LOCATION])Service Request: Basis User     Create Windows account for internal user  [USERNAME] ([COMPANY]. [LOCATION])     Firstname:  [NAME]  Lastname:  [NAME]  Cost Center:  41801  Company:  [COMPANY] SE  Department:  GGR-[ADDRESS]  ZIP:  [ADDRESS]  City:  [ADDRESS]  Country:  Germany  Office:  [LOCATION]. BOB. UG / K29     Important: Please set the EA10 to the following value: 4378 (leave blank. when empty)  Please create Exchange and Skype account.  The user needs at least the following access permissions:  (RW) H:/%username%  (RO) J:/Auftrag  (RW) J:/Info  (RW) J:/Transfer  (RO) J:/Vorlagen  Access to [COMPANY] intranet  Access to [SOFTWARE] ([SERVER])  Requestor:  [NAME] ([COMPANY]. [LOCATION])     Desired date:  Jan  9 2019 12:00AM     Additional information:   Mitarbeiter wechselt intern und benötigt vollständige Technikausstattung.  Vorgestztenstruktur noch nicht aktualisiert. bitte dennoch freigeben.  Bitte Notebook und Keyboard mit deutscher Tastatur.  Vielen Dank.,Support general,unknown,unknown,,,,zenodo_it_support_tickets
6786,ZENODO_TRAIN_00830,Basis User - [USERNAME] -Service Request: Basis User     Create Windows account for internal user       Firstname:  [NAME]  Lastname:  [NAME]  Cost Center:  22104  Company:    Department:  [COMPANY]-C,Basis User - [USERNAME] -Service Request: Basis User     Create Windows account for internal user       Firstname:  [NAME]  Lastname:  [NAME]  Cost Center:  22104  Company:    Department:  [COMPANY]-CS  Street:    ZIP:    City:    Country:  [ADDRESS]  Office:       Important: Please set the EA10 to the following value: 8708 (leave blank. when empty)  Please create Exchange and Skype account.  The user needs at least the following access permissions:  (RW) H:/%username%  (RO) J:/Auftrag  (RW) J:/Info  (RW) J:/Transfer  (RO) J:/Vorlagen  Access to [COMPANY] intranet  Access to [SOFTWARE] ([SERVER])  Requestor:  [NAME] ([COMPANY]. [LOCATION])     Desired date:  Jan 16 2019 12:00AM     Additional information:   Bitte [NAME] der E-Mail Gruppe [COMPANY]-CS hinzufügen.  Telefonisch zu erreichen unter [PHONE],Support general,unknown,unknown,,,,zenodo_it_support_tickets
5702,ZENODO_TRAIN_00831,File Share Access - [TICKET ID] - [NAME] ([COMPANY]. [LOCATION])Service Request: File Share Access     Grant access to file share for the following user:  [NAME] ([COMPANY]. [LOCATION]) (Username: [US,File Share Access - [TICKET ID] - [NAME] ([COMPANY]. [LOCATION])Service Request: File Share Access     Grant access to file share for the following user:  [NAME] ([COMPANY]. [LOCATION]) (Username: [USERNAME])  Access Type: (RW) Read / Write  File Share:    Guten Morgen.   würden Sie mir bitte den Zugriff auf die drei folgenden Ordnerstrukturen einrichten?    J:/HR_[SERVER]   J:/HR_[SERVER]   J:/HR_FRM-WBH   J:/PW-INSBB   Liebe Grüße. [NAME] Nollau   HR-Betreuung       Requestor: [NAME] ([COMPANY]. [LOCATION])  Comment:,Fileservice,unknown,unknown,,,,zenodo_it_support_tickets
10982,ZENODO_TRAIN_00832,Update Power BI,Update Power BI,O365,unknown,unknown,,,,zenodo_it_support_tickets
1475,ZENODO_TRAIN_00833,File Share Access - [TICKET ID] - [NAME] ([COMPANY]. [LOCATION]),File Share Access - [TICKET ID] - [NAME] ([COMPANY]. [LOCATION]),Fileservice,unknown,unknown,,,,zenodo_it_support_tickets
2152,ZENODO_TRAIN_00834,Initiated by GIT: Missing connection to directory (AD) on system [SERVER],Initiated by GIT: Missing connection to directory (AD) on system [SERVER],Software,unknown,unknown,,,,zenodo_it_support_tickets
820,ZENODO_TRAIN_00835,[TICKET ID] - New Support Ticket received  - email migration,[TICKET ID] - New Support Ticket received  - email migration,O365,unknown,unknown,,,,zenodo_it_support_tickets
1623,ZENODO_TRAIN_00836,check_mk network Hostalarm: (US[COMPANY]01) [COMPANY] LS Site2Site[LOCATION]- UP -> DOWN,check_mk network Hostalarm: (US[COMPANY]01) [COMPANY] LS Site2Site[LOCATION]- UP -> DOWN,Support general,unknown,unknown,,,,zenodo_it_support_tickets
687,ZENODO_TRAIN_00837,[TICKET ID] - New information received on closed ticket  - Light User for external - [TICKET ID] - [NAME],[TICKET ID] - New information received on closed ticket  - Light User for external - [TICKET ID] - [NAME],Support general,unknown,unknown,,,,zenodo_it_support_tickets
1194,ZENODO_TRAIN_00838,[TICKET ID] - New Support Ticket received  - OS Update - [SERVER],[TICKET ID] - New Support Ticket received  - OS Update - [SERVER],Support general,unknown,unknown,,,,zenodo_it_support_tickets
843,ZENODO_TRAIN_00839,[TICKET ID] - A Support Ticket was forwarded to you  - interrumpido acceso a J:,[TICKET ID] - A Support Ticket was forwarded to you  - interrumpido acceso a J:,Fileservice,unknown,unknown,,,,zenodo_it_support_tickets
1292,ZENODO_TRAIN_00840,[TICKET ID] - New Support Ticket received  - Windows update to 1803,[TICKET ID] - New Support Ticket received  - Windows update to 1803,Support general,unknown,unknown,,,,zenodo_it_support_tickets
3692,ZENODO_TRAIN_00841,Installation of Power BI desktop for user  [EMAIL],Installation of Power BI desktop for user  [EMAIL],O365,unknown,unknown,,,,zenodo_it_support_tickets
10454,ZENODO_TRAIN_00842,File Share Access - [TICKET ID] - [NAME]. [NAME] ([COMPANY]. [LOCATION])Service Request: File Share Access     Grant access to file share for the following user:  Voss. [NAME] ([COMPANY]. [LOCATION]) ,File Share Access - [TICKET ID] - [NAME]. [NAME] ([COMPANY]. [LOCATION])Service Request: File Share Access     Grant access to file share for the following user:  Voss. [NAME] ([COMPANY]. [LOCATION]) (Username: [USERNAME])  Access Type: (RW) Read / Write  File Share:    J:/Wertprüfungen       Requestor: [NAME] ([COMPANY]. [LOCATION])  Comment:,Fileservice,unknown,unknown,,,,zenodo_it_support_tickets
7943,ZENODO_TRAIN_00843,Light User - [USERNAME] - [NAME] ([COMPANY]. [LOCATION])Service Request: Light User  Create Light user for [NAME] ([COMPANY]. [LOCATION])     Firstname: [NAME]  Lastname: [NAME]ailaddress: [EMAIL]  Ph,Light User - [USERNAME] - [NAME] ([COMPANY]. [LOCATION])Service Request: Light User  Create Light user for [NAME] ([COMPANY]. [LOCATION])     Firstname: [NAME]  Lastname: [NAME]ailaddress: [EMAIL]  Phone:   Cost Center: 150220  Company: [COMPANY] Services [ADDRESS] GmbH  Department: [ADDRESS]  ZIP: [ADDRESS]  City: [ADDRESS]  Country: [ADDRESS]  Location:[LOCATION] Office:      Important: Please set the EA10 to the following value: 13735 (leave blank. when empty)     Desired date: Feb 11 2019 12:00AM     Requestor: [NAME] ([COMPANY]. [LOCATION])     Additional information:,Support general,unknown,unknown,,,,zenodo_it_support_tickets
3638,ZENODO_TRAIN_00844,Delegation of Group - [SERVER]-LIMS,Delegation of Group - [SERVER]-LIMS,Fileservice,unknown,unknown,,,,zenodo_it_support_tickets
1604,ZENODO_TRAIN_00845,File Share Access - [TICKET ID] - [NAME] ([COMPANY]A. [LOCATION]),File Share Access - [TICKET ID] - [NAME] ([COMPANY]A. [LOCATION]),Fileservice,unknown,unknown,,,,zenodo_it_support_tickets
1574,ZENODO_TRAIN_00846,File Share Access - [TICKET ID] - [NAME] ([COMPANY]A. [LOCATION]),File Share Access - [TICKET ID] - [NAME] ([COMPANY]A. [LOCATION]),Fileservice,unknown,unknown,,,,zenodo_it_support_tickets
660,ZENODO_TRAIN_00847,[TICKET ID] - New Support Ticket received  - Basis User - [USERNAME] -,[TICKET ID] - New Support Ticket received  - Basis User - [USERNAME] -,Support general,unknown,unknown,,,,zenodo_it_support_tickets
2319,ZENODO_TRAIN_00848,File Share Access - [TICKET ID] - [NAME] ([COMPANY]A. [LOCATION]),File Share Access - [TICKET ID] - [NAME] ([COMPANY]A. [LOCATION]),Fileservice,unknown,unknown,,,,zenodo_it_support_tickets
959,ZENODO_TRAIN_00849,[TICKET ID] - New Support Ticket received  - Phone does not load email,[TICKET ID] - New Support Ticket received  - Phone does not load email,O365,unknown,unknown,,,,zenodo_it_support_tickets
4625,ZENODO_TRAIN_00850,File Share Access - [TICKET ID] - [USERNAME] ([COMPANY]. [LOCATION])Service Request: File Share Access     Grant access to file share for the following user:  [USERNAME] ([COMPANY]. [LOCATION]) (Usern,File Share Access - [TICKET ID] - [USERNAME] ([COMPANY]. [LOCATION])Service Request: File Share Access     Grant access to file share for the following user:  [USERNAME] ([COMPANY]. [LOCATION]) (Username: [USERNAME])  Access Type: (RO) Read only  File Share:  J:/ZR_MAS     Requestor: [NAME] ([COMPANY]. [LOCATION])  Comment:,Fileservice,unknown,unknown,,,,zenodo_it_support_tickets
1330,ZENODO_TRAIN_00851,[TICKET ID] - New Support Ticket received  - cant sign into Skype,[TICKET ID] - New Support Ticket received  - cant sign into Skype,O365,unknown,unknown,,,,zenodo_it_support_tickets
2141,ZENODO_TRAIN_00852,File Share Access - [TICKET ID] - [NAME] ([COMPANY]A. [LOCATION]),File Share Access - [TICKET ID] - [NAME] ([COMPANY]A. [LOCATION]),Fileservice,unknown,unknown,,,,zenodo_it_support_tickets
1422,ZENODO_TRAIN_00853,SR263409 - Leaving employee: The user Books; [NAME] ([COMPANY]; [LOCATION]) is going to leave [COMPANY] on 10;10;2017,SR263409 - Leaving employee: The user Books; [NAME] ([COMPANY]; [LOCATION]) is going to leave [COMPANY] on 10;10;2017,Active Directory,unknown,unknown,,,,zenodo_it_support_tickets
972,ZENODO_TRAIN_00854,[TICKET ID] - New Support Ticket received  - configuacion nuevo telefono,[TICKET ID] - New Support Ticket received  - configuacion nuevo telefono,Support general,unknown,unknown,,,,zenodo_it_support_tickets
5604,ZENODO_TRAIN_00855,Light User for external - [TICKET ID] - [NAME]Service Request: Light User for external  Create Light user for [NAME]. Igor     Firstname: [NAME]  Lastname: [NAME]ailaddress: [EMAIL]  Phone: [PHONE]  C,Light User for external - [TICKET ID] - [NAME]Service Request: Light User for external  Create Light user for [NAME]. Igor     Firstname: [NAME]  Lastname: [NAME]ailaddress: [EMAIL]  Phone: [PHONE]  Cost Center: 47046  Function: [COMPANY][LOCATION]consultant for BI  Company: [COMPANY] do Brasil Ltda.  Department: GIT-EST  [ADDRESS]  ZIP: [ADDRESS]  City: [ADDRESS]  Country: [ADDRESS]  Location:[LOCATION] Office:   Expiration date: Not defined     Important: Please indicate in EA14 that it is an external user.     Requestor: [NAME] ([COMPANY]. [LOCATION])     Desired date: Dec 20 2018 12:00AM     Additional information:  New [COMPANY][LOCATION]consultant for BI. [NAME],Support general,unknown,unknown,,,,zenodo_it_support_tickets
3909,ZENODO_TRAIN_00856,Initiated by [COMPANY][LOCATION]- Vulnerable Office on [SERVER],Initiated by [COMPANY][LOCATION]- Vulnerable Office on [SERVER],O365,unknown,unknown,,,,zenodo_it_support_tickets
7052,ZENODO_TRAIN_00857,instalar os [COMPANY]ulos de segurança dos bancos Caixa e BB,instalar os [COMPANY]ulos de segurança dos bancos Caixa e BB,Software,unknown,unknown,,,,zenodo_it_support_tickets
1789,ZENODO_TRAIN_00858,Create Shared Mailbox - [TICKET ID] - [COMPANY] rental car management,Create Shared Mailbox - [TICKET ID] - [COMPANY] rental car management,Support general,unknown,unknown,,,,zenodo_it_support_tickets
789,ZENODO_TRAIN_00859,[TICKET ID] - A Support Ticket was forwarded to you  - File Share Access - [TICKET ID] - [NAME] ([COMPANY]. [LOCATION]),[TICKET ID] - A Support Ticket was forwarded to you  - File Share Access - [TICKET ID] - [NAME] ([COMPANY]. [LOCATION]),Fileservice,unknown,unknown,,,,zenodo_it_support_tickets
1392,ZENODO_TRAIN_00860,[TICKET ID] - A Support Ticket was forwarded to your role  - check_mk SD Hostalarm: ([SERVER]) [SERVER] - UP -> DOWN,[TICKET ID] - A Support Ticket was forwarded to your role  - check_mk SD Hostalarm: ([SERVER]) [SERVER] - UP -> DOWN,Support general,unknown,unknown,,,,zenodo_it_support_tickets
1034,ZENODO_TRAIN_00861,[TICKET ID] - New Support Ticket received  - Installation of Microsoft Visio,[TICKET ID] - New Support Ticket received  - Installation of Microsoft Visio,O365,unknown,unknown,,,,zenodo_it_support_tickets
5176,ZENODO_TRAIN_00862,problemas para acessar email no pcEmail outlook não conectado,problemas para acessar email no pcEmail outlook não conectado,O365,unknown,unknown,,,,zenodo_it_support_tickets
684,ZENODO_TRAIN_00863,[TICKET ID] - New Support Ticket received  - Basis User - [USERNAME] -,[TICKET ID] - New Support Ticket received  - Basis User - [USERNAME] -,Support general,unknown,unknown,,,,zenodo_it_support_tickets
11455,ZENODO_TRAIN_00864,T20200124.0018 - Update outlook mailgroup [NAME],T20200124.0018 - Update outlook mailgroup [NAME],Support general,unknown,unknown,,,,zenodo_it_support_tickets
9695,ZENODO_TRAIN_00865,new[LOCATION]isnt found,new[LOCATION]isnt found,Support general,unknown,unknown,,,,zenodo_it_support_tickets
841,ZENODO_TRAIN_00866,[TICKET ID] - Reminder of paused Support Ticket  - Security Alert [URL],[TICKET ID] - Reminder of paused Support Ticket  - Security Alert [URL],O365,unknown,unknown,,,,zenodo_it_support_tickets
1004,ZENODO_TRAIN_00867,[TICKET ID] - New Support Ticket received  - Install new printer,[TICKET ID] - New Support Ticket received  - Install new printer,Computer-Services,unknown,unknown,,,,zenodo_it_support_tickets
4614,ZENODO_TRAIN_00868,File Share Access - [TICKET ID] - [NAME] ([COMPANY]. ESBA)Service Request: File Share Access     Grant access to file share for the following user:  [NAME] ([COMPANY]. ESBA) (Username: [USERNAME])  Ac,File Share Access - [TICKET ID] - [NAME] ([COMPANY]. ESBA)Service Request: File Share Access     Grant access to file share for the following user:  [NAME] ([COMPANY]. ESBA) (Username: [USERNAME])  Access Type: (RW) Read / Write  File Share:  [SERVER]-FINANCE-RW     Requestor: [NAME] ([COMPANY]. [LOCATION])  Comment:,Fileservice,unknown,unknown,,,,zenodo_it_support_tickets
1093,ZENODO_TRAIN_00869,[TICKET ID] - A Support Ticket was forwarded to your role  - check_mk SD Servicealarm: ([SERVER]) [COMPANY] LS Systemmanagement - [SOFTWARE] Depot Server: Service MATRIXPXE - OK -> CRIT,[TICKET ID] - A Support Ticket was forwarded to your role  - check_mk SD Servicealarm: ([SERVER]) [COMPANY] LS Systemmanagement - [SOFTWARE] Depot Server: Service MATRIXPXE - OK -> CRIT,Support general,unknown,unknown,,,,zenodo_it_support_tickets
1506,ZENODO_TRAIN_00870,Shared Mailbox Access - [AWS_ACCESS_KEY] - [EMAIL],Shared Mailbox Access - [AWS_ACCESS_KEY] - [EMAIL],Support general,unknown,unknown,,,,zenodo_it_support_tickets
10791,ZENODO_TRAIN_00871,Golive Crop Manager - intern kein Zugriff,Golive Crop Manager - intern kein Zugriff,Fileservice,unknown,unknown,,,,zenodo_it_support_tickets
1907,ZENODO_TRAIN_00872,File Share Access - [TICKET ID] - [NAME] ([COMPANY]A. [LOCATION]),File Share Access - [TICKET ID] - [NAME] ([COMPANY]A. [LOCATION]),Fileservice,unknown,unknown,,,,zenodo_it_support_tickets
1720,ZENODO_TRAIN_00873,File Share Access - [TICKET ID] - [NAME] ([COMPANY]A. [LOCATION]),File Share Access - [TICKET ID] - [NAME] ([COMPANY]A. [LOCATION]),Fileservice,unknown,unknown,,,,zenodo_it_support_tickets
1570,ZENODO_TRAIN_00874,File Share Access - [TICKET ID] - [NAME] ([COMPANY]A. [LOCATION]),File Share Access - [TICKET ID] - [NAME] ([COMPANY]A. [LOCATION]),Fileservice,unknown,unknown,,,,zenodo_it_support_tickets
8674,ZENODO_TRAIN_00875,Release E-Mail from quarantine,Release E-Mail from quarantine,Support general,unknown,unknown,,,,zenodo_it_support_tickets
1520,ZENODO_TRAIN_00876,File Share Access - [TICKET ID] - [NAME] ([COMPANY]A. [LOCATION]),File Share Access - [TICKET ID] - [NAME] ([COMPANY]A. [LOCATION]),Fileservice,unknown,unknown,,,,zenodo_it_support_tickets
1345,ZENODO_TRAIN_00877,[TICKET ID] - New Support Ticket received  - Acesso Skype,[TICKET ID] - New Support Ticket received  - Acesso Skype,O365,unknown,unknown,,,,zenodo_it_support_tickets
659,ZENODO_TRAIN_00878,LIberacao do PowerBI no O365 para [NAME] e [NAME]Por favor poderiam faze-lo? Grato    [NAME]BA. PMP. CISSP.  [COMPANY] Services North America  Phone [PHONE]         Mobile [PHONE]  [EMAIL]<mailto:[EMA,LIberacao do PowerBI no O365 para [NAME] e [NAME]Por favor poderiam faze-lo? Grato    [NAME]BA. PMP. CISSP.  [COMPANY] Services North America  Phone [PHONE]         Mobile [PHONE]  [EMAIL]<mailto:[EMAIL]>            [URL]>,O365,unknown,unknown,,,,zenodo_it_support_tickets
2108,ZENODO_TRAIN_00879,File Share Access - [TICKET ID] - [NAME] ([COMPANY]A. [LOCATION]),File Share Access - [TICKET ID] - [NAME] ([COMPANY]A. [LOCATION]),Fileservice,unknown,unknown,,,,zenodo_it_support_tickets
8023,ZENODO_TRAIN_00880,Ajuste FoneBoa tarde      Serviço ja ajustado do Fone.      Obrigado,Ajuste FoneBoa tarde      Serviço ja ajustado do Fone.      Obrigado,Support general,unknown,unknown,,,,zenodo_it_support_tickets
226,ZENODO_TRAIN_00881,[TICKET ID] - New Support Ticket received  - File Share Access - [TICKET ID] - [NAME] ([COMPANY]. [LOCATION]),[TICKET ID] - New Support Ticket received  - File Share Access - [TICKET ID] - [NAME] ([COMPANY]. [LOCATION]),Fileservice,unknown,unknown,,,,zenodo_it_support_tickets
2220,ZENODO_TRAIN_00882,Shared Mailbox Access - [ADDRESS] - [EMAIL],Shared Mailbox Access - [ADDRESS] - [EMAIL],Support general,unknown,unknown,,,,zenodo_it_support_tickets
2375,ZENODO_TRAIN_00883,Remove File Share Access - [TICKET ID] - [NAME] ([COMPANY]. [LOCATION])Service Request: Remove File Share Access     Remove file share access for the following user:  [NAME] ([COMPANY]. [LOCATION]) (U,Remove File Share Access - [TICKET ID] - [NAME] ([COMPANY]. [LOCATION])Service Request: Remove File Share Access     Remove file share access for the following user:  [NAME] ([COMPANY]. [LOCATION]) (Username: [USERNAME])  File Share:  J:/[SERVER]  Verzeichnis kann gelöscht werden.     Requestor: [NAME] ([COMPANY]. [LOCATION])  Comment:  Verzeichnis wurde aufgelöst und kann daher gelöscht werden.,Fileservice,unknown,unknown,,,,zenodo_it_support_tickets
8740,ZENODO_TRAIN_00884,The following system must be set to End Of Life in Nexthink and checked for[LOCATION]reservations:  [SERVER]  -Automated ticket creation-Please remove the system from Nexthink according to the[LOCATIO,The following system must be set to End Of Life in Nexthink and checked for[LOCATION]reservations:  [SERVER]  -Automated ticket creation-Please remove the system from Nexthink according to the[LOCATION]process and please verify if any[LOCATION]reservations exist. If yes. please remove reservations and note down the corresponding IP(s) and inform [COMPANY] network team to remove firewall rules if there are any.,EOL,unknown,unknown,,,,zenodo_it_support_tickets
1248,ZENODO_TRAIN_00885,[TICKET ID] - A Support Ticket was forwarded to your role  - check_mk SD Servicealarm: ([SERVER]) [COMPANY] LS Systemmanagement - [SOFTWARE] Depot Server: Service MATRIXRSYNC - OK -> CRIT,[TICKET ID] - A Support Ticket was forwarded to your role  - check_mk SD Servicealarm: ([SERVER]) [COMPANY] LS Systemmanagement - [SOFTWARE] Depot Server: Service MATRIXRSYNC - OK -> CRIT,Support general,unknown,unknown,,,,zenodo_it_support_tickets
955,ZENODO_TRAIN_00886,[TICKET ID] - A Support Ticket was forwarded to you  - Desbloqueio site PM de Cambé,[TICKET ID] - A Support Ticket was forwarded to you  - Desbloqueio site PM de Cambé,Support general,unknown,unknown,,,,zenodo_it_support_tickets
1925,ZENODO_TRAIN_00887,File Share Access - [TICKET ID] - [NAME] ([COMPANY]. [LOCATION]),File Share Access - [TICKET ID] - [NAME] ([COMPANY]. [LOCATION]),Fileservice,unknown,unknown,,,,zenodo_it_support_tickets
1091,ZENODO_TRAIN_00888,[TICKET ID] - A Support Ticket was forwarded to your role  - Unable to[LOCATION]from [NAME],[TICKET ID] - A Support Ticket was forwarded to your role  - Unable to[LOCATION]from [NAME],Support general,unknown,unknown,,,,zenodo_it_support_tickets
1757,ZENODO_TRAIN_00889,File Share Access - [TICKET ID] - [NAME] ([COMPANY]A. [LOCATION]),File Share Access - [TICKET ID] - [NAME] ([COMPANY]A. [LOCATION]),Fileservice,unknown,unknown,,,,zenodo_it_support_tickets
1136,ZENODO_TRAIN_00890,[TICKET ID] - New Support Ticket received  -[LOCATION]issue,[TICKET ID] - New Support Ticket received  -[LOCATION]issue,Support general,unknown,unknown,,,,zenodo_it_support_tickets
2196,ZENODO_TRAIN_00891,Request to install a VM for testing purposes - Windows Defender ATP,Request to install a VM for testing purposes - Windows Defender ATP,Software,unknown,unknown,,,,zenodo_it_support_tickets
902,ZENODO_TRAIN_00892,[TICKET ID] - A Support Ticket was forwarded to your role  - Initiated by [COMPANY][LOCATION]- Vulnerable Windows Defender on [SERVER],[TICKET ID] - A Support Ticket was forwarded to your role  - Initiated by [COMPANY][LOCATION]- Vulnerable Windows Defender on [SERVER],Support general,unknown,unknown,,,,zenodo_it_support_tickets
4393,ZENODO_TRAIN_00893,Problemas impresora de sobres,Problemas impresora de sobres,Computer-Services,unknown,unknown,,,,zenodo_it_support_tickets
1924,ZENODO_TRAIN_00894,Shared Mailbox Access - [ADDRESS] - [EMAIL],Shared Mailbox Access - [ADDRESS] - [EMAIL],Support general,unknown,unknown,,,,zenodo_it_support_tickets
5866,ZENODO_TRAIN_00895,Cannot print labels from label printer,Cannot print labels from label printer,Computer-Services,unknown,unknown,,,,zenodo_it_support_tickets
1498,ZENODO_TRAIN_00896,Data Factory - Azure Logic Apps (Please contact [NAME]),Data Factory - Azure Logic Apps (Please contact [NAME]),Software,unknown,unknown,,,,zenodo_it_support_tickets
1497,ZENODO_TRAIN_00897,File Share Access - [TICKET ID] - [ADDRESS] ([COMPANY]A. [LOCATION]),File Share Access - [TICKET ID] - [ADDRESS] ([COMPANY]A. [LOCATION]),Fileservice,unknown,unknown,,,,zenodo_it_support_tickets
2222,ZENODO_TRAIN_00898,File Share Access - [TICKET ID] - [NAME] ([COMPANY]. [LOCATION]),File Share Access - [TICKET ID] - [NAME] ([COMPANY]. [LOCATION]),Fileservice,unknown,unknown,,,,zenodo_it_support_tickets
1601,ZENODO_TRAIN_00899,Shared Mailbox Access - [TICKET ID] - [EMAIL],Shared Mailbox Access - [TICKET ID] - [EMAIL],Support general,unknown,unknown,,,,zenodo_it_support_tickets
1705,ZENODO_TRAIN_00900,Shared Mailbox Access - [TICKET ID] - [EMAIL],Shared Mailbox Access - [TICKET ID] - [EMAIL],Support general,unknown,unknown,,,,zenodo_it_support_tickets
2155,ZENODO_TRAIN_00901,Initiated by GIT: Missing connection to Directory (AD) on system [SERVER],Initiated by GIT: Missing connection to Directory (AD) on system [SERVER],Software,unknown,unknown,,,,zenodo_it_support_tickets
1792,ZENODO_TRAIN_00902,File Share Access - [TICKET ID] - [NAME] ([COMPANY]A. [LOCATION]),File Share Access - [TICKET ID] - [NAME] ([COMPANY]A. [LOCATION]),Fileservice,unknown,unknown,,,,zenodo_it_support_tickets
1903,ZENODO_TRAIN_00903,File Share Access - [TICKET ID] - [NAME] ([COMPANY]A. [LOCATION]),File Share Access - [TICKET ID] - [NAME] ([COMPANY]A. [LOCATION]),Fileservice,unknown,unknown,,,,zenodo_it_support_tickets
691,ZENODO_TRAIN_00904,[TICKET ID] - New Support Ticket received  - File Share Access - [TICKET ID] - [NAME] ([COMPANY]. [LOCATION]),[TICKET ID] - New Support Ticket received  - File Share Access - [TICKET ID] - [NAME] ([COMPANY]. [LOCATION]),Fileservice,unknown,unknown,,,,zenodo_it_support_tickets
433,ZENODO_TRAIN_00905,Email Excelância Comercial,Email Excelância Comercial,Support general,unknown,unknown,,,,zenodo_it_support_tickets
1627,ZENODO_TRAIN_00906,Create Shared Mailbox - [TICKET ID] - my[COMPANY] RO,Create Shared Mailbox - [TICKET ID] - my[COMPANY] RO,Support general,unknown,unknown,,,,zenodo_it_support_tickets
1289,ZENODO_TRAIN_00907,[TICKET ID] - New Support Ticket received  - Missing Analysis Tool for Excel,[TICKET ID] - New Support Ticket received  - Missing Analysis Tool for Excel,O365,unknown,unknown,,,,zenodo_it_support_tickets
1734,ZENODO_TRAIN_00908,Shared Mailbox Access - [ADDRESS] - [EMAIL],Shared Mailbox Access - [ADDRESS] - [EMAIL],Support general,unknown,unknown,,,,zenodo_it_support_tickets
827,ZENODO_TRAIN_00909,[TICKET ID] - New Support Ticket received  - New cell phone,[TICKET ID] - New Support Ticket received  - New cell phone,Support general,unknown,unknown,,,,zenodo_it_support_tickets
13754,ZENODO_TRAIN_00910,initiated by[LOCATION]: Question of the status of inactive systems,initiated by[LOCATION]: Question of the status of inactive systems,Software,unknown,unknown,,,,zenodo_it_support_tickets
1488,ZENODO_TRAIN_00911,File Share Access - [TICKET ID] - [ADDRESS] ([COMPANY]A. [LOCATION]),File Share Access - [TICKET ID] - [ADDRESS] ([COMPANY]A. [LOCATION]),Fileservice,unknown,unknown,,,,zenodo_it_support_tickets
1472,ZENODO_TRAIN_00912,Create Shared Mailbox - [EMAIL] - [EMAIL],Create Shared Mailbox - [EMAIL] - [EMAIL],Support general,unknown,unknown,,,,zenodo_it_support_tickets
9426,ZENODO_TRAIN_00913,Missing connection to all securitytools on system [SERVER],Missing connection to all securitytools on system [SERVER],Software,unknown,unknown,,,,zenodo_it_support_tickets
1556,ZENODO_TRAIN_00914,Shared Mailbox Access - [TICKET ID] - [EMAIL],Shared Mailbox Access - [TICKET ID] - [EMAIL],Support general,unknown,unknown,,,,zenodo_it_support_tickets
4813,ZENODO_TRAIN_00915,Acesso a pasta a usuario,Acesso a pasta a usuario,Fileservice,unknown,unknown,,,,zenodo_it_support_tickets
4249,ZENODO_TRAIN_00916,Ajuste no e-mail do depto de Crédito,Ajuste no e-mail do depto de Crédito,Support general,unknown,unknown,,,,zenodo_it_support_tickets
1600,ZENODO_TRAIN_00917,Shared Mailbox Access - [ADDRESS] - [EMAIL],Shared Mailbox Access - [ADDRESS] - [EMAIL],Support general,unknown,unknown,,,,zenodo_it_support_tickets
878,ZENODO_TRAIN_00918,[TICKET ID] - New Support Ticket received  - bloqueo notbook,[TICKET ID] - New Support Ticket received  - bloqueo notbook,Support general,unknown,unknown,,,,zenodo_it_support_tickets
1581,ZENODO_TRAIN_00919,File Share Access - [TICKET ID] - [NAME]. [NAME] ([COMPANY]. [LOCATION]),File Share Access - [TICKET ID] - [NAME]. [NAME] ([COMPANY]. [LOCATION]),Fileservice,unknown,unknown,,,,zenodo_it_support_tickets
646,ZENODO_TRAIN_00920,[TICKET ID] - New Support Ticket received  - Basis User - [USERNAME] - [USERNAME] ([COMPANY]. [LOCATION]),[TICKET ID] - New Support Ticket received  - Basis User - [USERNAME] - [USERNAME] ([COMPANY]. [LOCATION]),Support general,unknown,unknown,,,,zenodo_it_support_tickets
5315,ZENODO_TRAIN_00921,The following system must be set to End Of Life in Nexthink and checked for[LOCATION]reservations:  [SERVER]  -Automated ticket creation-Please remove the system from Nexthink according to the[LOCATIO,The following system must be set to End Of Life in Nexthink and checked for[LOCATION]reservations:  [SERVER]  -Automated ticket creation-Please remove the system from Nexthink according to the[LOCATION]process and please verify if any[LOCATION]reservations exist. If yes. please remove reservations and note down the corresponding IP(s) and inform [COMPANY] network team to remove firewall rules if there are any.,EOL,unknown,unknown,,,,zenodo_it_support_tickets
586,ZENODO_TRAIN_00922,[TICKET ID] - A Support Ticket was forwarded to your role  - Access to the shared mailbox,[TICKET ID] - A Support Ticket was forwarded to your role  - Access to the shared mailbox,O365,unknown,unknown,,,,zenodo_it_support_tickets
4906,ZENODO_TRAIN_00923,Ativação VPNBoa Tarde!  Favor ativar o[LOCATION]para acesso as pastas em rede.  Motivo: Trabalho Home Office,Ativação VPNBoa Tarde!  Favor ativar o[LOCATION]para acesso as pastas em rede.  Motivo: Trabalho Home Office,Support general,unknown,unknown,,,,zenodo_it_support_tickets
8339,ZENODO_TRAIN_00924,bad address in the email,bad address in the email,Support general,unknown,unknown,,,,zenodo_it_support_tickets
1414,ZENODO_TRAIN_00925,GPO bitlocker,GPO bitlocker,Active Directory,unknown,unknown,,,,zenodo_it_support_tickets
1598,ZENODO_TRAIN_00926,File Share Access - [TICKET ID] - [NAME] ([COMPANY]A. [LOCATION]),File Share Access - [TICKET ID] - [NAME] ([COMPANY]A. [LOCATION]),Fileservice,unknown,unknown,,,,zenodo_it_support_tickets
702,ZENODO_TRAIN_00927,[TICKET ID] - New Support Ticket received  - Basis User - [USERNAME] -,[TICKET ID] - New Support Ticket received  - Basis User - [USERNAME] -,Support general,unknown,unknown,,,,zenodo_it_support_tickets
1831,ZENODO_TRAIN_00928,File Share Access - [TICKET ID] - [NAME] ([COMPANY]A. [LOCATION]),File Share Access - [TICKET ID] - [NAME] ([COMPANY]A. [LOCATION]),Fileservice,unknown,unknown,,,,zenodo_it_support_tickets
1424,ZENODO_TRAIN_00929,SR284515 Access to file share or specific folder: the user [NAME] ([COMPANY]; [LOCATION]) needs access to a fileshare,SR284515 Access to file share or specific folder: the user [NAME] ([COMPANY]; [LOCATION]) needs access to a fileshare,Fileservice,unknown,unknown,,,,zenodo_it_support_tickets
1592,ZENODO_TRAIN_00930,Shared Mailbox Access - [ADDRESS] - [EMAIL],Shared Mailbox Access - [ADDRESS] - [EMAIL],Support general,unknown,unknown,,,,zenodo_it_support_tickets
2076,ZENODO_TRAIN_00931,File Share Access - [TICKET ID] - [NAME] ([COMPANY]A. [LOCATION]),File Share Access - [TICKET ID] - [NAME] ([COMPANY]A. [LOCATION]),Fileservice,unknown,unknown,,,,zenodo_it_support_tickets
1352,ZENODO_TRAIN_00932,[TICKET ID] - New Support Ticket received  - Lost Onedrive files,[TICKET ID] - New Support Ticket received  - Lost Onedrive files,O365,unknown,unknown,,,,zenodo_it_support_tickets
1205,ZENODO_TRAIN_00933,[TICKET ID] - New Support Ticket received  - [SOFTWARE] updates,[TICKET ID] - New Support Ticket received  - [SOFTWARE] updates,Support general,unknown,unknown,,,,zenodo_it_support_tickets
2132,ZENODO_TRAIN_00934,Delete Shared Mailbox - [EMAIL] - [EMAIL]AMA. [LOCATION]),Delete Shared Mailbox - [EMAIL] - [EMAIL]AMA. [LOCATION]),Support general,unknown,unknown,,,,zenodo_it_support_tickets
9789,ZENODO_TRAIN_00935,Restrição de acessoBom dia!              Por gentileza. no grupo J a pasta Relatório - estoque fazer uma restrição de acesso. sendo disponivel apenas para:      - [NAME];    - [NAME];    - [NAME];    ,Restrição de acessoBom dia!              Por gentileza. no grupo J a pasta Relatório - estoque fazer uma restrição de acesso. sendo disponivel apenas para:      - [NAME];    - [NAME];    - [NAME];    - [NAME].        [Image],Active Directory,unknown,unknown,,,,zenodo_it_support_tickets
3043,ZENODO_TRAIN_00936,The following system must be set to End Of Life in Nexthink and checked for[LOCATION]reservations:  [SERVER]  -Automated ticket creation-Please remove the system from Nexthink according to the[LOCATIO,The following system must be set to End Of Life in Nexthink and checked for[LOCATION]reservations:  [SERVER]  -Automated ticket creation-Please remove the system from Nexthink according to the[LOCATION]process and please verify if any[LOCATION]reservations exist. If yes. please remove reservations and note down the corresponding IP(s) and inform [COMPANY] network team to remove firewall rules if there are any.,EOL,unknown,unknown,,,,zenodo_it_support_tickets
10177,ZENODO_TRAIN_00937,Zugriffsrechte auf Shared Mailbox entziehen,Zugriffsrechte auf Shared Mailbox entziehen,Support general,unknown,unknown,,,,zenodo_it_support_tickets
4543,ZENODO_TRAIN_00938,Intranet User - [USERNAME] -  (External. [LOCATION])Service Request: Intranet User     Create Intranet only user for [USERNAME] (External. [LOCATION])     Firstname: [NAME]  Lastname: [NAME]  Cost Cen,Intranet User - [USERNAME] -  (External. [LOCATION])Service Request: Intranet User     Create Intranet only user for [USERNAME] (External. [LOCATION])     Firstname: [NAME]  Lastname: [NAME]  Cost Center: [ADDRESS]  Company:   Department: [COMPANY] SE  Street:   ZIP:   City:   Country: Germany  Office: BOB. 2.54     Important: Please set the EA10 to the following value: [EMAIL] (leave blank. when empty)     Requestor: [NAME] ([COMPANY]. [LOCATION])  Additional information:  Frau Schlegel ist externe Mitarbeiterin und benötigt wieder Zugriff zum Intranet,Active Directory,unknown,unknown,,,,zenodo_it_support_tickets
1575,ZENODO_TRAIN_00939,File Share Access - [TICKET ID] - [NAME] ([COMPANY]A. [LOCATION]),File Share Access - [TICKET ID] - [NAME] ([COMPANY]A. [LOCATION]),Fileservice,unknown,unknown,,,,zenodo_it_support_tickets
14067,ZENODO_TRAIN_00940,Missing connection to all securitytools on system [SERVER],Missing connection to all securitytools on system [SERVER],Software,unknown,unknown,,,,zenodo_it_support_tickets
9387,ZENODO_TRAIN_00941,Light User for external - [TICKET ID] - [USERNAME]. [NAME]Service Request: Light User for external  Create Light user for [USERNAME]. [NAME]     Firstname: [NAME]  Lastname: [NAME]ailaddress: [EMAIL] ,Light User for external - [TICKET ID] - [USERNAME]. [NAME]Service Request: Light User for external  Create Light user for [USERNAME]. [NAME]     Firstname: [NAME]  Lastname: [NAME]ailaddress: [EMAIL]  Phone: [PHONE]  Cost Center: 47004  Function: Agentur Polen  Company: BizWebStudio  Department: [ADDRESS]-[ADDRESS]  ZIP: [ADDRESS]  City: [ADDRESS]  Country: [ADDRESS]  Location:[LOCATION] Office:   Expiration date: Jun 29 2019 11:00PM     Important: Please indicate in EA14 that it is an external user.     Requestor: [NAME]. [USERNAME] ([COMPANY]. [LOCATION])     Desired date: Dec 17 2018 12:00AM     Additional information:,Support general,unknown,unknown,,,,zenodo_it_support_tickets
9697,ZENODO_TRAIN_00942,File Share Access - [TICKET ID] - [NAME] ([COMPANY]. [LOCATION])Service Request: File Share Access     Grant access to file share for the following user:  [USERNAME] ([COMPANY]. [LOCATION]) (Username:,File Share Access - [TICKET ID] - [NAME] ([COMPANY]. [LOCATION])Service Request: File Share Access     Grant access to file share for the following user:  [USERNAME] ([COMPANY]. [LOCATION]) (Username: [USERNAME])  Access Type: (RW) Read / Write  File Share:    Please provide access to:    J:/SC[LOCATION]/01_ICB_31122018       Thank you!       Requestor: [NAME] ([COMPANY]. [LOCATION])  Comment:  Bitte richten Sie [NAME] Zugriff auf folgenden ordner ein: J:/SC[LOCATION]/01_ICB_31122018  Please provide acces to the following folder: J:/SC[LOCATION]/01_ICB_31122018  Thank you!,Fileservice,unknown,unknown,,,,zenodo_it_support_tickets
13764,ZENODO_TRAIN_00943,Unable to access required training website.Hello.  We got notice of training due by the end of June and our normal login credentials were supposed to work.  However. when I tried to login the site wou,Unable to access required training website.Hello.  We got notice of training due by the end of June and our normal login credentials were supposed to work.  However. when I tried to login the site would not accept my login credentials for some reason.  Can you look at this to see why I am not able to login?  I was working from home at the time and connected via[LOCATION]when I tried to take the training. The[LOCATION]is provided here:  [URL]  Thanks  [NAME],Active Directory,unknown,unknown,,,,zenodo_it_support_tickets
7480,ZENODO_TRAIN_00944,Aardevo shared drives access,Aardevo shared drives access,Fileservice,unknown,unknown,,,,zenodo_it_support_tickets
1782,ZENODO_TRAIN_00945,Mail Zugriff freischalten,Mail Zugriff freischalten,Support general,unknown,unknown,,,,zenodo_it_support_tickets
2334,ZENODO_TRAIN_00946,Shared Mailbox Access - [TICKET ID] - [EMAIL],Shared Mailbox Access - [TICKET ID] - [EMAIL],Support general,unknown,unknown,,,,zenodo_it_support_tickets
11552,ZENODO_TRAIN_00947,Initiated by GIT: Missing connection to AV and still Windows 7 on system [SERVER],Initiated by GIT: Missing connection to AV and still Windows 7 on system [SERVER],Software,unknown,unknown,,,,zenodo_it_support_tickets
3851,ZENODO_TRAIN_00948,File Share Access - [TICKET ID] - [USERNAME] ([COMPANY]. [LOCATION])Service Request: File Share Access     Grant access to file share for the following user:  [USERNAME] ([COMPANY]. [LOCATION]) (Usern,File Share Access - [TICKET ID] - [USERNAME] ([COMPANY]. [LOCATION])Service Request: File Share Access     Grant access to file share for the following user:  [USERNAME] ([COMPANY]. [LOCATION]) (Username: [USERNAME])  Access Type: (RW) Read / Write  File Share:      J:/[SERVER]    J:/MAPS    J:/MARKERDB    J:/MA-Z    J:/MAZ-Guests    J:/MAZ-MATE    J:/[SERVER]    J:/MBCALC    J:/MBDATA    J:/Meldung Pflanzenschutz    J:/PDW    J:/Topf- und Substratbestellungen    N:/_Share    N:/MA-Print    N:/[SERVER]         Requestor: [NAME] ([COMPANY]. [LOCATION])  Comment:,Fileservice,unknown,unknown,,,,zenodo_it_support_tickets
1621,ZENODO_TRAIN_00949,Create Shared Mailbox - [EMAIL] - my[COMPANY] RS,Create Shared Mailbox - [EMAIL] - my[COMPANY] RS,Support general,unknown,unknown,,,,zenodo_it_support_tickets
656,ZENODO_TRAIN_00950,[TICKET ID] - New Support Ticket received  - Basis User - [USERNAME] -,[TICKET ID] - New Support Ticket received  - Basis User - [USERNAME] -,Support general,unknown,unknown,,,,zenodo_it_support_tickets
699,ZENODO_TRAIN_00951,[TICKET ID] - A Support Ticket was forwarded to your role  - Additional Application[LOCATION]Service - [TICKET ID] - [NAME] ([COMPANY]. [LOCATION]),[TICKET ID] - A Support Ticket was forwarded to your role  - Additional Application[LOCATION]Service - [TICKET ID] - [NAME] ([COMPANY]. [LOCATION]),Support general,unknown,unknown,,,,zenodo_it_support_tickets
1814,ZENODO_TRAIN_00952,Missing connection to Inventory- and Update-Vendor ([SOFTWARE]) on system [SERVER]8,Missing connection to Inventory- and Update-Vendor ([SOFTWARE]) on system [SERVER]8,Software,unknown,unknown,,,,zenodo_it_support_tickets
1286,ZENODO_TRAIN_00953,[TICKET ID] - New Support Ticket received  - Criar email para confirmação de intercompany,[TICKET ID] - New Support Ticket received  - Criar email para confirmação de intercompany,O365,unknown,unknown,,,,zenodo_it_support_tickets
1718,ZENODO_TRAIN_00954,Shared Mailbox Access - [AWS_ACCESS_KEY] - [EMAIL],Shared Mailbox Access - [AWS_ACCESS_KEY] - [EMAIL],Support general,unknown,unknown,,,,zenodo_it_support_tickets
836,ZENODO_TRAIN_00955,[TICKET ID] - New Support Ticket received  - Telefono no sincroniza contactos,[TICKET ID] - New Support Ticket received  - Telefono no sincroniza contactos,Support general,unknown,unknown,,,,zenodo_it_support_tickets
1752,ZENODO_TRAIN_00956,File Share Access - [TICKET ID] - [NAME] ([COMPANY]A. [LOCATION]),File Share Access - [TICKET ID] - [NAME] ([COMPANY]A. [LOCATION]),Fileservice,unknown,unknown,,,,zenodo_it_support_tickets
3295,ZENODO_TRAIN_00957,Acessos - [NAME],Acessos - [NAME],Fileservice,unknown,unknown,,,,zenodo_it_support_tickets
507,ZENODO_TRAIN_00958,Zugriff auf BrandnetHallo [COMPANY] Helpdesk    Bitte geben Sie den folgenden AD Accounts das Recht auf das Brandnet ([URL]) zuzugreifen.        *  [NAME]   *  [NAME]   *  [NAME]   Viele Grüße  Ina   ,Zugriff auf BrandnetHallo [COMPANY] Helpdesk    Bitte geben Sie den folgenden AD Accounts das Recht auf das Brandnet ([URL]) zuzugreifen.        *  [NAME]   *  [NAME]   *  [NAME]   Viele Grüße  Ina          [COMPANY] SE & Co. KGaA  [NAME]. 31  [ADDRESS]  Germany     Company Headquarters: [ADDRESS]  Registry [ADDRESS]. [ADDRESS]  Chairman of the Supervisory Board: [NAME]    General Partner: [COMPANY] SE  Registry [ADDRESS]. [ADDRESS]  Chairman of the Supervisory Board: [NAME]xecutive Board: [ADDRESS] (CEO).  [NAME]. [NAME]. [NAME]. [NAME]      [URL],Active Directory,unknown,unknown,,,,zenodo_it_support_tickets
1152,ZENODO_TRAIN_00959,[TICKET ID] - New Support Ticket received  - cant access attachment in an email,[TICKET ID] - New Support Ticket received  - cant access attachment in an email,O365,unknown,unknown,,,,zenodo_it_support_tickets
1809,ZENODO_TRAIN_00960,Shared Mailbox Access - [ADDRESS] - [EMAIL],Shared Mailbox Access - [ADDRESS] - [EMAIL],Support general,unknown,unknown,,,,zenodo_it_support_tickets
6456,ZENODO_TRAIN_00961,[SERVER] - Missing microcode update,[SERVER] - Missing microcode update,Software,unknown,unknown,,,,zenodo_it_support_tickets
1021,ZENODO_TRAIN_00962,[TICKET ID] - New Support Ticket received  - Instalación tambor impresora Brother remolacha,[TICKET ID] - New Support Ticket received  - Instalación tambor impresora Brother remolacha,Computer-Services,unknown,unknown,,,,zenodo_it_support_tickets
8606,ZENODO_TRAIN_00963,Basis User - [TICKET ID] - [USERNAME]. Simon ([COMPANY]. [LOCATION])Service Request: Basis User     Create Windows account for internal user  [USERNAME]. Simon ([COMPANY]. [LOCATION])     Firstname:  ,Basis User - [TICKET ID] - [USERNAME]. Simon ([COMPANY]. [LOCATION])Service Request: Basis User     Create Windows account for internal user  [USERNAME]. Simon ([COMPANY]. [LOCATION])     Firstname:  [NAME]  Lastname:  [NAME]  Cost Center:  31100  Company:  [COMPANY] SE  Department:  [ADDRESS]  ZIP:  [ADDRESS]  City:  [ADDRESS]  Country:  [ADDRESS]  Office:       Important: Please set the EA10 to the following value: 12474 (leave blank. when empty)  Please create Exchange and Skype account.  The user needs at least the following access permissions:  (RW) H:/%username%  (RO) J:/Auftrag  (RW) J:/Info  (RW) J:/Transfer  (RO) J:/Vorlagen  Access to [COMPANY] intranet  Access to [SOFTWARE] ([SERVER])  Requestor: [NAME] ([COMPANY]. [LOCATION])     Desired date:  Jan  1 2019 12:00AM     Additional information:   Bitte den User Simon [USERNAME] wieder aktivieren.  Danke und Gruß  Ariane Knauth,Support general,unknown,unknown,,,,zenodo_it_support_tickets
1926,ZENODO_TRAIN_00964,File Share Access - [TICKET ID] - [NAME] ([COMPANY]A. [LOCATION]),File Share Access - [TICKET ID] - [NAME] ([COMPANY]A. [LOCATION]),Fileservice,unknown,unknown,,,,zenodo_it_support_tickets
1843,ZENODO_TRAIN_00965,File Share Access - [TICKET ID] - [NAME] (KWA. [LOCATION]),File Share Access - [TICKET ID] - [NAME] (KWA. [LOCATION]),Fileservice,unknown,unknown,,,,zenodo_it_support_tickets
1889,ZENODO_TRAIN_00966,File Share Access - [TICKET ID] - [NAME] ([COMPANY]A. [LOCATION]),File Share Access - [TICKET ID] - [NAME] ([COMPANY]A. [LOCATION]),Fileservice,unknown,unknown,,,,zenodo_it_support_tickets
10077,ZENODO_TRAIN_00967,Access to K drive in Center St. location fails[NAME] reports that at Station in town. access to the K drive is not working: they cant access or save files (multiple users).  Would like to troubleshoot,Access to K drive in Center St. location fails[NAME] reports that at Station in town. access to the K drive is not working: they cant access or save files (multiple users).  Would like to troubleshoot this error soon.,Fileservice,unknown,unknown,,,,zenodo_it_support_tickets
14291,ZENODO_TRAIN_00968,Light User for external - [TICKET ID] - [USERNAME]Service Request: Light User for external  Create Light user for [USERNAME]     Firstname: [NAME]  Lastname: [NAME]ailaddress: [EMAIL]  Phone: [PHONE] ,Light User for external - [TICKET ID] - [USERNAME]Service Request: Light User for external  Create Light user for [USERNAME]     Firstname: [NAME]  Lastname: [NAME]ailaddress: [EMAIL]  Phone: [PHONE]  Cost Center: 47046  Function: [COMPANY][LOCATION]consultant for service desk (dispatching)  Company: [COMPANY] Limited  Department: GIT-EST  [ADDRESS]  ZIP: [ADDRESS]  City: [ADDRESS]  Country: Germany  Location:[LOCATION] Office:   Expiration date: Not defined     Important: Please indicate in EA14 that it is an external user.     Requestor: [NAME] ([COMPANY]. [LOCATION])     Desired date: Jan 10 2019 12:00AM     Additional information:  3 new [COMPANY] service desk consultants replacing present service desk consultants [NAME] and [NAME] who will move to security[LOCATION]team. as they have upgraded their skill sets and they can help existing team.  Approver = [NAME],Support general,unknown,unknown,,,,zenodo_it_support_tickets
1810,ZENODO_TRAIN_00969,Basis User - [USERNAME] -Service Request: Basis User     Create Windows account for internal user       Firstname:  [NAME]  Lastname:  [NAME]  Cost Center:  44288  Company:    Department:  [LOCATION] ,Basis User - [USERNAME] -Service Request: Basis User     Create Windows account for internal user       Firstname:  [NAME]  Lastname:  [NAME]  Cost Center:  44288  Company:    Department:  [LOCATION]  Street:    ZIP:    City:    Country:  [ADDRESS]  Office:       Important: Please set the EA10 to the following value: 13709 (leave blank. when empty)  Please create Exchange and Skype account.  The user needs at least the following access permissions:  Access to [SOFTWARE] ([SERVER])  Requestor:  [NAME] ([COMPANY]. [LOCATION])     Desired date:  Jan 15 2019  3:00AM     Additional information:,Support general,unknown,unknown,,,,zenodo_it_support_tickets
812,ZENODO_TRAIN_00970,[TICKET ID] - New Support Ticket received  - Scanner will not work,[TICKET ID] - New Support Ticket received  - Scanner will not work,Computer-Services,unknown,unknown,,,,zenodo_it_support_tickets
3257,ZENODO_TRAIN_00971,File Share Access - [TICKET ID] - [NAME] ([COMPANY]. [LOCATION])Service Request: File Share Access     Grant access to file share for the following user:  [NAME] ([COMPANY]. [LOCATION]) (Username: [US,File Share Access - [TICKET ID] - [NAME] ([COMPANY]. [LOCATION])Service Request: File Share Access     Grant access to file share for the following user:  [NAME] ([COMPANY]. [LOCATION]) (Username: [USERNAME])  Access Type: (RW) Read / Write  File Share:    Laufwerk J:/   [COMPANY]  [LOCATION]  CHR-GLOBE   CHR-H   VORLAGEN               Requestor: [NAME] ([COMPANY]. [LOCATION])  Comment:,Fileservice,unknown,unknown,,,,zenodo_it_support_tickets
1858,ZENODO_TRAIN_00972,File Share Access - [TICKET ID] - [NAME] ([COMPANY]A. [LOCATION]),File Share Access - [TICKET ID] - [NAME] ([COMPANY]A. [LOCATION]),Fileservice,unknown,unknown,,,,zenodo_it_support_tickets
1096,ZENODO_TRAIN_00973,[TICKET ID] - A Support Ticket was forwarded to you  - error general en mi pc,[TICKET ID] - A Support Ticket was forwarded to you  - error general en mi pc,Support general,unknown,unknown,,,,zenodo_it_support_tickets
189,ZENODO_TRAIN_00974,The following system must be set to End Of Life and checked for[LOCATION]reservations:  [SERVER]  -Automated ticket creation-Please perform the following steps for the asset [SERVER]:  1. Remove[LOCAT,The following system must be set to End Of Life and checked for[LOCATION]reservations:  [SERVER]  -Automated ticket creation-Please perform the following steps for the asset [SERVER]:  1. Remove[LOCATION]Reservations. if applicable  2. Remove DNS-Entries ([COMPANY]up.ads.dir and [COMPANY].de). if applicable  3. Remove Aliase ([COMPANY]up.ads.dir and [COMPANY].de). if applicable  Please close this ticket as soon as the steps have been successfully completed / verified.,Support general,unknown,unknown,,,,zenodo_it_support_tickets
2198,ZENODO_TRAIN_00975,File Share Access - [TICKET ID] - [NAME] ([COMPANY]-[PASSWORD]. [LOCATION]),File Share Access - [TICKET ID] - [NAME] ([COMPANY]-[PASSWORD]. [LOCATION]),Fileservice,unknown,unknown,,,,zenodo_it_support_tickets
721,ZENODO_TRAIN_00976,[TICKET ID] - New Support Ticket received  - Basis User - [USERNAME] -,[TICKET ID] - New Support Ticket received  - Basis User - [USERNAME] -,Support general,unknown,unknown,,,,zenodo_it_support_tickets
1915,ZENODO_TRAIN_00977,File Share Access - [TICKET ID] - Eubanks. [NAME] ([COMPANY]A. [LOCATION]),File Share Access - [TICKET ID] - Eubanks. [NAME] ([COMPANY]A. [LOCATION]),Fileservice,unknown,unknown,,,,zenodo_it_support_tickets
6531,ZENODO_TRAIN_00978,Änderung Laufwerk H,Änderung Laufwerk H,Fileservice,unknown,unknown,,,,zenodo_it_support_tickets
6595,ZENODO_TRAIN_00979,Light User for external - [USERNAME] - [NAME]Service Request: Light User for external  Create Light user for [NAME]     Firstname: [NAME]  Lastname: [NAME]ailaddress: [EMAIL]  Phone: [PHONE]  Cost Cen,Light User for external - [USERNAME] - [NAME]Service Request: Light User for external  Create Light user for [NAME]     Firstname: [NAME]  Lastname: [NAME]ailaddress: [EMAIL]  Phone: [PHONE]  Cost Center: 44293  Function: IT Consultant  Company: [COMPANY]  Department: [COMPANY]_IT  Street: [ADDRESS]  ZIP: [ADDRESS]  City: [ADDRESS]  Country: [ADDRESS]  Location:[LOCATION] Office:   Expiration date: Not defined     Important: Please indicate in EA14 that it is an external user.     Requestor: [NAME] ([COMPANY]. [LOCATION])     Desired date: Dec 21 2018  7:00AM     Additional information:  User should have[LOCATION]account only and local PC admin to client computers located in the[LOCATION]OU.,Support general,unknown,unknown,,,,zenodo_it_support_tickets
9053,ZENODO_TRAIN_00980,Change meeting options in team meetings,Change meeting options in team meetings,Support general,unknown,unknown,,,,zenodo_it_support_tickets
1770,ZENODO_TRAIN_00981,Shared Mailbox Access - [AWS_ACCESS_KEY] - [EMAIL],Shared Mailbox Access - [AWS_ACCESS_KEY] - [EMAIL],Support general,unknown,unknown,,,,zenodo_it_support_tickets
1829,ZENODO_TRAIN_00982,File Share Access - [TICKET ID] - [NAME] ([COMPANY]. [LOCATION]),File Share Access - [TICKET ID] - [NAME] ([COMPANY]. [LOCATION]),Fileservice,unknown,unknown,,,,zenodo_it_support_tickets
6968,ZENODO_TRAIN_00983,Please correct email address for [NAME]The email address for [NAME] should be [EMAIL] mailto:[EMAIL] like EVERY OTHER [COMPANY] email addressed user requested. It is set to [USERNAME][EMAIL][COMPANY] ,Please correct email address for [NAME]The email address for [NAME] should be [EMAIL] mailto:[EMAIL] like EVERY OTHER [COMPANY] email addressed user requested. It is set to [USERNAME][EMAIL][COMPANY] mailto:[EMAIL][COMPANY] and that is not correct. Again.,Support general,unknown,unknown,,,,zenodo_it_support_tickets
10382,ZENODO_TRAIN_00984,Light User for external - [TICKET ID] - Service Request: Light User for external  Create Light user for [USERNAME]     Firstname: [NAME]  Lastname: [NAME]ailaddress: [EMAIL]                           ,Light User for external - [TICKET ID] - Service Request: Light User for external  Create Light user for [USERNAME]     Firstname: [NAME]  Lastname: [NAME]ailaddress: [EMAIL]                                         Phone: [PHONE]                                              Cost Center: 32151  Function: Support  Company: [COMPANY] Einsteinstr. 8. [ADDRESS]  Department: SB-[ADDRESS]  ZIP: [ADDRESS]  City: [ADDRESS]  Country: [ADDRESS]  Location:[LOCATION] Office:   Expiration date: Not defined     Important: Please indicate in EA14 that it is an external user.     Requestor: [NAME] ([COMPANY]. [LOCATION])     Desired date: Jan  8 2019 12:00AM     Additional information:,Support general,unknown,unknown,,,,zenodo_it_support_tickets
1786,ZENODO_TRAIN_00985,Create Shared Mailbox - [EMAIL] - [COMPANY] tarvel tool management,Create Shared Mailbox - [EMAIL] - [COMPANY] tarvel tool management,Support general,unknown,unknown,,,,zenodo_it_support_tickets
10670,ZENODO_TRAIN_00986,Problems with external guest user due to email adress clash,Problems with external guest user due to email adress clash,Support general,unknown,unknown,,,,zenodo_it_support_tickets
879,ZENODO_TRAIN_00987,Skype Fails,Skype Fails,O365,unknown,unknown,,,,zenodo_it_support_tickets
1776,ZENODO_TRAIN_00988,Shared Mailbox Access - [AWS_ACCESS_KEY] - [EMAIL],Shared Mailbox Access - [AWS_ACCESS_KEY] - [EMAIL],Support general,unknown,unknown,,,,zenodo_it_support_tickets
2217,ZENODO_TRAIN_00989,Shared Mailbox Access - [PASSWORD] - [EMAIL],Shared Mailbox Access - [PASSWORD] - [EMAIL],Support general,unknown,unknown,,,,zenodo_it_support_tickets
1555,ZENODO_TRAIN_00990,Shared Mailbox Access - [TICKET ID] - [EMAIL],Shared Mailbox Access - [TICKET ID] - [EMAIL],Support general,unknown,unknown,,,,zenodo_it_support_tickets
8146,ZENODO_TRAIN_00991,Acesso a rede,Acesso a rede,Support general,unknown,unknown,,,,zenodo_it_support_tickets
1816,ZENODO_TRAIN_00992,Shared Mailbox Access - [ADDRESS] - [EMAIL],Shared Mailbox Access - [ADDRESS] - [EMAIL],Support general,unknown,unknown,,,,zenodo_it_support_tickets
2120,ZENODO_TRAIN_00993,Shared Mailbox Access - [ADDRESS] - [EMAIL],Shared Mailbox Access - [ADDRESS] - [EMAIL],Support general,unknown,unknown,,,,zenodo_it_support_tickets
1263,ZENODO_TRAIN_00994,[TICKET ID] - A Support Ticket was forwarded to your role  - Acesso Pasta Marketing,[TICKET ID] - A Support Ticket was forwarded to your role  - Acesso Pasta Marketing,Fileservice,unknown,unknown,,,,zenodo_it_support_tickets
3205,ZENODO_TRAIN_00995,Impressora do[LOCATION]II falhando/borrando a impressão.,Impressora do[LOCATION]II falhando/borrando a impressão.,Computer-Services,unknown,unknown,,,,zenodo_it_support_tickets
4572,ZENODO_TRAIN_00996,Instalação certificado A3,Instalação certificado A3,Software,unknown,unknown,,,,zenodo_it_support_tickets
2154,ZENODO_TRAIN_00997,Shared Mailbox Access - [ADDRESS] - [EMAIL],Shared Mailbox Access - [ADDRESS] - [EMAIL],Support general,unknown,unknown,,,,zenodo_it_support_tickets
1047,ZENODO_TRAIN_00998,[TICKET ID] - New Support Ticket received  - Install[LOCATION][NAME],[TICKET ID] - New Support Ticket received  - Install[LOCATION][NAME],Software,unknown,unknown,,,,zenodo_it_support_tickets
8887,ZENODO_TRAIN_00999,Please change primary email address [NAME]Please change the primary email address for [NAME] to [EMAIL] mailto:[EMAIL]. Thank you.,Please change primary email address [NAME]Please change the primary email address for [NAME] to [EMAIL] mailto:[EMAIL]. Thank you.,Support general,unknown,unknown,,,,zenodo_it_support_tickets
1844,ZENODO_TRAIN_01000,File Share Access - [TICKET ID] - [NAME] ([COMPANY] [LOCATION]),File Share Access - [TICKET ID] - [NAME] ([COMPANY] [LOCATION]),Fileservice,unknown,unknown,,,,zenodo_it_support_tickets
1837,ZENODO_TRAIN_01001,File Share Access - [TICKET ID] - [NAME] ([COMPANY]A. [LOCATION]),File Share Access - [TICKET ID] - [NAME] ([COMPANY]A. [LOCATION]),Fileservice,unknown,unknown,,,,zenodo_it_support_tickets
1086,ZENODO_TRAIN_01002,[TICKET ID] - A Support Ticket was forwarded to you  - Acesso a Intranet [COMPANY],[TICKET ID] - A Support Ticket was forwarded to you  - Acesso a Intranet [COMPANY],Support general,unknown,unknown,,,,zenodo_it_support_tickets
9846,ZENODO_TRAIN_01003,Configuração de ScannerConfiguração de scanner na rede [COMPANY].,Configuração de ScannerConfiguração de scanner na rede [COMPANY].,Computer-Services,unknown,unknown,,,,zenodo_it_support_tickets
2137,ZENODO_TRAIN_01004,Shared Mailbox Access - [ADDRESS] - [EMAIL],Shared Mailbox Access - [ADDRESS] - [EMAIL],Support general,unknown,unknown,,,,zenodo_it_support_tickets
1413,ZENODO_TRAIN_01005,Excluir Laptop AD,Excluir Laptop AD,Active Directory,unknown,unknown,,,,zenodo_it_support_tickets
1624,ZENODO_TRAIN_01006,Shared Mailbox Access - [TICKET ID] - [EMAIL],Shared Mailbox Access - [TICKET ID] - [EMAIL],Support general,unknown,unknown,,,,zenodo_it_support_tickets
824,ZENODO_TRAIN_01007,[TICKET ID] - New Support Ticket received  - Instalação de software,[TICKET ID] - New Support Ticket received  - Instalação de software,Software,unknown,unknown,,,,zenodo_it_support_tickets
3214,ZENODO_TRAIN_01008,File Share Access - [TICKET ID] - [USERNAME]. [NAME] ([COMPANY]. [LOCATION])Service Request: File Share Access     Grant access to file share for the following user:  [USERNAME]. [NAME] ([COMPANY]. [L,File Share Access - [TICKET ID] - [USERNAME]. [NAME] ([COMPANY]. [LOCATION])Service Request: File Share Access     Grant access to file share for the following user:  [USERNAME]. [NAME] ([COMPANY]. [LOCATION]) (Username: [USERNAME])  Access Type: (RW) Read / Write  File Share:  GROUPS (J:) --> VORLAGEN     Requestor: [NAME] ([COMPANY]. [LOCATION])  Comment:,Fileservice,unknown,unknown,,,,zenodo_it_support_tickets
4291,ZENODO_TRAIN_01009,Missing connection to all securitytools on system [SERVER],Missing connection to all securitytools on system [SERVER],Software,unknown,unknown,,,,zenodo_it_support_tickets
2001,ZENODO_TRAIN_01010,File Share Access - [TICKET ID] - [NAME]. [NAME] ([COMPANY]. [LOCATION]),File Share Access - [TICKET ID] - [NAME]. [NAME] ([COMPANY]. [LOCATION]),Fileservice,unknown,unknown,,,,zenodo_it_support_tickets
1848,ZENODO_TRAIN_01011,File Share Access - [TICKET ID] - Defrancq. [NAME] ([COMPANY]. [LOCATION]),File Share Access - [TICKET ID] - Defrancq. [NAME] ([COMPANY]. [LOCATION]),Fileservice,unknown,unknown,,,,zenodo_it_support_tickets
1787,ZENODO_TRAIN_01012,Create Shared Mailbox - [EMAIL] - [COMPANY] travel security,Create Shared Mailbox - [EMAIL] - [COMPANY] travel security,Support general,unknown,unknown,,,,zenodo_it_support_tickets
1402,ZENODO_TRAIN_01013,Acceso a unidad virtual J:,Acceso a unidad virtual J:,Fileservice,unknown,unknown,,,,zenodo_it_support_tickets
612,ZENODO_TRAIN_01014,[TICKET ID] - New Support Ticket received  - Light User for external - [TICKET ID] - [NAME],[TICKET ID] - New Support Ticket received  - Light User for external - [TICKET ID] - [NAME],Support general,unknown,unknown,,,,zenodo_it_support_tickets
1735,ZENODO_TRAIN_01015,Shared Mailbox Access - [ADDRESS] - [EMAIL],Shared Mailbox Access - [ADDRESS] - [EMAIL],Support general,unknown,unknown,,,,zenodo_it_support_tickets
964,ZENODO_TRAIN_01016,[TICKET ID] - New Support Ticket received  - Hotfix x Tango System,[TICKET ID] - New Support Ticket received  - Hotfix x Tango System,Support general,unknown,unknown,,,,zenodo_it_support_tickets
1681,ZENODO_TRAIN_01017,File Share Access - [TICKET ID] - [NAME] ([COMPANY]A. [LOCATION]),File Share Access - [TICKET ID] - [NAME] ([COMPANY]A. [LOCATION]),Fileservice,unknown,unknown,,,,zenodo_it_support_tickets
1512,ZENODO_TRAIN_01018,File Share Access - [TICKET ID] - [NAME] ([COMPANY]A. [LOCATION]),File Share Access - [TICKET ID] - [NAME] ([COMPANY]A. [LOCATION]),Fileservice,unknown,unknown,,,,zenodo_it_support_tickets
2153,ZENODO_TRAIN_01019,Initiated by GIT: Missing connection to Directory (AD) on system [SERVER],Initiated by GIT: Missing connection to Directory (AD) on system [SERVER],Software,unknown,unknown,,,,zenodo_it_support_tickets
7767,ZENODO_TRAIN_01020,Light User for external - [TICKET ID] - [NAME]Service Request: Light User for external  Create Light user for [USERNAME]     Firstname: [NAME]  Lastname: [NAME]ailaddress: [EMAIL]  Phone: [PHONE]  Cos,Light User for external - [TICKET ID] - [NAME]Service Request: Light User for external  Create Light user for [USERNAME]     Firstname: [NAME]  Lastname: [NAME]ailaddress: [EMAIL]  Phone: [PHONE]  Cost Center: 32151  Function: Projektierung  Company: [COMPANY] Einsteinstr. 8. [ADDRESS]  Department: [ADDRESS]-[ADDRESS]  ZIP: [ADDRESS]  City: [ADDRESS]  Country: [ADDRESS]  Location:[LOCATION] Office:   Expiration date: Not defined     Important: Please indicate in EA14 that it is an external user.     Requestor: [NAME] ([COMPANY]. [LOCATION])     Desired date: Jan  8 2019 12:00AM     Additional information:,Support general,unknown,unknown,,,,zenodo_it_support_tickets
4758,ZENODO_TRAIN_01021,File Share Access - [TICKET ID] - [NAME] ([COMPANY]. [LOCATION])Service Request: File Share Access     Grant access to file share for the following user:  [USERNAME]. [NAME] ([COMPANY]. [LOCATION]) (U,File Share Access - [TICKET ID] - [NAME] ([COMPANY]. [LOCATION])Service Request: File Share Access     Grant access to file share for the following user:  [USERNAME]. [NAME] ([COMPANY]. [LOCATION]) (Username: [USERNAME])  Access Type: (RW) Read / Write  File Share:  J:/[COMPANY]_contract_project     Requestor: [NAME] ([COMPANY]. [LOCATION])  Comment:  Bitte kurzfristig einrichten. danke und schönes WE!,Fileservice,unknown,unknown,,,,zenodo_it_support_tickets
1923,ZENODO_TRAIN_01022,File Share Access - [TICKET ID] - [NAME] ([COMPANY]A. [LOCATION]),File Share Access - [TICKET ID] - [NAME] ([COMPANY]A. [LOCATION]),Fileservice,unknown,unknown,,,,zenodo_it_support_tickets
1068,ZENODO_TRAIN_01023,[TICKET ID] - A Support Ticket was forwarded to you  - Leaving Employee - [TICKET ID] - [NAME] (AMA. [LOCATION]),[TICKET ID] - A Support Ticket was forwarded to you  - Leaving Employee - [TICKET ID] - [NAME] (AMA. [LOCATION]),Active Directory,unknown,unknown,,,,zenodo_it_support_tickets
706,ZENODO_TRAIN_01024,[TICKET ID] - A Support Ticket was forwarded to your role  - [NAME]: Shared Mailbox - [EMAIL] - Ref.[LOCATION]-->TCK89175,[TICKET ID] - A Support Ticket was forwarded to your role  - [NAME]: Shared Mailbox - [EMAIL] - Ref.[LOCATION]-->TCK89175,O365,unknown,unknown,,,,zenodo_it_support_tickets
10211,ZENODO_TRAIN_01025,The following system must be set to End Of Life in Nexthink and checked for[LOCATION]reservations:  [SERVER]  -Automated ticket creation-Please remove the system from Nexthink according to the[LOCATIO,The following system must be set to End Of Life in Nexthink and checked for[LOCATION]reservations:  [SERVER]  -Automated ticket creation-Please remove the system from Nexthink according to the[LOCATION]process and please verify if any[LOCATION]reservations exist. If yes. please remove reservations and note down the corresponding IP(s) and inform [COMPANY] network team to remove firewall rules if there are any.,EOL,unknown,unknown,,,,zenodo_it_support_tickets
1446,ZENODO_TRAIN_01026,user setup,user setup,Active Directory,unknown,unknown,,,,zenodo_it_support_tickets
2850,ZENODO_TRAIN_01027,Acesso ao E-mail [EMAIL]Acesso ao e-mail [EMAIL] mailto:[EMAIL],Acesso ao E-mail [EMAIL]Acesso ao e-mail [EMAIL] mailto:[EMAIL],O365,unknown,unknown,,,,zenodo_it_support_tickets
6993,ZENODO_TRAIN_01028,The following system must be set to End Of Life in Nexthink and checked for[LOCATION]reservations:  [SERVER]  -Automated ticket creation-Please remove the system from Nexthink according to the[LOCATIO,The following system must be set to End Of Life in Nexthink and checked for[LOCATION]reservations:  [SERVER]  -Automated ticket creation-Please remove the system from Nexthink according to the[LOCATION]process and please verify if any[LOCATION]reservations exist. If yes. please remove reservations and note down the corresponding IP(s) and inform [COMPANY] network team to remove firewall rules if there are any.,EOL,unknown,unknown,,,,zenodo_it_support_tickets
6495,ZENODO_TRAIN_01029,Light User for external - [TICKET ID] - [USERNAME]. [NAME]Service Request: Light User for external  Create Light user for [USERNAME]     Firstname: [NAME]  Lastname: [NAME]ailaddress: [EMAIL]  Phone: ,Light User for external - [TICKET ID] - [USERNAME]. [NAME]Service Request: Light User for external  Create Light user for [USERNAME]     Firstname: [NAME]  Lastname: [NAME]ailaddress: [EMAIL]  Phone: [PHONE]  Cost Center: 47046  Function: Consultant  Company: [COMPANY]  Department: GIT-EST  [ADDRESS]  ZIP: [ADDRESS]  City: [ADDRESS]  Country: [ADDRESS]  Location:[LOCATION] Office:   Expiration date: Not defined     Important: Please indicate in EA14 that it is an external user.     Requestor: [USERNAME] ([COMPANY]. [LOCATION])     Desired date: Jan 15 2019 12:00AM     Additional information:,Support general,unknown,unknown,,,,zenodo_it_support_tickets
1811,ZENODO_TRAIN_01030,check_mk SD Hostalarm: ([SERVER]) [COMPANY] LS Site2Site[LOCATION]- UP -> DOWN,check_mk SD Hostalarm: ([SERVER]) [COMPANY] LS Site2Site[LOCATION]- UP -> DOWN,Support general,unknown,unknown,,,,zenodo_it_support_tickets
7164,ZENODO_TRAIN_01031,2 new[LOCATION]pot tag printers to be added to print server,2 new[LOCATION]pot tag printers to be added to print server,Computer-Services,unknown,unknown,,,,zenodo_it_support_tickets
1074,ZENODO_TRAIN_01032,[TICKET ID] - New Support Ticket received  - Update[LOCATION]firmware for all physical NA servers,[TICKET ID] - New Support Ticket received  - Update[LOCATION]firmware for all physical NA servers,Support general,unknown,unknown,,,,zenodo_it_support_tickets
1078,ZENODO_TRAIN_01033,[TICKET ID] - New Support Ticket received  - No funciona correo electrónico,[TICKET ID] - New Support Ticket received  - No funciona correo electrónico,O365,unknown,unknown,,,,zenodo_it_support_tickets
1312,ZENODO_TRAIN_01034,[TICKET ID] - A Support Ticket was forwarded to you  - RE: Field Book App,[TICKET ID] - A Support Ticket was forwarded to you  - RE: Field Book App,Software,unknown,unknown,,,,zenodo_it_support_tickets
1216,ZENODO_TRAIN_01035,[TICKET ID] - New Support Ticket received  - Groups (J)  Not working,[TICKET ID] - New Support Ticket received  - Groups (J)  Not working,Fileservice,unknown,unknown,,,,zenodo_it_support_tickets
2266,ZENODO_TRAIN_01036,File Share Access - [TICKET ID] - [NAME] ([COMPANY]A. [LOCATION]),File Share Access - [TICKET ID] - [NAME] ([COMPANY]A. [LOCATION]),Fileservice,unknown,unknown,,,,zenodo_it_support_tickets
1765,ZENODO_TRAIN_01037,new devices in [LOCATION],new devices in [LOCATION],Active Directory,unknown,unknown,,,,zenodo_it_support_tickets
1573,ZENODO_TRAIN_01038,Shared Mailbox Access - [TICKET ID] - [EMAIL],Shared Mailbox Access - [TICKET ID] - [EMAIL],Support general,unknown,unknown,,,,zenodo_it_support_tickets
2271,ZENODO_TRAIN_01039,File Share Access - [TICKET ID] - [NAME] ([COMPANY]. [LOCATION]),File Share Access - [TICKET ID] - [NAME] ([COMPANY]. [LOCATION]),Fileservice,unknown,unknown,,,,zenodo_it_support_tickets
1297,ZENODO_TRAIN_01040,[TICKET ID] - A Support Ticket was forwarded to you  - [COMPANY]ulos de Segurança banco do Brasil - Itau e Caixa,[TICKET ID] - A Support Ticket was forwarded to you  - [COMPANY]ulos de Segurança banco do Brasil - Itau e Caixa,Software,unknown,unknown,,,,zenodo_it_support_tickets
1271,ZENODO_TRAIN_01041,[TICKET ID] - New Support Ticket received  - OneDrive,[TICKET ID] - New Support Ticket received  - OneDrive,O365,unknown,unknown,,,,zenodo_it_support_tickets
609,ZENODO_TRAIN_01042,Impressora com erro ao scanear,Impressora com erro ao scanear,Computer-Services,unknown,unknown,,,,zenodo_it_support_tickets
2199,ZENODO_TRAIN_01043,File Share Access - [TICKET ID] - [NAME] ([COMPANY]A. [LOCATION]),File Share Access - [TICKET ID] - [NAME] ([COMPANY]A. [LOCATION]),Fileservice,unknown,unknown,,,,zenodo_it_support_tickets
1859,ZENODO_TRAIN_01044,Create Shared Mailbox - [TICKET ID] - [EMAIL],Create Shared Mailbox - [TICKET ID] - [EMAIL],Support general,unknown,unknown,,,,zenodo_it_support_tickets
2127,ZENODO_TRAIN_01045,Delete Shared Mailbox - [EMAIL] - [EMAIL]. [LOCATION]),Delete Shared Mailbox - [EMAIL] - [EMAIL]. [LOCATION]),Support general,unknown,unknown,,,,zenodo_it_support_tickets
893,ZENODO_TRAIN_01046,[TICKET ID] - New Support Ticket received  - BB Work will not open,[TICKET ID] - New Support Ticket received  - BB Work will not open,Support general,unknown,unknown,,,,zenodo_it_support_tickets
3698,ZENODO_TRAIN_01047,pure[LOCATION]AD account löschen,pure[LOCATION]AD account löschen,Active Directory,unknown,unknown,,,,zenodo_it_support_tickets
1296,ZENODO_TRAIN_01048,[TICKET ID] - New Support Ticket received  - Printer doesnt work,[TICKET ID] - New Support Ticket received  - Printer doesnt work,Computer-Services,unknown,unknown,,,,zenodo_it_support_tickets
1589,ZENODO_TRAIN_01049,File Share Access - [TICKET ID] - [NAME] ([COMPANY]A. [LOCATION]),File Share Access - [TICKET ID] - [NAME] ([COMPANY]A. [LOCATION]),Fileservice,unknown,unknown,,,,zenodo_it_support_tickets
914,ZENODO_TRAIN_01050,[TICKET ID] - New Support Ticket received  - Mobile WiFi,[TICKET ID] - New Support Ticket received  - Mobile WiFi,Support general,unknown,unknown,,,,zenodo_it_support_tickets
1140,ZENODO_TRAIN_01051,[TICKET ID] - New Support Ticket received  -[LOCATION]paniz,[TICKET ID] - New Support Ticket received  -[LOCATION]paniz,Support general,unknown,unknown,,,,zenodo_it_support_tickets
1900,ZENODO_TRAIN_01052,File Share Access - [TICKET ID] - [NAME] ([COMPANY]A. [LOCATION]),File Share Access - [TICKET ID] - [NAME] ([COMPANY]A. [LOCATION]),Fileservice,unknown,unknown,,,,zenodo_it_support_tickets
2049,ZENODO_TRAIN_01053,Create Shared Mailbox - [EMAIL] - My[COMPANY] [ADDRESS],Create Shared Mailbox - [EMAIL] - My[COMPANY] [ADDRESS],Support general,unknown,unknown,,,,zenodo_it_support_tickets
10249,ZENODO_TRAIN_01054,SEM ACESSO A[LOCATION]GRUPO J,SEM ACESSO A[LOCATION]GRUPO J,Fileservice,unknown,unknown,,,,zenodo_it_support_tickets
921,ZENODO_TRAIN_01055,[TICKET ID] - Reminder of paused Support Ticket  - Atualização do Certificado Digital - Per/dcomp,[TICKET ID] - Reminder of paused Support Ticket  - Atualização do Certificado Digital - Per/dcomp,Software,unknown,unknown,,,,zenodo_it_support_tickets
2253,ZENODO_TRAIN_01056,File Share Access - [TICKET ID] - [NAME] ([COMPANY]A. [LOCATION]),File Share Access - [TICKET ID] - [NAME] ([COMPANY]A. [LOCATION]),Fileservice,unknown,unknown,,,,zenodo_it_support_tickets
3883,ZENODO_TRAIN_01057,File Share Access - [TICKET ID] - [USERNAME]. ([COMPANY]. [LOCATION])Service Request: File Share Access     Grant access to file share for the following user:  [USERNAME] ([COMPANY]. [LOCATION]) (User,File Share Access - [TICKET ID] - [USERNAME]. ([COMPANY]. [LOCATION])Service Request: File Share Access     Grant access to file share for the following user:  [USERNAME] ([COMPANY]. [LOCATION]) (Username: )  Access Type: (RO) Read only  File Share:  J:/MA-Prod     Requestor: [NAME] ([COMPANY]. [LOCATION])  Comment:,Fileservice,unknown,unknown,,,,zenodo_it_support_tickets
1602,ZENODO_TRAIN_01058,Shared Mailbox Access - [TICKET ID] - [EMAIL],Shared Mailbox Access - [TICKET ID] - [EMAIL],Support general,unknown,unknown,,,,zenodo_it_support_tickets
852,ZENODO_TRAIN_01059,[TICKET ID] - New Support Ticket received  - Problemas Bartender,[TICKET ID] - New Support Ticket received  - Problemas Bartender,Software,unknown,unknown,,,,zenodo_it_support_tickets
1884,ZENODO_TRAIN_01060,Create Shared Mailbox - [EMAIL] - my[COMPANY]-[ADDRESS],Create Shared Mailbox - [EMAIL] - my[COMPANY]-[ADDRESS],Support general,unknown,unknown,,,,zenodo_it_support_tickets
1612,ZENODO_TRAIN_01061,File Share Access - [TICKET ID] - [NAME] ([COMPANY]A. [LOCATION]),File Share Access - [TICKET ID] - [NAME] ([COMPANY]A. [LOCATION]),Fileservice,unknown,unknown,,,,zenodo_it_support_tickets
2802,ZENODO_TRAIN_01062,labtop malfunction for deleting files,labtop malfunction for deleting files,Fileservice,unknown,unknown,,,,zenodo_it_support_tickets
1610,ZENODO_TRAIN_01063,User admlackner löschen,User admlackner löschen,Active Directory,unknown,unknown,,,,zenodo_it_support_tickets
3569,ZENODO_TRAIN_01064,File Share Access - [TICKET ID] - [NAME] ([COMPANY]. [LOCATION])Service Request: File Share Access     Grant access to file share for the following user:  [NAME] ([COMPANY]. [LOCATION]) (Username: [US,File Share Access - [TICKET ID] - [NAME] ([COMPANY]. [LOCATION])Service Request: File Share Access     Grant access to file share for the following user:  [NAME] ([COMPANY]. [LOCATION]) (Username: [USERNAME])  Access Type: (RO) Read only  File Share:    [SERVER]-[SERVER]-ONLY-RO       Requestor: [NAME] ([COMPANY]. [LOCATION])  Comment:,Fileservice,unknown,unknown,,,,zenodo_it_support_tickets
6398,ZENODO_TRAIN_01065,Lokales Admin Konto für Entwicklerrechner,Lokales Admin Konto für Entwicklerrechner,Fileservice,unknown,unknown,,,,zenodo_it_support_tickets
3663,ZENODO_TRAIN_01066,I am blocked from Sidney Sugars Official Trial Data while at work.  At home the web site works fine.,I am blocked from Sidney Sugars Official Trial Data while at work.  At home the web site works fine.,Support general,unknown,unknown,,,,zenodo_it_support_tickets
2697,ZENODO_TRAIN_01067,Fazer inclusão do meu usuário na impressora,Fazer inclusão do meu usuário na impressora,Computer-Services,unknown,unknown,,,,zenodo_it_support_tickets
1751,ZENODO_TRAIN_01068,File Share Access - [TICKET ID] - [NAME] ([COMPANY]. [LOCATION]),File Share Access - [TICKET ID] - [NAME] ([COMPANY]. [LOCATION]),Fileservice,unknown,unknown,,,,zenodo_it_support_tickets
1160,ZENODO_TRAIN_01069,[TICKET ID] - New Support Ticket received  - Updates - [SERVER],[TICKET ID] - New Support Ticket received  - Updates - [SERVER],Support general,unknown,unknown,,,,zenodo_it_support_tickets
1038,ZENODO_TRAIN_01070,[TICKET ID] - A Support Ticket was forwarded to you  - Conta E-mail,[TICKET ID] - A Support Ticket was forwarded to you  - Conta E-mail,Active Directory,unknown,unknown,,,,zenodo_it_support_tickets
7379,ZENODO_TRAIN_01071,Light User for external - [TICKET ID] - [NAME]Service Request: Light User for external  Create Light user for [NAME]      Firstname: [NAME]   Lastname: [NAME]ailaddress: [EMAIL]  Phone: 0  Cost Center,Light User for external - [TICKET ID] - [NAME]Service Request: Light User for external  Create Light user for [NAME]      Firstname: [NAME]   Lastname: [NAME]ailaddress: [EMAIL]  Phone: 0  Cost Center: 47050  Function:[LOCATION]Consultant  Company: [COMPANY]  Department: GIT-[ADDRESS]  ZIP: [ADDRESS]  City: [ADDRESS]  Country: [ADDRESS]  Location:[LOCATION] Office:   Expiration date: Not defined     Important: Please indicate in EA14 that it is an external user.     Requestor: [NAME] ([COMPANY]. [LOCATION])     Desired date: Dec 18 2018 12:00AM     Additional information:  NameMailZugänge [NAME] [EMAIL] Citrix.[LOCATION]BW User (inkl. Entwicklerschlüssel). Zugang BO/BI Launchpad  [NAME] [EMAIL] Citrix.[LOCATION]BW User (inkl. Entwicklerschlüssel). Zugang BO/BI Launchpad  [NAME] [EMAIL] Citrix.[LOCATION]BW User (inkl. Entwicklerschlüssel). Zugang BO/BI Launchpad + lokale und server Lumira Designer Version zum Erstellen und upload von dem Dashboard  [NAME] [EMAIL] Citrix.[LOCATION]BW User (inkl. Entwicklerschlüssel). Zugang BO/BI Launchpad,Support general,unknown,unknown,,,,zenodo_it_support_tickets
1077,ZENODO_TRAIN_01072,[TICKET ID] - New Support Ticket received  - NO FUNCIONA CORREO ELECTRONICO,[TICKET ID] - New Support Ticket received  - NO FUNCIONA CORREO ELECTRONICO,O365,unknown,unknown,,,,zenodo_it_support_tickets
1995,ZENODO_TRAIN_01073,Erweiterte Analyse zur MS[LOCATION]Meldung: Herabstufung der Verschlüsselung,Erweiterte Analyse zur MS[LOCATION]Meldung: Herabstufung der Verschlüsselung,Software,unknown,unknown,,,,zenodo_it_support_tickets
8653,ZENODO_TRAIN_01074,blocked mailA retired employee is attempted to send emails to the HR team and to [NAME].  Below is the NDR. it looks like MessageLabs has the address blacklisted. can we whitelist it?     ----Original,blocked mailA retired employee is attempted to send emails to the HR team and to [NAME].  Below is the NDR. it looks like MessageLabs has the address blacklisted. can we whitelist it?     ----Original Message-----  From: [EMAIL] <[EMAIL]>   Sent: Wednesday. September 5. 2018 2:34 PM  To: [EMAIL]  Subject: Undeliverable Message           This is an automatically generated Delivery Status Notification.           Delivery to the following recipients failed permanently:        * [EMAIL]     Reason: There was an error delivering your message to [EMAIL].    The server responded with 553 - 553-Sorry. your email address has been blacklisted. Please/r/n553 contact [COMPANY] AG to have yourself removed./r/n,Software,unknown,unknown,,,,zenodo_it_support_tickets
13927,ZENODO_TRAIN_01075,Cancelamento Usuário e Acessos [NAME]Por gentileza efetuar o cancelamento do usuário de [NAME].  Obrigada!,Cancelamento Usuário e Acessos [NAME]Por gentileza efetuar o cancelamento do usuário de [NAME].  Obrigada!,Active Directory,unknown,unknown,,,,zenodo_it_support_tickets
2099,ZENODO_TRAIN_01076,File Share Access - [TICKET ID] - [NAME] ([COMPANY]. [LOCATION]),File Share Access - [TICKET ID] - [NAME] ([COMPANY]. [LOCATION]),Fileservice,unknown,unknown,,,,zenodo_it_support_tickets
171,ZENODO_TRAIN_01077,Problemas Acceso SkypeNo se tiene acceso a Skype desde viernes 12.oct.2018 hasta hoy,Problemas Acceso SkypeNo se tiene acceso a Skype desde viernes 12.oct.2018 hasta hoy,O365,unknown,unknown,,,,zenodo_it_support_tickets
1636,ZENODO_TRAIN_01078,Shared Mailbox Access - [EMAIL] - [EMAIL],Shared Mailbox Access - [EMAIL] - [EMAIL],Support general,unknown,unknown,,,,zenodo_it_support_tickets
7244,ZENODO_TRAIN_01079,recover previous version of a file,recover previous version of a file,Fileservice,unknown,unknown,,,,zenodo_it_support_tickets
191,ZENODO_TRAIN_01080,[TICKET ID] - New Support Ticket received  - Plug in de banco,[TICKET ID] - New Support Ticket received  - Plug in de banco,Software,unknown,unknown,,,,zenodo_it_support_tickets
1650,ZENODO_TRAIN_01081,Shared Mailbox Access - [TICKET ID] - [EMAIL],Shared Mailbox Access - [TICKET ID] - [EMAIL],Support general,unknown,unknown,,,,zenodo_it_support_tickets
564,ZENODO_TRAIN_01082,[TICKET ID] - A Support Ticket was forwarded to your role  - [SERVER][LOCATION]does not work,[TICKET ID] - A Support Ticket was forwarded to your role  - [SERVER][LOCATION]does not work,Support general,unknown,unknown,,,,zenodo_it_support_tickets
11038,ZENODO_TRAIN_01083,Suporte com impressora,Suporte com impressora,Computer-Services,unknown,unknown,,,,zenodo_it_support_tickets
4599,ZENODO_TRAIN_01084,File Share Access - [TICKET ID] - [NAME] ([COMPANY]. [LOCATION])Service Request: File Share Access     Grant access to file share for the following user:  [USERNAME]. [NAME] ([COMPANY]. [LOCATION]) (U,File Share Access - [TICKET ID] - [NAME] ([COMPANY]. [LOCATION])Service Request: File Share Access     Grant access to file share for the following user:  [USERNAME]. [NAME] ([COMPANY]. [LOCATION]) (Username: [USERNAME])  Access Type: (RW) Read / Write  File Share:  R:     Requestor: [NAME] ([COMPANY]. [LOCATION])  Comment:,Fileservice,unknown,unknown,,,,zenodo_it_support_tickets
863,ZENODO_TRAIN_01085,[TICKET ID] - New Support Ticket received  - Work phone does not connect to [COMPANY] wireless network,[TICKET ID] - New Support Ticket received  - Work phone does not connect to [COMPANY] wireless network,Support general,unknown,unknown,,,,zenodo_it_support_tickets
315,ZENODO_TRAIN_01086,[TICKET ID] - New Support Ticket received  - configuração [COMPANY]_mobile,[TICKET ID] - New Support Ticket received  - configuração [COMPANY]_mobile,Support general,unknown,unknown,,,,zenodo_it_support_tickets
11479,ZENODO_TRAIN_01087,Initiated by GIT: Missing connection to AV on system [SERVER],Initiated by GIT: Missing connection to AV on system [SERVER],Software,unknown,unknown,,,,zenodo_it_support_tickets
11546,ZENODO_TRAIN_01088,Initiated by GIT: Missing connection to AV. Directory and inventory-Vendor on system [SERVER],Initiated by GIT: Missing connection to AV. Directory and inventory-Vendor on system [SERVER],Software,unknown,unknown,,,,zenodo_it_support_tickets
9889,ZENODO_TRAIN_01089,Instalação Programa Zebra Design,Instalação Programa Zebra Design,Computer-Services,unknown,unknown,,,,zenodo_it_support_tickets
4772,ZENODO_TRAIN_01090,Alteração do nível de acesso colaborador [EMAIL],Alteração do nível de acesso colaborador [EMAIL],Active Directory,unknown,unknown,,,,zenodo_it_support_tickets
923,ZENODO_TRAIN_01091,Error with compliance training link,Error with compliance training link,Software,unknown,unknown,,,,zenodo_it_support_tickets
2073,ZENODO_TRAIN_01092,File Share Access - [TICKET ID] - [NAME] ([COMPANY]. [LOCATION]),File Share Access - [TICKET ID] - [NAME] ([COMPANY]. [LOCATION]),Fileservice,unknown,unknown,,,,zenodo_it_support_tickets
6033,ZENODO_TRAIN_01093,Missing connection to all securitytools on system [SERVER],Missing connection to all securitytools on system [SERVER],Software,unknown,unknown,,,,zenodo_it_support_tickets
1657,ZENODO_TRAIN_01094,File Share Access - [TICKET ID] - [NAME] (EXTERNAL. [LOCATION]),File Share Access - [TICKET ID] - [NAME] (EXTERNAL. [LOCATION]),Fileservice,unknown,unknown,,,,zenodo_it_support_tickets
227,ZENODO_TRAIN_01095,[TICKET ID] - New information received on closed ticket  - Basis User - [USERNAME] - [NAME] ([COMPANY]. [LOCATION]),[TICKET ID] - New information received on closed ticket  - Basis User - [USERNAME] - [NAME] ([COMPANY]. [LOCATION]),Support general,unknown,unknown,,,,zenodo_it_support_tickets
669,ZENODO_TRAIN_01096,[TICKET ID] - New Support Ticket received  - Basis User - [USERNAME] -,[TICKET ID] - New Support Ticket received  - Basis User - [USERNAME] -,Support general,unknown,unknown,,,,zenodo_it_support_tickets
2173,ZENODO_TRAIN_01097,File Share Access - [TICKET ID] - [NAME] ([COMPANY]A. [LOCATION]),File Share Access - [TICKET ID] - [NAME] ([COMPANY]A. [LOCATION]),Fileservice,unknown,unknown,,,,zenodo_it_support_tickets
8254,ZENODO_TRAIN_01098,Basis User - [TICKET ID] - [NAME]lena ([COMPANY]. [LOCATION])Service Request: Basis User     Create Windows account for internal user  [NAME]lena ([COMPANY]. [LOCATION])     Firstname:  [NAME]  Lastna,Basis User - [TICKET ID] - [NAME]lena ([COMPANY]. [LOCATION])Service Request: Basis User     Create Windows account for internal user  [NAME]lena ([COMPANY]. [LOCATION])     Firstname:  [NAME]  Lastname:  [NAME]  Cost Center:  174443  Company:  [COMPANY] Berlin GmbH  Department:  GTC-[ADDRESS]  ZIP:  [ADDRESS]  City:  [ADDRESS]  Country:  Germany  Office:       Important: Please set the EA10 to the following value: 13589 (leave blank. when empty)  Please create Exchange and Skype account.  The user needs at least the following access permissions:  (RW) H:/%username%  (RO) J:/Auftrag  (RW) J:/Info  (RW) J:/Transfer  (RO) J:/Vorlagen  Access to [COMPANY] intranet  Access to [SOFTWARE] ([SERVER])  Requestor:  [NAME] ([COMPANY]. [LOCATION])     Desired date:  Jan  1 2019 12:00AM     Additional information:   Liebes [COMPANY]-Team.   Laptop. Bildschirm. Tastatur .Telefon. Headset bitte aus Gerätepool Berlin. falls vorhanden  Tastatur und Laptop bitte englische Tastatur  danke,Support general,unknown,unknown,,,,zenodo_it_support_tickets
1003,ZENODO_TRAIN_01099,[TICKET ID] - New Support Ticket received  - BB Work app reinstall,[TICKET ID] - New Support Ticket received  - BB Work app reinstall,Support general,unknown,unknown,,,,zenodo_it_support_tickets
3988,ZENODO_TRAIN_01100,URGENT: Restore file on onedrive in sharepoint GTC-SCM. ticket for BeaS,URGENT: Restore file on onedrive in sharepoint GTC-SCM. ticket for BeaS,Software,unknown,unknown,,,,zenodo_it_support_tickets
8297,ZENODO_TRAIN_01101,Emailing to [EMAIL] is not workingWhen I email to the distribution group [EMAIL] no user receives my email and I am not getting a bounce back or error emails.,Emailing to [EMAIL] is not workingWhen I email to the distribution group [EMAIL] no user receives my email and I am not getting a bounce back or error emails.,O365,unknown,unknown,,,,zenodo_it_support_tickets
4539,ZENODO_TRAIN_01102,Acesso a pasta de rede,Acesso a pasta de rede,Fileservice,unknown,unknown,,,,zenodo_it_support_tickets
9550,ZENODO_TRAIN_01103,File Share Access - [TICKET ID] - [NAME] ([COMPANY]D. [LOCATION])Service Request: File Share Access     Grant access to file share for the following user:  [NAME] ([COMPANY]D. [LOCATION]) (Username: [,File Share Access - [TICKET ID] - [NAME] ([COMPANY]D. [LOCATION])Service Request: File Share Access     Grant access to file share for the following user:  [NAME] ([COMPANY]D. [LOCATION]) (Username: [USERNAME])  Access Type: (RW) Read / Write  File Share:  Bitte erteilen Sie [NAME] [NAME] Zugriff auf den Ordner J:/SB-H     Requestor: [NAME] ([COMPANY]. [LOCATION])  Comment:  Verrechnung über[LOCATION]31000,Fileservice,unknown,unknown,,,,zenodo_it_support_tickets
8471,ZENODO_TRAIN_01104,acesso à pasta no J,acesso à pasta no J,Fileservice,unknown,unknown,,,,zenodo_it_support_tickets
3817,ZENODO_TRAIN_01105,DFS Replication is[LOCATION]working!DFS replication between[LOCATION]and[LOCATION]is[LOCATION]working in both direction,DFS Replication is[LOCATION]working!DFS replication between[LOCATION]and[LOCATION]is[LOCATION]working in both direction,Fileservice,unknown,unknown,,,,zenodo_it_support_tickets
6385,ZENODO_TRAIN_01106,Status des Systems [SERVER],Status des Systems [SERVER],Software,unknown,unknown,,,,zenodo_it_support_tickets
12,ZENODO_TRAIN_01107,Windows user [NAME] can use users deplewsk office 365 without password,Windows user [NAME] can use users deplewsk office 365 without password,O365,unknown,unknown,,,,zenodo_it_support_tickets
4676,ZENODO_TRAIN_01108,Firewalleinstellung AardevoGuten Tag.    Wir haben bei Aardevo wahrscheinlich ein Problem mit der Firewalleinstellung. Wenn wir (auf 2 Computern hier in Nagele getestet) die folgenden Accessordner öff,Firewalleinstellung AardevoGuten Tag.    Wir haben bei Aardevo wahrscheinlich ein Problem mit der Firewalleinstellung. Wenn wir (auf 2 Computern hier in Nagele getestet) die folgenden Accessordner öffnen. laden sie entweder extrem langsam bzw. reagieren nach einer Zeit nicht mehr und lassen sich dann auch nicht mehr schließen. nur noch durch runterfahren des Computers.    J:/ST_MAS/Markerauftrag_2018/ Markerauftrag_Frontend_Zuechter (2)  J:/ST_MAS/Markerauftrag_2018/ Markerauftrag_Frontend_Markerleute  J:/ST_MAS/Markerauftrag_2018/ Markerauftrag_Zwischenablage_Zuechter_erweitert    In Einbeck funktioniert der Zugang einwandfrei.    Wir sind vom Funktionieren sehr abhängig. weshalb es gut wäre. wenn sie schnellst möglich eine Lösung finden könnten. Vielen Dank!    Mit freundlichen Grüßen.  [NAME],Support general,unknown,unknown,,,,zenodo_it_support_tickets
1103,ZENODO_TRAIN_01109,[TICKET ID] - New Support Ticket received  - Bloqueio e cancelamento de usuário - [NAME] [NAME],[TICKET ID] - New Support Ticket received  - Bloqueio e cancelamento de usuário - [NAME] [NAME],Active Directory,unknown,unknown,,,,zenodo_it_support_tickets
1029,ZENODO_TRAIN_01110,[TICKET ID] - New information received on closed ticket  - [COMPANY] internet - cannot access training registration,[TICKET ID] - New information received on closed ticket  - [COMPANY] internet - cannot access training registration,Support general,unknown,unknown,,,,zenodo_it_support_tickets
8758,ZENODO_TRAIN_01111,Locked out of emailI cant log onto email on phone or the computer.  It asks for sign in but fails,Locked out of emailI cant log onto email on phone or the computer.  It asks for sign in but fails,Support general,unknown,unknown,,,,zenodo_it_support_tickets
201,ZENODO_TRAIN_01112,Access Driver J,Access Driver J,Fileservice,unknown,unknown,,,,zenodo_it_support_tickets
1656,ZENODO_TRAIN_01113,File Share Access - [TICKET ID] - [ADDRESS]. [NAME] ([COMPANY]A. [LOCATION]),File Share Access - [TICKET ID] - [ADDRESS]. [NAME] ([COMPANY]A. [LOCATION]),Fileservice,unknown,unknown,,,,zenodo_it_support_tickets
1896,ZENODO_TRAIN_01114,Create Shared Mailbox - [EMAIL] - [EMAIL],Create Shared Mailbox - [EMAIL] - [EMAIL],Support general,unknown,unknown,,,,zenodo_it_support_tickets
1905,ZENODO_TRAIN_01115,File Share Access - [TICKET ID] - [NAME] ([COMPANY] [LOCATION]),File Share Access - [TICKET ID] - [NAME] ([COMPANY] [LOCATION]),Fileservice,unknown,unknown,,,,zenodo_it_support_tickets
1917,ZENODO_TRAIN_01116,File Share Access - [TICKET ID] - [NAME] ([COMPANY] [LOCATION]),File Share Access - [TICKET ID] - [NAME] ([COMPANY] [LOCATION]),Fileservice,unknown,unknown,,,,zenodo_it_support_tickets
13926,ZENODO_TRAIN_01117,Acesso ao e-mail marketing e comunicação,Acesso ao e-mail marketing e comunicação,Support general,unknown,unknown,,,,zenodo_it_support_tickets
1971,ZENODO_TRAIN_01118,File Share Access - [TICKET ID] - [NAME] ([COMPANY]A. [LOCATION]),File Share Access - [TICKET ID] - [NAME] ([COMPANY]A. [LOCATION]),Fileservice,unknown,unknown,,,,zenodo_it_support_tickets
6665,ZENODO_TRAIN_01119,The following system must be set to End Of Life in Nexthink and checked for[LOCATION]reservations:  [SERVER]  -Automated ticket creation-Please remove the system from Nexthink according to the[LOCATIO,The following system must be set to End Of Life in Nexthink and checked for[LOCATION]reservations:  [SERVER]  -Automated ticket creation-Please remove the system from Nexthink according to the[LOCATION]process and please verify if any[LOCATION]reservations exist. If yes. please remove reservations and note down the corresponding IP(s) and inform [COMPANY] network team to remove firewall rules if there are any.,EOL,unknown,unknown,,,,zenodo_it_support_tickets
2028,ZENODO_TRAIN_01120,File Share Access - [TICKET ID] - [NAME] ([COMPANY]A. [LOCATION]),File Share Access - [TICKET ID] - [NAME] ([COMPANY]A. [LOCATION]),Fileservice,unknown,unknown,,,,zenodo_it_support_tickets
1780,ZENODO_TRAIN_01121,Shared Mailbox Access - [AWS_ACCESS_KEY] - [EMAIL],Shared Mailbox Access - [AWS_ACCESS_KEY] - [EMAIL],Support general,unknown,unknown,,,,zenodo_it_support_tickets
2085,ZENODO_TRAIN_01122,File Share Access - [TICKET ID] - [NAME] ([COMPANY]A. [LOCATION]),File Share Access - [TICKET ID] - [NAME] ([COMPANY]A. [LOCATION]),Fileservice,unknown,unknown,,,,zenodo_it_support_tickets
1226,ZENODO_TRAIN_01123,[TICKET ID] - New Support Ticket received  - google earth,[TICKET ID] - New Support Ticket received  - google earth,Software,unknown,unknown,,,,zenodo_it_support_tickets
2330,ZENODO_TRAIN_01124,Shared Mailbox Access - [AWS_ACCESS_KEY] - [EMAIL],Shared Mailbox Access - [AWS_ACCESS_KEY] - [EMAIL],Support general,unknown,unknown,,,,zenodo_it_support_tickets
9831,ZENODO_TRAIN_01125,The following system must be set to End Of Life in Nexthink and checked for[LOCATION]reservations:  [SERVER]  -Automated ticket creation-Please remove the system from Nexthink according to the[LOCATIO,The following system must be set to End Of Life in Nexthink and checked for[LOCATION]reservations:  [SERVER]  -Automated ticket creation-Please remove the system from Nexthink according to the[LOCATION]process and please verify if any[LOCATION]reservations exist. If yes. please remove reservations and note down the corresponding IP(s) and inform [COMPANY] network team to remove firewall rules if there are any.,EOL,unknown,unknown,,,,zenodo_it_support_tickets
67,ZENODO_TRAIN_01126,Basis User - [TICKET ID] -Service Request: Basis User     Create Windows account for internal user       Firstname:  [NAME]  Lastname:  [NAME] Center:  174454  Company:    Department:  [LOCATION]  Str,Basis User - [TICKET ID] -Service Request: Basis User     Create Windows account for internal user       Firstname:  [NAME]  Lastname:  [NAME] Center:  174454  Company:    Department:  [LOCATION]  Street:    ZIP:    City:    Country:  [ADDRESS]  Office:       Important: Please set the EA10 to the following value: [USERNAME]@Felipe (leave blank. when empty)  Please create Exchange and Skype account.  The user needs at least the following access permissions:  (RW) H:/%username%  (RO) J:/Auftrag  (RW) J:/Info  (RW) J:/Transfer  (RO) J:/Vorlagen  Access to [COMPANY] intranet  Access to [SOFTWARE] ([SERVER])  Requestor:  [NAME] ([COMPANY]. [LOCATION])     Desired date:  Jan 30 2019 12:00AM     Additional information:   Der neue Kollege startet am 01.02.2019,Support general,unknown,unknown,,,,zenodo_it_support_tickets
1902,ZENODO_TRAIN_01127,File Share Access - [TICKET ID] - [NAME] ([COMPANY] [LOCATION]),File Share Access - [TICKET ID] - [NAME] ([COMPANY] [LOCATION]),Fileservice,unknown,unknown,,,,zenodo_it_support_tickets
10374,ZENODO_TRAIN_01128,File Share Access - [TICKET ID] - [USERNAME]. [NAME] ([COMPANY]. [LOCATION])Service Request: File Share Access     Grant access to file share for the following user:  [USERNAME]. Gerrit ([COMPANY]. [L,File Share Access - [TICKET ID] - [USERNAME]. [NAME] ([COMPANY]. [LOCATION])Service Request: File Share Access     Grant access to file share for the following user:  [USERNAME]. Gerrit ([COMPANY]. [LOCATION]) (Username: [USERNAME])  Access Type: (RW) Read / Write  File Share:  J:/Raumbuchungen     Requestor: [NAME] ([COMPANY]. [LOCATION])  Comment:,Fileservice,unknown,unknown,,,,zenodo_it_support_tickets
11009,ZENODO_TRAIN_01129,Wireless driver for [NAME]When he unplugs and reconnects her laptop. it doesnt connect - I suspect its a driver issue. Can anyone help please    [NAME]BA. PMP. CISSP      Head of IT  [COMPANY] Service,Wireless driver for [NAME]When he unplugs and reconnects her laptop. it doesnt connect - I suspect its a driver issue. Can anyone help please    [NAME]BA. PMP. CISSP      Head of IT  [COMPANY] Services North America  Phone [PHONE]         Mobile [PHONE]  [EMAIL]<mailto:[EMAIL]>            [URL]>,Computer-Services,unknown,unknown,,,,zenodo_it_support_tickets
3830,ZENODO_TRAIN_01130,Initiated by GIT: Missing connection to all securitytools on system [SERVER],Initiated by GIT: Missing connection to all securitytools on system [SERVER],Software,unknown,unknown,,,,zenodo_it_support_tickets
1842,ZENODO_TRAIN_01131,Shared Mailbox Access - [ADDRESS] - [EMAIL],Shared Mailbox Access - [ADDRESS] - [EMAIL],Support general,unknown,unknown,,,,zenodo_it_support_tickets
354,ZENODO_TRAIN_01132,need to change Hostname,need to change Hostname,Active Directory,unknown,unknown,,,,zenodo_it_support_tickets
2164,ZENODO_TRAIN_01133,Remove unauthorized e-mail forwarding to external,Remove unauthorized e-mail forwarding to external,Support general,unknown,unknown,,,,zenodo_it_support_tickets
1539,ZENODO_TRAIN_01134,File Share Access - [TICKET ID] - [NAME] ([COMPANY]A. [LOCATION]),File Share Access - [TICKET ID] - [NAME] ([COMPANY]A. [LOCATION]),Fileservice,unknown,unknown,,,,zenodo_it_support_tickets
1568,ZENODO_TRAIN_01135,File Share Access - [TICKET ID] - [NAME] ([COMPANY]A. [LOCATION]),File Share Access - [TICKET ID] - [NAME] ([COMPANY]A. [LOCATION]),Fileservice,unknown,unknown,,,,zenodo_it_support_tickets
1701,ZENODO_TRAIN_01136,Shared Mailbox Access - [TICKET ID] - [EMAIL],Shared Mailbox Access - [TICKET ID] - [EMAIL],Support general,unknown,unknown,,,,zenodo_it_support_tickets
1690,ZENODO_TRAIN_01137,File Share Access - [TICKET ID] - [NAME] ([COMPANY]A. [LOCATION]),File Share Access - [TICKET ID] - [NAME] ([COMPANY]A. [LOCATION]),Fileservice,unknown,unknown,,,,zenodo_it_support_tickets
2462,ZENODO_TRAIN_01138,The following system must be set to End Of Life in Nexthink and checked for[LOCATION]reservations:  [SERVER]  -Automated ticket creation-Please remove the system from Nexthink according to the[LOCATIO,The following system must be set to End Of Life in Nexthink and checked for[LOCATION]reservations:  [SERVER]  -Automated ticket creation-Please remove the system from Nexthink according to the[LOCATION]process and please verify if any[LOCATION]reservations exist. If yes. please remove reservations and note down the corresponding IP(s) and inform [COMPANY] network team to remove firewall rules if there are any.,EOL,unknown,unknown,,,,zenodo_it_support_tickets
1869,ZENODO_TRAIN_01139,Remove File Share Access - [TICKET ID] - [NAME] ([COMPANY]A. [LOCATION]),Remove File Share Access - [TICKET ID] - [NAME] ([COMPANY]A. [LOCATION]),Fileservice,unknown,unknown,,,,zenodo_it_support_tickets
624,ZENODO_TRAIN_01140,[TICKET ID] - A Support Ticket was forwarded to your role  - Wrong OU. display name and email signature,[TICKET ID] - A Support Ticket was forwarded to your role  - Wrong OU. display name and email signature,O365,unknown,unknown,,,,zenodo_it_support_tickets
1767,ZENODO_TRAIN_01141,File Share Access - [TICKET ID] - [NAME] ([COMPANY]. [LOCATION]),File Share Access - [TICKET ID] - [NAME] ([COMPANY]. [LOCATION]),Fileservice,unknown,unknown,,,,zenodo_it_support_tickets
1135,ZENODO_TRAIN_01142,[TICKET ID] - A Support Ticket was forwarded to your role  - Problema para ingresar a una pagina,[TICKET ID] - A Support Ticket was forwarded to your role  - Problema para ingresar a una pagina,Support general,unknown,unknown,,,,zenodo_it_support_tickets
1315,ZENODO_TRAIN_01143,[TICKET ID] - New Support Ticket received  - New User - [NAME] [USERNAME],[TICKET ID] - New Support Ticket received  - New User - [NAME] [USERNAME],Active Directory,unknown,unknown,,,,zenodo_it_support_tickets
4129,ZENODO_TRAIN_01144,Basis User - [TICKET ID] - [NAME]. [NAME] ([COMPANY]. [LOCATION])Service Request: Basis User     Create Windows account for internal user  [USERNAME] [NAME] ([COMPANY]. [LOCATION])     Firstname:  [NA,Basis User - [TICKET ID] - [NAME]. [NAME] ([COMPANY]. [LOCATION])Service Request: Basis User     Create Windows account for internal user  [USERNAME] [NAME] ([COMPANY]. [LOCATION])     Firstname:  [NAME]  Lastname:  [NAME]  Cost Center:  44256  Company:  SEMILLAS [COMPANY] Chile Ltda.  Department:  [COMPANY]_BR-[ADDRESS] Km 79  ZIP:  [ADDRESS]  City:  [ADDRESS]  Country:  [ADDRESS]  Office:       Important: Please set the EA10 to the following value: 13273 (leave blank. when empty)  Please create Exchange and Skype account.  The user needs at least the following access permissions:  Access to [SOFTWARE] ([SERVER])  Requestor: [NAME] ([COMPANY]. [LOCATION])     Desired date:  Aug 17 2018  5:00AM     Additional information:   Please. change his mail account to [EMAIL] Please. grant the same access and profile as user [NAME],Active Directory,unknown,unknown,,,,zenodo_it_support_tickets
716,ZENODO_TRAIN_01145,[TICKET ID] - New Support Ticket received  - Basis User - [USERNAME] - Klemm. [NAME] ([COMPANY]. [LOCATION]),[TICKET ID] - New Support Ticket received  - Basis User - [USERNAME] - Klemm. [NAME] ([COMPANY]. [LOCATION]),Support general,unknown,unknown,,,,zenodo_it_support_tickets
724,ZENODO_TRAIN_01146,[TICKET ID] - New Support Ticket received  - Basis User - [USERNAME] -,[TICKET ID] - New Support Ticket received  - Basis User - [USERNAME] -,Support general,unknown,unknown,,,,zenodo_it_support_tickets
1666,ZENODO_TRAIN_01147,File Share Access - [TICKET ID] - [NAME] ([COMPANY]. [LOCATION]),File Share Access - [TICKET ID] - [NAME] ([COMPANY]. [LOCATION]),Fileservice,unknown,unknown,,,,zenodo_it_support_tickets
770,ZENODO_TRAIN_01148,[TICKET ID] - A Support Ticket was forwarded to you  - firma en email sufre alteraciones,[TICKET ID] - A Support Ticket was forwarded to you  - firma en email sufre alteraciones,O365,unknown,unknown,,,,zenodo_it_support_tickets
5864,ZENODO_TRAIN_01149,Recuperar documento excel,Recuperar documento excel,O365,unknown,unknown,,,,zenodo_it_support_tickets
1198,ZENODO_TRAIN_01150,[TICKET ID] - A Support Ticket was forwarded to you  - need install printer,[TICKET ID] - A Support Ticket was forwarded to you  - need install printer,Computer-Services,unknown,unknown,,,,zenodo_it_support_tickets
2086,ZENODO_TRAIN_01151,Shared Mailbox Access - [ADDRESS] - [EMAIL],Shared Mailbox Access - [ADDRESS] - [EMAIL],Support general,unknown,unknown,,,,zenodo_it_support_tickets
1732,ZENODO_TRAIN_01152,File Share Access - [TICKET ID] - [NAME] ([COMPANY]F. [LOCATION]),File Share Access - [TICKET ID] - [NAME] ([COMPANY]F. [LOCATION]),Fileservice,unknown,unknown,,,,zenodo_it_support_tickets
2268,ZENODO_TRAIN_01153,File Share Access - [TICKET ID] - [NAME] ([COMPANY]A. [LOCATION]),File Share Access - [TICKET ID] - [NAME] ([COMPANY]A. [LOCATION]),Fileservice,unknown,unknown,,,,zenodo_it_support_tickets
2292,ZENODO_TRAIN_01154,Shared Mailbox Access - [AWS_ACCESS_KEY] - [EMAIL],Shared Mailbox Access - [AWS_ACCESS_KEY] - [EMAIL],Support general,unknown,unknown,,,,zenodo_it_support_tickets
5154,ZENODO_TRAIN_01155,File Share Access - [TICKET ID] - [NAME] ([COMPANY]. [LOCATION])Service Request: File Share Access     Grant access to file share for the following user:  [USERNAME]. [NAME] ([COMPANY]. [LOCATION]) (U,File Share Access - [TICKET ID] - [NAME] ([COMPANY]. [LOCATION])Service Request: File Share Access     Grant access to file share for the following user:  [USERNAME]. [NAME] ([COMPANY]. [LOCATION]) (Username: [USERNAME])  Access Type: (RW) Read / Write  File Share:      J:/CE-STA/      please create the folder if it does not yet exist and give R/W access for this and all subfolders.        Requestor: [NAME] ([COMPANY]. [LOCATION])  Comment:,Fileservice,unknown,unknown,,,,zenodo_it_support_tickets
1454,ZENODO_TRAIN_01156,WG: VPN/Serverzugriff -- fehlende Berechtigung,WG: VPN/Serverzugriff -- fehlende Berechtigung,Support general,unknown,unknown,,,,zenodo_it_support_tickets
1939,ZENODO_TRAIN_01157,File Share Access - [TICKET ID] - Peters. Ole ([COMPANY]A. [LOCATION]),File Share Access - [TICKET ID] - Peters. Ole ([COMPANY]A. [LOCATION]),Fileservice,unknown,unknown,,,,zenodo_it_support_tickets
2499,ZENODO_TRAIN_01158,Skype Meeting Button Berechtigung erteilen auf [EMAIL],Skype Meeting Button Berechtigung erteilen auf [EMAIL],O365,unknown,unknown,,,,zenodo_it_support_tickets
1777,ZENODO_TRAIN_01159,Shared Mailbox Access - [AWS_ACCESS_KEY] - [EMAIL],Shared Mailbox Access - [AWS_ACCESS_KEY] - [EMAIL],Support general,unknown,unknown,,,,zenodo_it_support_tickets
14145,ZENODO_TRAIN_01160,File Share Access - [TICKET ID] - [USERNAME]. Adrian ([COMPANY]. [LOCATION])Service Request: File Share Access     Grant access to file share for the following user:  [USERNAME]. ([COMPANY]. [LOCATION,File Share Access - [TICKET ID] - [USERNAME]. Adrian ([COMPANY]. [LOCATION])Service Request: File Share Access     Grant access to file share for the following user:  [USERNAME]. ([COMPANY]. [LOCATION]) (Username: [USERNAME])  Access Type: (RW) Read / Write  File Share:  J:/PSM-Tool     Requestor: [NAME] ([COMPANY]. [LOCATION])  Comment:,Fileservice,unknown,unknown,,,,zenodo_it_support_tickets
11338,ZENODO_TRAIN_01161,The following system must be set to End Of Life in Nexthink and checked for[LOCATION]reservations:  [SERVER]  -Automated ticket creation-Please remove the system from Nexthink according to the[LOCATIO,The following system must be set to End Of Life in Nexthink and checked for[LOCATION]reservations:  [SERVER]  -Automated ticket creation-Please remove the system from Nexthink according to the[LOCATION]process and please verify if any[LOCATION]reservations exist. If yes. please remove reservations and note down the corresponding IP(s) and inform [COMPANY] network team to remove firewall rules if there are any.,EOL,unknown,unknown,,,,zenodo_it_support_tickets
1577,ZENODO_TRAIN_01162,File Share Access - [TICKET ID] - [NAME] ([COMPANY]A. [LOCATION]),File Share Access - [TICKET ID] - [NAME] ([COMPANY]A. [LOCATION]),Fileservice,unknown,unknown,,,,zenodo_it_support_tickets
1298,ZENODO_TRAIN_01163,[TICKET ID] - New Support Ticket received  - [COMPANY]ulos de Segurança banco do Brasil - Itau e Caixa,[TICKET ID] - New Support Ticket received  - [COMPANY]ulos de Segurança banco do Brasil - Itau e Caixa,Software,unknown,unknown,,,,zenodo_it_support_tickets
1487,ZENODO_TRAIN_01164,File Share Access - [TICKET ID] - Pintos. [NAME] ([COMPANY]. [LOCATION]),File Share Access - [TICKET ID] - Pintos. [NAME] ([COMPANY]. [LOCATION]),Fileservice,unknown,unknown,,,,zenodo_it_support_tickets
9934,ZENODO_TRAIN_01165,File Share Access - [TICKET ID] - [NAME] ([COMPANY]. BRLM)Service Request: File Share Access     Grant access to file share for the following user:  [NAME] ([COMPANY]. BRLM) (Username: [USERNAME])  Ac,File Share Access - [TICKET ID] - [NAME] ([COMPANY]. BRLM)Service Request: File Share Access     Grant access to file share for the following user:  [NAME] ([COMPANY]. BRLM) (Username: [USERNAME])  Access Type: (RW) Read / Write  File Share:      N:/[SERVER]/[USERNAME]        R/W including all subfolders.         Requestor: [NAME] ([COMPANY]. [LOCATION])  Comment:,Fileservice,unknown,unknown,,,,zenodo_it_support_tickets
6576,ZENODO_TRAIN_01166,configure access to use kes group all usersPlease configure for the mailbox [EMAIL] the right to use the [COMPANY] group all users mail distribution group.  Please forward ticket to BEAS.  Request is ,configure access to use kes group all usersPlease configure for the mailbox [EMAIL] the right to use the [COMPANY] group all users mail distribution group.  Please forward ticket to BEAS.  Request is appoved!  [NAME],Active Directory,unknown,unknown,,,,zenodo_it_support_tickets
942,ZENODO_TRAIN_01167,[TICKET ID] - New Support Ticket received  - Server,[TICKET ID] - New Support Ticket received  - Server,Support general,unknown,unknown,,,,zenodo_it_support_tickets
2216,ZENODO_TRAIN_01168,Shared Mailbox Access - [AWS_ACCESS_KEY] - [EMAIL],Shared Mailbox Access - [AWS_ACCESS_KEY] - [EMAIL],Support general,unknown,unknown,,,,zenodo_it_support_tickets
2313,ZENODO_TRAIN_01169,File Share Access - [TICKET ID] - [NAME] ([COMPANY]A. [LOCATION]),File Share Access - [TICKET ID] - [NAME] ([COMPANY]A. [LOCATION]),Fileservice,unknown,unknown,,,,zenodo_it_support_tickets
1655,ZENODO_TRAIN_01170,Shared Mailbox Access - [AWS_ACCESS_KEY] - [EMAIL],Shared Mailbox Access - [AWS_ACCESS_KEY] - [EMAIL],Support general,unknown,unknown,,,,zenodo_it_support_tickets
2300,ZENODO_TRAIN_01171,File Share Access - [TICKET ID] - [NAME] ([COMPANY]A. [LOCATION]),File Share Access - [TICKET ID] - [NAME] ([COMPANY]A. [LOCATION]),Fileservice,unknown,unknown,,,,zenodo_it_support_tickets
623,ZENODO_TRAIN_01172,[TICKET ID] - A Support Ticket was forwarded to your role  - Wrong OU.  display name and email signature,[TICKET ID] - A Support Ticket was forwarded to your role  - Wrong OU.  display name and email signature,O365,unknown,unknown,,,,zenodo_it_support_tickets
10993,ZENODO_TRAIN_01173,File Share Access - [TICKET ID] - [NAME]OliverService Request: File Share Access     Grant access to file share for the following user:  [NAME]Oliver (Username: [USERNAME])  Access Type: (RW) Read / W,File Share Access - [TICKET ID] - [NAME]OliverService Request: File Share Access     Grant access to file share for the following user:  [NAME]Oliver (Username: [USERNAME])  Access Type: (RW) Read / Write  File Share:  J:/MA-BD     Requestor: [NAME] ([COMPANY]. [LOCATION])  Comment:,Fileservice,unknown,unknown,,,,zenodo_it_support_tickets
2219,ZENODO_TRAIN_01174,Shared Mailbox Access - [ADDRESS] - [EMAIL],Shared Mailbox Access - [ADDRESS] - [EMAIL],Support general,unknown,unknown,,,,zenodo_it_support_tickets
6441,ZENODO_TRAIN_01175,acceso al N,acceso al N,Fileservice,unknown,unknown,,,,zenodo_it_support_tickets
1835,ZENODO_TRAIN_01176,not getting mails from [SOFTWARE],not getting mails from [SOFTWARE],Support general,unknown,unknown,,,,zenodo_it_support_tickets
4128,ZENODO_TRAIN_01177,File Share Access - [TICKET ID] - [NAME] ([COMPANY]. [LOCATION])Service Request: File Share Access     Grant access to file share for the following user:  [NAME] ([COMPANY]. [LOCATION]) (Username: [US,File Share Access - [TICKET ID] - [NAME] ([COMPANY]. [LOCATION])Service Request: File Share Access     Grant access to file share for the following user:  [NAME] ([COMPANY]. [LOCATION]) (Username: [USERNAME])  Access Type: (RW) Read / Write  File Share:  J:/[COMPANY]/HR     Requestor: [NAME] ([COMPANY]. [LOCATION])  Comment:,Fileservice,unknown,unknown,,,,zenodo_it_support_tickets
1879,ZENODO_TRAIN_01178,Shared Mailbox Access - [TICKET ID] - [EMAIL],Shared Mailbox Access - [TICKET ID] - [EMAIL],Support general,unknown,unknown,,,,zenodo_it_support_tickets
729,ZENODO_TRAIN_01179,[TICKET ID] - New Support Ticket received  - Remove File Share Access - [TICKET ID] - [NAME] ([COMPANY]. [LOCATION]),[TICKET ID] - New Support Ticket received  - Remove File Share Access - [TICKET ID] - [NAME] ([COMPANY]. [LOCATION]),Fileservice,unknown,unknown,,,,zenodo_it_support_tickets
1716,ZENODO_TRAIN_01180,File Share Access - [TICKET ID] - [NAME] ([COMPANY]A. [LOCATION]),File Share Access - [TICKET ID] - [NAME] ([COMPANY]A. [LOCATION]),Fileservice,unknown,unknown,,,,zenodo_it_support_tickets
4673,ZENODO_TRAIN_01181,Review Email configuration for [NAME],Review Email configuration for [NAME],Support general,unknown,unknown,,,,zenodo_it_support_tickets
2260,ZENODO_TRAIN_01182,File Share Access - [TICKET ID] - [NAME] (KWA. [LOCATION]),File Share Access - [TICKET ID] - [NAME] (KWA. [LOCATION]),Fileservice,unknown,unknown,,,,zenodo_it_support_tickets
1590,ZENODO_TRAIN_01183,File Share Access - [TICKET ID] - [NAME] ([COMPANY]A. [LOCATION]),File Share Access - [TICKET ID] - [NAME] ([COMPANY]A. [LOCATION]),Fileservice,unknown,unknown,,,,zenodo_it_support_tickets
1333,ZENODO_TRAIN_01184,[TICKET ID] - New Support Ticket received  - busqueda citrix mas lvs,[TICKET ID] - New Support Ticket received  - busqueda citrix mas lvs,Software,unknown,unknown,,,,zenodo_it_support_tickets
7894,ZENODO_TRAIN_01185,Excel file in Sharepoint corrupted,Excel file in Sharepoint corrupted,Software,unknown,unknown,,,,zenodo_it_support_tickets
2200,ZENODO_TRAIN_01186,File Share Access - [TICKET ID] - [NAME] ([COMPANY]. [LOCATION]),File Share Access - [TICKET ID] - [NAME] ([COMPANY]. [LOCATION]),Fileservice,unknown,unknown,,,,zenodo_it_support_tickets
1696,ZENODO_TRAIN_01187,File Share Access - [TICKET ID] - Pracki. [NAME] ([COMPANY]. [LOCATION]),File Share Access - [TICKET ID] - Pracki. [NAME] ([COMPANY]. [LOCATION]),Fileservice,unknown,unknown,,,,zenodo_it_support_tickets
6580,ZENODO_TRAIN_01188,The following system must be set to End Of Life in Nexthink and checked for[LOCATION]reservations:  [SERVER]  -Automated ticket creation-Please remove the system from Nexthink according to the[LOCATIO,The following system must be set to End Of Life in Nexthink and checked for[LOCATION]reservations:  [SERVER]  -Automated ticket creation-Please remove the system from Nexthink according to the[LOCATION]process and please verify if any[LOCATION]reservations exist. If yes. please remove reservations and note down the corresponding IP(s) and inform [COMPANY] network team to remove firewall rules if there are any.,EOL,unknown,unknown,,,,zenodo_it_support_tickets
1715,ZENODO_TRAIN_01189,Shared Mailbox Access - [ADDRESS] - [EMAIL],Shared Mailbox Access - [ADDRESS] - [EMAIL],Support general,unknown,unknown,,,,zenodo_it_support_tickets
2280,ZENODO_TRAIN_01190,File Share Access - [TICKET ID] - [NAME] ([COMPANY]D. [LOCATION]),File Share Access - [TICKET ID] - [NAME] ([COMPANY]D. [LOCATION]),Fileservice,unknown,unknown,,,,zenodo_it_support_tickets
9692,ZENODO_TRAIN_01191,<J:/CREDITO/[NAME]/__DOCUMENTOS> DE CLIENTES - RENOVAÇÕES/[NAME]/[NAME],<J:/CREDITO/[NAME]/__DOCUMENTOS> DE CLIENTES - RENOVAÇÕES/[NAME]/[NAME],Fileservice,unknown,unknown,,,,zenodo_it_support_tickets
13881,ZENODO_TRAIN_01192,File Share Access - [TICKET ID] - [NAME] ([COMPANY]. [LOCATION])Service Request: File Share Access     Grant access to file share for the following user:  [NAME] ([COMPANY]. [LOCATION]) (Username: [US,File Share Access - [TICKET ID] - [NAME] ([COMPANY]. [LOCATION])Service Request: File Share Access     Grant access to file share for the following user:  [NAME] ([COMPANY]. [LOCATION]) (Username: [USERNAME])  Access Type: (RW) Read / Write  File Share:  J:/Topf- und Substratbestellungen     Requestor: [NAME] ([COMPANY]. [LOCATION])  Comment:  J:/Topf- und Substratbestellungen,Fileservice,unknown,unknown,,,,zenodo_it_support_tickets
791,ZENODO_TRAIN_01193,[TICKET ID] - A Support Ticket was forwarded to you  - Adicionar novo colaborador,[TICKET ID] - A Support Ticket was forwarded to you  - Adicionar novo colaborador,Active Directory,unknown,unknown,,,,zenodo_it_support_tickets
778,ZENODO_TRAIN_01194,[TICKET ID] - A Support Ticket was forwarded to your role  - [NAME] Citrix and J drive effects on LT,[TICKET ID] - A Support Ticket was forwarded to your role  - [NAME] Citrix and J drive effects on LT,Software,unknown,unknown,,,,zenodo_it_support_tickets
7500,ZENODO_TRAIN_01195,Password change over VPN,Password change over VPN,Active Directory,unknown,unknown,,,,zenodo_it_support_tickets
10818,ZENODO_TRAIN_01196,Permitir acesso a pasta da rede,Permitir acesso a pasta da rede,Fileservice,unknown,unknown,,,,zenodo_it_support_tickets
1882,ZENODO_TRAIN_01197,Create Shared Mailbox - [EMAIL] - my[COMPANY]-[NAME],Create Shared Mailbox - [EMAIL] - my[COMPANY]-[NAME],Support general,unknown,unknown,,,,zenodo_it_support_tickets
1569,ZENODO_TRAIN_01198,File Share Access - [TICKET ID] - [NAME] ([COMPANY]A. [LOCATION]),File Share Access - [TICKET ID] - [NAME] ([COMPANY]A. [LOCATION]),Fileservice,unknown,unknown,,,,zenodo_it_support_tickets
1557,ZENODO_TRAIN_01199,Shared Mailbox Access - [AWS_ACCESS_KEY] - [EMAIL],Shared Mailbox Access - [AWS_ACCESS_KEY] - [EMAIL],Support general,unknown,unknown,,,,zenodo_it_support_tickets
4373,ZENODO_TRAIN_01200,Instalação de ImpressoraInstalação de impressora HP LaserJet P1102w.,Instalação de ImpressoraInstalação de impressora HP LaserJet P1102w.,Computer-Services,unknown,unknown,,,,zenodo_it_support_tickets
7787,ZENODO_TRAIN_01201,Light User for external - [TICKET ID] - [NAME]Service Request: Light User for external  Create Light user for [NAME]     Firstname: [NAME]  Lastname: [NAME]ailaddress: [EMAIL]  Phone: [PHONE]  Cost Ce,Light User for external - [TICKET ID] - [NAME]Service Request: Light User for external  Create Light user for [NAME]     Firstname: [NAME]  Lastname: [NAME]ailaddress: [EMAIL]  Phone: [PHONE]  Cost Center: 44288  Function: Lecturer  Company: GI  Department: KW-[ADDRESS] – [ADDRESS] 428 [ADDRESS] – [ADDRESS].  ZIP:[LOCATION][ADDRESS]  City: [ADDRESS]  Country: [ADDRESS]  Location:[LOCATION] Office:   Expiration date: Jan 24 2020  3:00AM     Important: Please indicate in EA14 that it is an external user.     Requestor: [NAME] [ADDRESS] [NAME] ([COMPANY]. [LOCATION])     Desired date: Jan 24 2019  3:00AM     Additional information:,Support general,unknown,unknown,,,,zenodo_it_support_tickets
1793,ZENODO_TRAIN_01202,File Share Access - [TICKET ID] - [NAME] (KWA. [LOCATION]),File Share Access - [TICKET ID] - [NAME] (KWA. [LOCATION]),Fileservice,unknown,unknown,,,,zenodo_it_support_tickets
1822,ZENODO_TRAIN_01203,Create Shared Mailbox - [TICKET ID] - [EMAIL],Create Shared Mailbox - [TICKET ID] - [EMAIL],Support general,unknown,unknown,,,,zenodo_it_support_tickets
666,ZENODO_TRAIN_01204,[TICKET ID] - New Support Ticket received  - Basis User - [USERNAME] - [NAME] ([COMPANY]. [NAME]),[TICKET ID] - New Support Ticket received  - Basis User - [USERNAME] - [NAME] ([COMPANY]. [NAME]),Support general,unknown,unknown,,,,zenodo_it_support_tickets
1220,ZENODO_TRAIN_01205,[TICKET ID] - New Support Ticket received  - Safenet Mobilpass setup,[TICKET ID] - New Support Ticket received  - Safenet Mobilpass setup,Support general,unknown,unknown,,,,zenodo_it_support_tickets
5654,ZENODO_TRAIN_01206,VPN UpdateDear IT.My[LOCATION]connection updated. but maintain the same layout as the one before. The connection does not give me the options to which each connection I will choose.Anyway. according t,VPN UpdateDear IT.My[LOCATION]connection updated. but maintain the same layout as the one before. The connection does not give me the options to which each connection I will choose.Anyway. according to my[LOCATION]Manager. my computer does not updated correctly.Could anyone check my computer and this connection update?Thanks.,Support general,unknown,unknown,,,,zenodo_it_support_tickets
1546,ZENODO_TRAIN_01207,File Share Access - [TICKET ID] - [NAME] ([COMPANY]A. [LOCATION]),File Share Access - [TICKET ID] - [NAME] ([COMPANY]A. [LOCATION]),Fileservice,unknown,unknown,,,,zenodo_it_support_tickets
1027,ZENODO_TRAIN_01208,[TICKET ID] - New Support Ticket received  - Actualización certificado [NAME],[TICKET ID] - New Support Ticket received  - Actualización certificado [NAME],Support general,unknown,unknown,,,,zenodo_it_support_tickets
5330,ZENODO_TRAIN_01209,File Share Access - [TICKET ID] -  [NAME] ([COMPANY]. [LOCATION])Service Request: File Share Access     Grant access to file share for the following user:   [NAME] ([COMPANY]. [LOCATION]) (Username: [,File Share Access - [TICKET ID] -  [NAME] ([COMPANY]. [LOCATION])Service Request: File Share Access     Grant access to file share for the following user:   [NAME] ([COMPANY]. [LOCATION]) (Username: [USERNAME])  Access Type: (RW) Read / Write  File Share:  Laufwerk J:[LOCATION]     Requestor: [NAME] ([COMPANY]. [LOCATION])  Comment:  Zugriff auf Laufwerk J:[LOCATION]wird benötigt.  Besten Dank [NAME],Fileservice,unknown,unknown,,,,zenodo_it_support_tickets
11437,ZENODO_TRAIN_01210,[SERVER] - McAfee Agent issue,[SERVER] - McAfee Agent issue,Software,unknown,unknown,,,,zenodo_it_support_tickets
1918,ZENODO_TRAIN_01211,Shared Mailbox Access - [AWS_ACCESS_KEY] - [EMAIL],Shared Mailbox Access - [AWS_ACCESS_KEY] - [EMAIL],Support general,unknown,unknown,,,,zenodo_it_support_tickets
8698,ZENODO_TRAIN_01212,File Share Access - [TICKET ID] - [NAME] ([COMPANY]. [LOCATION])Service Request: File Share Access     Grant access to file share for the following user:  [USERNAME]. Benoit ([COMPANY]. [LOCATION]) (U,File Share Access - [TICKET ID] - [NAME] ([COMPANY]. [LOCATION])Service Request: File Share Access     Grant access to file share for the following user:  [USERNAME]. Benoit ([COMPANY]. [LOCATION]) (Username: [USERNAME])  Access Type: (RW) Read / Write  File Share:      J:/CE-STA/        please create the folder and give R/W access for this and all subfolders.        Requestor: [NAME] ([COMPANY]. [LOCATION])  Comment:,Fileservice,unknown,unknown,,,,zenodo_it_support_tickets
940,ZENODO_TRAIN_01213,[TICKET ID] - A Support Ticket was forwarded to you  - RE: Decision for Order required: #[TICKET ID] - Install request,[TICKET ID] - A Support Ticket was forwarded to you  - RE: Decision for Order required: #[TICKET ID] - Install request,Software,unknown,unknown,,,,zenodo_it_support_tickets
903,ZENODO_TRAIN_01214,[TICKET ID] - New information received on closed ticket  - Initiated by [COMPANY][LOCATION]- Vulnerable Windows Defender on [SERVER],[TICKET ID] - New information received on closed ticket  - Initiated by [COMPANY][LOCATION]- Vulnerable Windows Defender on [SERVER],Support general,unknown,unknown,,,,zenodo_it_support_tickets
4793,ZENODO_TRAIN_01215,Printer installation -,Printer installation -,Computer-Services,unknown,unknown,,,,zenodo_it_support_tickets
1234,ZENODO_TRAIN_01216,[TICKET ID] - New Support Ticket received  - R & Rstudio re-installation,[TICKET ID] - New Support Ticket received  - R & Rstudio re-installation,Software,unknown,unknown,,,,zenodo_it_support_tickets
1165,ZENODO_TRAIN_01217,[TICKET ID] - New Support Ticket received  - pagina campus achs,[TICKET ID] - New Support Ticket received  - pagina campus achs,Support general,unknown,unknown,,,,zenodo_it_support_tickets
1886,ZENODO_TRAIN_01218,Shared Mailbox Access - [ADDRESS] - [EMAIL],Shared Mailbox Access - [ADDRESS] - [EMAIL],Support general,unknown,unknown,,,,zenodo_it_support_tickets
1713,ZENODO_TRAIN_01219,File Share Access - [TICKET ID] - [NAME] ([COMPANY]. [LOCATION]),File Share Access - [TICKET ID] - [NAME] ([COMPANY]. [LOCATION]),Fileservice,unknown,unknown,,,,zenodo_it_support_tickets
4313,ZENODO_TRAIN_01220,exportar lista de e-mailsGostaria de solicitar um export da lista de e-mails. preferencialmente de excel (.csv) mas pode ser qualquer outra extenção.,exportar lista de e-mailsGostaria de solicitar um export da lista de e-mails. preferencialmente de excel (.csv) mas pode ser qualquer outra extenção.,O365,unknown,unknown,,,,zenodo_it_support_tickets
1363,ZENODO_TRAIN_01221,[TICKET ID] - New Support Ticket received  - Acesso Skype,[TICKET ID] - New Support Ticket received  - Acesso Skype,O365,unknown,unknown,,,,zenodo_it_support_tickets
7533,ZENODO_TRAIN_01222,File Share Access - [TICKET ID] - [NAME] ([COMPANY]. [LOCATION])Service Request: File Share Access     Grant access to file share for the following user:  [NAME] ([COMPANY]. [LOCATION]) (Username: [US,File Share Access - [TICKET ID] - [NAME] ([COMPANY]. [LOCATION])Service Request: File Share Access     Grant access to file share for the following user:  [NAME] ([COMPANY]. [LOCATION]) (Username: [USERNAME])  Access Type: (RW) Read / Write  File Share:      N:/[SERVER]/STA-LEM    N:/[SERVER]/STA-CAM    N:/[SERVER]/STA-[LOCATION]    N:/[SERVER]/STA-PGRO        R/W including all subfolders.         Requestor: [NAME] ([COMPANY]. [LOCATION])  Comment:,Fileservice,unknown,unknown,,,,zenodo_it_support_tickets
2162,ZENODO_TRAIN_01223,File Share Access - [TICKET ID] - [NAME] ([COMPANY]A. [LOCATION]),File Share Access - [TICKET ID] - [NAME] ([COMPANY]A. [LOCATION]),Fileservice,unknown,unknown,,,,zenodo_it_support_tickets
2359,ZENODO_TRAIN_01224,Erhöhung des Arbeitsspeichers / Speicherplatzerhöhung auf [SERVER],Erhöhung des Arbeitsspeichers / Speicherplatzerhöhung auf [SERVER],Software,unknown,unknown,,,,zenodo_it_support_tickets
1984,ZENODO_TRAIN_01225,File Share Access - [TICKET ID] - [NAME] ([COMPANY]A. [LOCATION]),File Share Access - [TICKET ID] - [NAME] ([COMPANY]A. [LOCATION]),Fileservice,unknown,unknown,,,,zenodo_it_support_tickets
1221,ZENODO_TRAIN_01226,[TICKET ID] - New Support Ticket received  - visual studio,[TICKET ID] - New Support Ticket received  - visual studio,Software,unknown,unknown,,,,zenodo_it_support_tickets
1370,ZENODO_TRAIN_01227,[TICKET ID] - A Support Ticket was forwarded to your role  - activacion blackverry work,[TICKET ID] - A Support Ticket was forwarded to your role  - activacion blackverry work,Support general,unknown,unknown,,,,zenodo_it_support_tickets
957,ZENODO_TRAIN_01228,[TICKET ID] - New Support Ticket received  - Atualização,[TICKET ID] - New Support Ticket received  - Atualização,Software,unknown,unknown,,,,zenodo_it_support_tickets
837,ZENODO_TRAIN_01229,[TICKET ID] - New Support Ticket received  - liberação,[TICKET ID] - New Support Ticket received  - liberação,Fileservice,unknown,unknown,,,,zenodo_it_support_tickets
5254,ZENODO_TRAIN_01230,E-Mail Verteiler [SERVER]-SFO und [SERVER] M. [NAME],E-Mail Verteiler [SERVER]-SFO und [SERVER] M. [NAME],Active Directory,unknown,unknown,,,,zenodo_it_support_tickets
11562,ZENODO_TRAIN_01231,Solicito arquivo de backup do arquivo,Solicito arquivo de backup do arquivo,Fileservice,unknown,unknown,,,,zenodo_it_support_tickets
1698,ZENODO_TRAIN_01232,Shared Mailbox Access - [TICKET ID] - [EMAIL],Shared Mailbox Access - [TICKET ID] - [EMAIL],Support general,unknown,unknown,,,,zenodo_it_support_tickets
1990,ZENODO_TRAIN_01233,Shared Mailbox Access - [AWS_ACCESS_KEY] - [EMAIL],Shared Mailbox Access - [AWS_ACCESS_KEY] - [EMAIL],Support general,unknown,unknown,,,,zenodo_it_support_tickets
2255,ZENODO_TRAIN_01234,File Share Access - [TICKET ID] - [NAME] ([COMPANY]A. [LOCATION]),File Share Access - [TICKET ID] - [NAME] ([COMPANY]A. [LOCATION]),Fileservice,unknown,unknown,,,,zenodo_it_support_tickets
1495,ZENODO_TRAIN_01235,File Share Access - [TICKET ID] - [NAME] ([COMPANY]A. [LOCATION]),File Share Access - [TICKET ID] - [NAME] ([COMPANY]A. [LOCATION]),Fileservice,unknown,unknown,,,,zenodo_it_support_tickets
2021,ZENODO_TRAIN_01236,File Share Access - [TICKET ID] - [NAME] ([COMPANY]),File Share Access - [TICKET ID] - [NAME] ([COMPANY]),Fileservice,unknown,unknown,,,,zenodo_it_support_tickets
1586,ZENODO_TRAIN_01237,File Share Access - [TICKET ID] - [NAME] ([COMPANY]A. [LOCATION]),File Share Access - [TICKET ID] - [NAME] ([COMPANY]A. [LOCATION]),Fileservice,unknown,unknown,,,,zenodo_it_support_tickets
1457,ZENODO_TRAIN_01238,(2020040620122) Verizon Initial Notification,(2020040620122) Verizon Initial Notification,Support general,unknown,unknown,,,,zenodo_it_support_tickets
1740,ZENODO_TRAIN_01239,Shared Mailbox Access - [ADDRESS] - [EMAIL],Shared Mailbox Access - [ADDRESS] - [EMAIL],Support general,unknown,unknown,,,,zenodo_it_support_tickets
939,ZENODO_TRAIN_01240,[TICKET ID] - A Support Ticket was forwarded to you  - Leaving Employee - [TICKET ID] - [NAME] ([COMPANY]. [LOCATION]),[TICKET ID] - A Support Ticket was forwarded to you  - Leaving Employee - [TICKET ID] - [NAME] ([COMPANY]. [LOCATION]),Active Directory,unknown,unknown,,,,zenodo_it_support_tickets
9150,ZENODO_TRAIN_01241,The following system must be set to End Of Life in Nexthink and checked for[LOCATION]reservations:  [SERVER]  -Automated ticket creation-Please remove the system from Nexthink according to the[LOCATIO,The following system must be set to End Of Life in Nexthink and checked for[LOCATION]reservations:  [SERVER]  -Automated ticket creation-Please remove the system from Nexthink according to the[LOCATION]process and please verify if any[LOCATION]reservations exist. If yes. please remove reservations and note down the corresponding IP(s) and inform [COMPANY] network team to remove firewall rules if there are any.,EOL,unknown,unknown,,,,zenodo_it_support_tickets
871,ZENODO_TRAIN_01242,[TICKET ID] - New Support Ticket received  - PROGRAMA,[TICKET ID] - New Support Ticket received  - PROGRAMA,Software,unknown,unknown,,,,zenodo_it_support_tickets
2864,ZENODO_TRAIN_01243,File Share Access - [TICKET ID] -Service Request: File Share Access     Grant access to file share for the following user:   (Username: )  Access Type: (RW) Read / Write  File Share:  J:/[COMPANY]/HR ,File Share Access - [TICKET ID] -Service Request: File Share Access     Grant access to file share for the following user:   (Username: )  Access Type: (RW) Read / Write  File Share:  J:/[COMPANY]/HR     Requestor: [NAME] ([COMPANY]. [LOCATION])  Comment:  Bitte aufnehmen in den Verteiler: [COMPANY]_HR,Fileservice,unknown,unknown,,,,zenodo_it_support_tickets
1470,ZENODO_TRAIN_01244,Create Shared Mailbox - [EMAIL] - [EMAIL] ([LOCATION]),Create Shared Mailbox - [EMAIL] - [EMAIL] ([LOCATION]),Support general,unknown,unknown,,,,zenodo_it_support_tickets
1756,ZENODO_TRAIN_01245,File Share Access - [TICKET ID] - [NAME] ([COMPANY]A. [LOCATION]),File Share Access - [TICKET ID] - [NAME] ([COMPANY]A. [LOCATION]),Fileservice,unknown,unknown,,,,zenodo_it_support_tickets
2234,ZENODO_TRAIN_01246,Create Shared Mailbox - [EMAIL] - [EMAIL],Create Shared Mailbox - [EMAIL] - [EMAIL],Support general,unknown,unknown,,,,zenodo_it_support_tickets
1724,ZENODO_TRAIN_01247,Shared Mailbox Access - [ADDRESS] - [EMAIL],Shared Mailbox Access - [ADDRESS] - [EMAIL],Support general,unknown,unknown,,,,zenodo_it_support_tickets
857,ZENODO_TRAIN_01248,[TICKET ID] - New Support Ticket received  - Acceso a Citrix [NAME],[TICKET ID] - New Support Ticket received  - Acceso a Citrix [NAME],Software,unknown,unknown,,,,zenodo_it_support_tickets
7645,ZENODO_TRAIN_01249,A budget file is missing out of my folder and have not been able to find it on the computer,A budget file is missing out of my folder and have not been able to find it on the computer,Fileservice,unknown,unknown,,,,zenodo_it_support_tickets
1653,ZENODO_TRAIN_01250,File Share Access - [TICKET ID] - [NAME] ([COMPANY]A. [LOCATION]),File Share Access - [TICKET ID] - [NAME] ([COMPANY]A. [LOCATION]),Fileservice,unknown,unknown,,,,zenodo_it_support_tickets
1477,ZENODO_TRAIN_01251,Remove File Share Access - [TICKET ID] - [NAME] ([COMPANY]. [LOCATION]),Remove File Share Access - [TICKET ID] - [NAME] ([COMPANY]. [LOCATION]),Fileservice,unknown,unknown,,,,zenodo_it_support_tickets
11074,ZENODO_TRAIN_01252,[SERVER] on [SERVER] says offline,[SERVER] on [SERVER] says offline,Computer-Services,unknown,unknown,,,,zenodo_it_support_tickets
8058,ZENODO_TRAIN_01253,Computador com atualizações pendentes,Computador com atualizações pendentes,Software,unknown,unknown,,,,zenodo_it_support_tickets
2125,ZENODO_TRAIN_01254,Delete Shared Mailbox - [EMAIL] - [EMAIL]. [LOCATION]),Delete Shared Mailbox - [EMAIL] - [EMAIL]. [LOCATION]),Support general,unknown,unknown,,,,zenodo_it_support_tickets
1763,ZENODO_TRAIN_01255,Shared Mailbox Access - [ADDRESS] - [EMAIL],Shared Mailbox Access - [ADDRESS] - [EMAIL],Support general,unknown,unknown,,,,zenodo_it_support_tickets
2549,ZENODO_TRAIN_01256,Add user [COMPANY]up/Brodmann for Leasy Support,Add user [COMPANY]up/Brodmann for Leasy Support,Active Directory,unknown,unknown,,,,zenodo_it_support_tickets
2182,ZENODO_TRAIN_01257,File Share Access - [TICKET ID] - [NAME] ([COMPANY]A. [LOCATION]),File Share Access - [TICKET ID] - [NAME] ([COMPANY]A. [LOCATION]),Fileservice,unknown,unknown,,,,zenodo_it_support_tickets
1157,ZENODO_TRAIN_01258,[TICKET ID] - New Support Ticket received  - instalacion[LOCATION],[TICKET ID] - New Support Ticket received  - instalacion[LOCATION],Software,unknown,unknown,,,,zenodo_it_support_tickets
1017,ZENODO_TRAIN_01259,[TICKET ID] - New Support Ticket received  - Abrir pasta de arquivos do google Drive,[TICKET ID] - New Support Ticket received  - Abrir pasta de arquivos do google Drive,Software,unknown,unknown,,,,zenodo_it_support_tickets
894,ZENODO_TRAIN_01260,[TICKET ID] - A Support Ticket was forwarded to your role  - problemas ingreso a [NAME],[TICKET ID] - A Support Ticket was forwarded to your role  - problemas ingreso a [NAME],Software,unknown,unknown,,,,zenodo_it_support_tickets
1523,ZENODO_TRAIN_01261,File Share Access - [TICKET ID] - [NAME] ([COMPANY]A. [LOCATION]),File Share Access - [TICKET ID] - [NAME] ([COMPANY]A. [LOCATION]),Fileservice,unknown,unknown,,,,zenodo_it_support_tickets
1620,ZENODO_TRAIN_01262,Create Shared Mailbox - [EMAIL] - my[COMPANY] HR,Create Shared Mailbox - [EMAIL] - my[COMPANY] HR,Support general,unknown,unknown,,,,zenodo_it_support_tickets
794,ZENODO_TRAIN_01263,[TICKET ID] - A Support Ticket was forwarded to your role  - Initiated by [COMPANY][LOCATION]- Vulnerable Teamviewer on [SERVER],[TICKET ID] - A Support Ticket was forwarded to your role  - Initiated by [COMPANY][LOCATION]- Vulnerable Teamviewer on [SERVER],Support general,unknown,unknown,,,,zenodo_it_support_tickets
2233,ZENODO_TRAIN_01264,Remove File Share Access - [TICKET ID] - [NAME] ([COMPANY]A. [LOCATION]),Remove File Share Access - [TICKET ID] - [NAME] ([COMPANY]A. [LOCATION]),Fileservice,unknown,unknown,,,,zenodo_it_support_tickets
11150,ZENODO_TRAIN_01265,Acesso [NAME],Acesso [NAME],Active Directory,unknown,unknown,,,,zenodo_it_support_tickets
6959,ZENODO_TRAIN_01266,Extraction of users mailbox and OneDrive storage,Extraction of users mailbox and OneDrive storage,Support general,unknown,unknown,,,,zenodo_it_support_tickets
2567,ZENODO_TRAIN_01267,Neuen[LOCATION]User erstellen -  von [NAME]. [NAME],Neuen[LOCATION]User erstellen -  von [NAME]. [NAME],Active Directory,unknown,unknown,,,,zenodo_it_support_tickets
2274,ZENODO_TRAIN_01268,File Share Access - [TICKET ID] - [NAME] ([COMPANY]. [LOCATION]),File Share Access - [TICKET ID] - [NAME] ([COMPANY]. [LOCATION]),Fileservice,unknown,unknown,,,,zenodo_it_support_tickets
1503,ZENODO_TRAIN_01269,Shared Mailbox Access - [AWS_ACCESS_KEY] - [EMAIL],Shared Mailbox Access - [AWS_ACCESS_KEY] - [EMAIL],Support general,unknown,unknown,,,,zenodo_it_support_tickets
1444,ZENODO_TRAIN_01270,onedrive,onedrive,O365,unknown,unknown,,,,zenodo_it_support_tickets
14312,ZENODO_TRAIN_01271,Zugriff Postfach hinzufügen / entfernen,Zugriff Postfach hinzufügen / entfernen,Support general,unknown,unknown,,,,zenodo_it_support_tickets
1799,ZENODO_TRAIN_01272,File Share Access - [TICKET ID] - [ADDRESS] ([COMPANY]A. [LOCATION]),File Share Access - [TICKET ID] - [ADDRESS] ([COMPANY]A. [LOCATION]),Fileservice,unknown,unknown,,,,zenodo_it_support_tickets
1213,ZENODO_TRAIN_01273,[TICKET ID] - New Support Ticket received  - configuracion telefono [NAME],[TICKET ID] - New Support Ticket received  - configuracion telefono [NAME],Support general,unknown,unknown,,,,zenodo_it_support_tickets
10095,ZENODO_TRAIN_01274,Citrix reciver takes very long to open,Citrix reciver takes very long to open,Software,unknown,unknown,,,,zenodo_it_support_tickets
4044,ZENODO_TRAIN_01275,Initiated by [COMPANY][LOCATION]- Vulnerable Active X on [SERVER]8,Initiated by [COMPANY][LOCATION]- Vulnerable Active X on [SERVER]8,Software,unknown,unknown,,,,zenodo_it_support_tickets
1898,ZENODO_TRAIN_01276,File Share Access - [TICKET ID] - [NAME] ([COMPANY]A. [LOCATION]),File Share Access - [TICKET ID] - [NAME] ([COMPANY]A. [LOCATION]),Fileservice,unknown,unknown,,,,zenodo_it_support_tickets
2054,ZENODO_TRAIN_01277,File Share Access - [TICKET ID] - [NAME] ([COMPANY]A. [LOCATION]),File Share Access - [TICKET ID] - [NAME] ([COMPANY]A. [LOCATION]),Fileservice,unknown,unknown,,,,zenodo_it_support_tickets
8626,ZENODO_TRAIN_01278,Email lentoBom dia !!!  Meu email está muito lento. quando pesquiso emails anteriores. para abrir os email.  Gostaria por gentileza que verificassem.  Atenciosamente.,Email lentoBom dia !!!  Meu email está muito lento. quando pesquiso emails anteriores. para abrir os email.  Gostaria por gentileza que verificassem.  Atenciosamente.,O365,unknown,unknown,,,,zenodo_it_support_tickets
1860,ZENODO_TRAIN_01279,File Share Access - [TICKET ID] - [NAME] ([COMPANY]A. [LOCATION]),File Share Access - [TICKET ID] - [NAME] ([COMPANY]A. [LOCATION]),Fileservice,unknown,unknown,,,,zenodo_it_support_tickets
2309,ZENODO_TRAIN_01280,Shared Mailbox Access - [AWS_ACCESS_KEY] - [EMAIL],Shared Mailbox Access - [AWS_ACCESS_KEY] - [EMAIL],Support general,unknown,unknown,,,,zenodo_it_support_tickets
2022,ZENODO_TRAIN_01281,File Share Access - [TICKET ID] - [NAME] ([COMPANY]A. [LOCATION]),File Share Access - [TICKET ID] - [NAME] ([COMPANY]A. [LOCATION]),Fileservice,unknown,unknown,,,,zenodo_it_support_tickets
2068,ZENODO_TRAIN_01282,Shared Mailbox Access - [ADDRESS] - [EMAIL],Shared Mailbox Access - [ADDRESS] - [EMAIL],Support general,unknown,unknown,,,,zenodo_it_support_tickets
1547,ZENODO_TRAIN_01283,File Share Access - [TICKET ID] - [NAME] ([COMPANY]. [LOCATION]),File Share Access - [TICKET ID] - [NAME] ([COMPANY]. [LOCATION]),Fileservice,unknown,unknown,,,,zenodo_it_support_tickets
3958,ZENODO_TRAIN_01284,Missing connection to McAfee on system [SERVER],Missing connection to McAfee on system [SERVER],Software,unknown,unknown,,,,zenodo_it_support_tickets
1134,ZENODO_TRAIN_01285,[TICKET ID] - A Support Ticket was forwarded to your role  -  [NAME] locked out of PC,[TICKET ID] - A Support Ticket was forwarded to your role  -  [NAME] locked out of PC,Software,unknown,unknown,,,,zenodo_it_support_tickets
1428,ZENODO_TRAIN_01286,SR290616 Leaving employee: The user [NAME] ([COMPANY]; [LOCATION]) is going to leave [COMPANY] on 02;01;2018,SR290616 Leaving employee: The user [NAME] ([COMPANY]; [LOCATION]) is going to leave [COMPANY] on 02;01;2018,Active Directory,unknown,unknown,,,,zenodo_it_support_tickets
4622,ZENODO_TRAIN_01287,sharepoint non accessible,sharepoint non accessible,Software,unknown,unknown,,,,zenodo_it_support_tickets
276,ZENODO_TRAIN_01288,GH Printer Connection Issue,GH Printer Connection Issue,Computer-Services,unknown,unknown,,,,zenodo_it_support_tickets
1609,ZENODO_TRAIN_01289,User admportz löschen,User admportz löschen,Active Directory,unknown,unknown,,,,zenodo_it_support_tickets
266,ZENODO_TRAIN_01290,missing printerOur local printer in [ADDRESS] has disappeared from my laptop. How do I add it back?    Thanks    [NAME]obile: [PHONE],missing printerOur local printer in [ADDRESS] has disappeared from my laptop. How do I add it back?    Thanks    [NAME]obile: [PHONE],Computer-Services,unknown,unknown,,,,zenodo_it_support_tickets
10060,ZENODO_TRAIN_01291,Out of office notice on [EMAIL] email,Out of office notice on [EMAIL] email,Support general,unknown,unknown,,,,zenodo_it_support_tickets
4494,ZENODO_TRAIN_01292,Initiated by [COMPANY][LOCATION]- Vulnerable .NET Version on [SERVER],Initiated by [COMPANY][LOCATION]- Vulnerable .NET Version on [SERVER],Software,unknown,unknown,,,,zenodo_it_support_tickets
2190,ZENODO_TRAIN_01293,File Share Access - [TICKET ID] - [NAME] ([COMPANY]A. [LOCATION]),File Share Access - [TICKET ID] - [NAME] ([COMPANY]A. [LOCATION]),Fileservice,unknown,unknown,,,,zenodo_it_support_tickets
341,ZENODO_TRAIN_01294,[TICKET ID] - New Support Ticket received  - Mensaje al querer abrir outlook,[TICKET ID] - New Support Ticket received  - Mensaje al querer abrir outlook,O365,unknown,unknown,,,,zenodo_it_support_tickets
2530,ZENODO_TRAIN_01295,File Share Access - [TICKET ID] - [NAME] ([COMPANY]. [LOCATION])Service Request: File Share Access     Grant access to file share for the following user:  [NAME] ([COMPANY]. [LOCATION]) (Username: [US,File Share Access - [TICKET ID] - [NAME] ([COMPANY]. [LOCATION])Service Request: File Share Access     Grant access to file share for the following user:  [NAME] ([COMPANY]. [LOCATION]) (Username: [USERNAME])  Access Type: (RW) Read / Write  File Share:      N:/[SERVER]/[USERNAME]        R/W including all subfolders.         Requestor: [NAME] ([COMPANY]. [LOCATION])  Comment:,Fileservice,unknown,unknown,,,,zenodo_it_support_tickets
1100,ZENODO_TRAIN_01296,[TICKET ID] - A Support Ticket was forwarded to you  - Instalar programa BarTender,[TICKET ID] - A Support Ticket was forwarded to you  - Instalar programa BarTender,Software,unknown,unknown,,,,zenodo_it_support_tickets
2365,ZENODO_TRAIN_01297,Instalación Impresora,Instalación Impresora,Computer-Services,unknown,unknown,,,,zenodo_it_support_tickets
5500,ZENODO_TRAIN_01298,Initiated by GIT: Missing connection to all securitytools on system [SERVER],Initiated by GIT: Missing connection to all securitytools on system [SERVER],Software,unknown,unknown,,,,zenodo_it_support_tickets
1237,ZENODO_TRAIN_01299,[TICKET ID] - A Support Ticket was forwarded to your role  - check_mk SD Servicealarm: ([SERVER]) [COMPANY] LS Systemmanagement - [SOFTWARE] Depot Server: Filesystem E:/ -[LOCATION]-> CRIT,[TICKET ID] - A Support Ticket was forwarded to your role  - check_mk SD Servicealarm: ([SERVER]) [COMPANY] LS Systemmanagement - [SOFTWARE] Depot Server: Filesystem E:/ -[LOCATION]-> CRIT,Support general,unknown,unknown,,,,zenodo_it_support_tickets
1855,ZENODO_TRAIN_01300,File Share Access - [TICKET ID] - [NAME] ([COMPANY]A. [LOCATION]),File Share Access - [TICKET ID] - [NAME] ([COMPANY]A. [LOCATION]),Fileservice,unknown,unknown,,,,zenodo_it_support_tickets
11372,ZENODO_TRAIN_01301,The following system must be set to End Of Life in Nexthink and checked for[LOCATION]reservations:  [SERVER]  -Automated ticket creation-Please remove the system from Nexthink according to the[LOCATIO,The following system must be set to End Of Life in Nexthink and checked for[LOCATION]reservations:  [SERVER]  -Automated ticket creation-Please remove the system from Nexthink according to the[LOCATION]process and please verify if any[LOCATION]reservations exist. If yes. please remove reservations and note down the corresponding IP(s) and inform [COMPANY] network team to remove firewall rules if there are any.,EOL,unknown,unknown,,,,zenodo_it_support_tickets
10605,ZENODO_TRAIN_01302,The following system must be set to End Of Life in Nexthink and checked for[LOCATION]reservations:  [SERVER]  -Automated ticket creation-Please remove the system from Nexthink according to the[LOCATIO,The following system must be set to End Of Life in Nexthink and checked for[LOCATION]reservations:  [SERVER]  -Automated ticket creation-Please remove the system from Nexthink according to the[LOCATION]process and please verify if any[LOCATION]reservations exist. If yes. please remove reservations and note down the corresponding IP(s) and inform [COMPANY] network team to remove firewall rules if there are any.,EOL,unknown,unknown,,,,zenodo_it_support_tickets
2681,ZENODO_TRAIN_01303,Email duplication,Email duplication,Support general,unknown,unknown,,,,zenodo_it_support_tickets
1329,ZENODO_TRAIN_01304,[TICKET ID] - A Support Ticket was forwarded to your role  - Initiated by [COMPANY][LOCATION]- Vulnerable TeamViewer on [SERVER],[TICKET ID] - A Support Ticket was forwarded to your role  - Initiated by [COMPANY][LOCATION]- Vulnerable TeamViewer on [SERVER],Support general,unknown,unknown,,,,zenodo_it_support_tickets
810,ZENODO_TRAIN_01305,[TICKET ID] - New Support Ticket received  - Relatorio de pedidos em Aberto Discoverer,[TICKET ID] - New Support Ticket received  - Relatorio de pedidos em Aberto Discoverer,Software,unknown,unknown,,,,zenodo_it_support_tickets
14010,ZENODO_TRAIN_01306,Light User for external - [TICKET ID] - [USERNAME]. [NAME]Service Request: Light User for external  Create Light user for [USERNAME]     Firstname: [NAME]  Lastname: [NAME]ailaddress: [EMAIL]  Phone: ,Light User for external - [TICKET ID] - [USERNAME]. [NAME]Service Request: Light User for external  Create Light user for [USERNAME]     Firstname: [NAME]  Lastname: [NAME]ailaddress: [EMAIL]  Phone: [PHONE]  Cost Center: 32151  Function: Service Manager Service & Support  Company: [COMPANY] Einsteinstr. 8. [ADDRESS]  Department: [ADDRESS]  ZIP: [ADDRESS]  City: [ADDRESS]  Country: [ADDRESS]  Location:[LOCATION] Office:   Expiration date: Not defined     Important: Please indicate in EA14 that it is an external user.     Requestor: [NAME] ([COMPANY]. [LOCATION])     Desired date: Jan  7 2019 12:00AM     Additional information:,Support general,unknown,unknown,,,,zenodo_it_support_tickets
698,ZENODO_TRAIN_01307,[TICKET ID] - New Support Ticket received  - Basis User - [USERNAME] - [NAME] ([COMPANY]. [LOCATION]),[TICKET ID] - New Support Ticket received  - Basis User - [USERNAME] - [NAME] ([COMPANY]. [LOCATION]),Support general,unknown,unknown,,,,zenodo_it_support_tickets
1967,ZENODO_TRAIN_01308,Shared Mailbox Access - [AWS_ACCESS_KEY] - [EMAIL],Shared Mailbox Access - [AWS_ACCESS_KEY] - [EMAIL],Support general,unknown,unknown,,,,zenodo_it_support_tickets
3807,ZENODO_TRAIN_01309,Blocked Website by ProxyPlease allow this site. It is used for the installation of Whitesmoke English editor.    [NAME] received a new laptop and needs Whitesmoke installed    Attached is the correspo,Blocked Website by ProxyPlease allow this site. It is used for the installation of Whitesmoke English editor.    [NAME] received a new laptop and needs Whitesmoke installed    Attached is the correspondence with [NAME] when this was installed on [NAME]s previous computer        Client-IP: [IP_ADDRESS]    Proxy Hostname: [SERVER].[COMPANY]up.ads.dir    Date (local server time): 2018-07-18 14:31:03    URL: [URL]   [LOCATION]Categories: Malicious Sites. Software/Hardware    Reputation: High Risk    Media Type:   [LOCATION]was blocked due to a[LOCATION]Reputation and Categorization lookup result: true   [LOCATION]was blocked due to a dynamic content classification result: false        [COMPANY] GATEWAY RESE[LOCATION] CENTER. LLC. [LOCATION]Park at The Danforth Plant Science Center  [ADDRESS]. [ADDRESS]     Managing Director: [NAME]  Company Headquarters: [ADDRESS]      [URL],Support general,unknown,unknown,,,,zenodo_it_support_tickets
2797,ZENODO_TRAIN_01310,File Share Access - [TICKET ID] - [NAME]. [NAME] ([COMPANY]. [LOCATION])Service Request: File Share Access     Grant access to file share for the following user:  [NAME]. [NAME] ([COMPANY]. [LOCATION],File Share Access - [TICKET ID] - [NAME]. [NAME] ([COMPANY]. [LOCATION])Service Request: File Share Access     Grant access to file share for the following user:  [NAME]. [NAME] ([COMPANY]. [LOCATION]) (Username: [USERNAME])  Access Type: (RW) Read / Write  File Share:    Please add the folder for Italy to the rights that [NAME] already has:    Folder J/  Receivables report / [COMPANY] Italia       Requestor: [NAME] ([COMPANY]. [LOCATION])  Comment:,Fileservice,unknown,unknown,,,,zenodo_it_support_tickets
1721,ZENODO_TRAIN_01311,File Share Access - [TICKET ID] - [NAME] ([COMPANY]A. [LOCATION]),File Share Access - [TICKET ID] - [NAME] ([COMPANY]A. [LOCATION]),Fileservice,unknown,unknown,,,,zenodo_it_support_tickets
1172,ZENODO_TRAIN_01312,[TICKET ID] - New Support Ticket received  - Can not get company email on my phone.,[TICKET ID] - New Support Ticket received  - Can not get company email on my phone.,Support general,unknown,unknown,,,,zenodo_it_support_tickets
1041,ZENODO_TRAIN_01313,[TICKET ID] - New Support Ticket received  - Skype,[TICKET ID] - New Support Ticket received  - Skype,O365,unknown,unknown,,,,zenodo_it_support_tickets
10471,ZENODO_TRAIN_01314,CONFIGURAÇÃO DA IMPRESSORA - DIGITALIZAR[LOCATION]E-MAIL,CONFIGURAÇÃO DA IMPRESSORA - DIGITALIZAR[LOCATION]E-MAIL,Computer-Services,unknown,unknown,,,,zenodo_it_support_tickets
1704,ZENODO_TRAIN_01315,Shared Mailbox Access - [ADDRESS] - [EMAIL],Shared Mailbox Access - [ADDRESS] - [EMAIL],Support general,unknown,unknown,,,,zenodo_it_support_tickets
3567,ZENODO_TRAIN_01316,Initiated by [COMPANY][LOCATION]- Unsupported Firefox on [SERVER],Initiated by [COMPANY][LOCATION]- Unsupported Firefox on [SERVER],Software,unknown,unknown,,,,zenodo_it_support_tickets
664,ZENODO_TRAIN_01317,[TICKET ID] - A Support Ticket was forwarded to your role  - User zu der Gruppe: [SERVER]-[NAME] hizufügen,[TICKET ID] - A Support Ticket was forwarded to your role  - User zu der Gruppe: [SERVER]-[NAME] hizufügen,Support general,unknown,unknown,,,,zenodo_it_support_tickets
1644,ZENODO_TRAIN_01318,check_mk SD Hostalarm: ([SERVER]) [COMPANY] LS Site2Site[LOCATION]- UP -> DOWN,check_mk SD Hostalarm: ([SERVER]) [COMPANY] LS Site2Site[LOCATION]- UP -> DOWN,Support general,unknown,unknown,,,,zenodo_it_support_tickets
1565,ZENODO_TRAIN_01319,File Share Access - [TICKET ID] - [NAME] ([COMPANY]A. [LOCATION]),File Share Access - [TICKET ID] - [NAME] ([COMPANY]A. [LOCATION]),Fileservice,unknown,unknown,,,,zenodo_it_support_tickets
9616,ZENODO_TRAIN_01320,Basis User - [TICKET ID] -Service Request: Basis User     Create Windows account for internal user       Firstname:  [NAME]  Lastname:  [NAME]  Cost Center:  174454  Company:    Department:  [ADDRESS],Basis User - [TICKET ID] -Service Request: Basis User     Create Windows account for internal user       Firstname:  [NAME]  Lastname:  [NAME]  Cost Center:  174454  Company:    Department:  [ADDRESS]  Street:    ZIP:    City:    Country:  [ADDRESS]  Office:       Important: Please set the EA10 to the following value: [USERNAME]@Marco (leave blank. when empty)  Please create Exchange and Skype account.  The user needs at least the following access permissions:  (RW) H:/%username%  (RO) J:/Auftrag  (RW) J:/Info  (RW) J:/Transfer  (RO) J:/Vorlagen  Access to [COMPANY] intranet  Access to [SOFTWARE] ([SERVER])  Requestor:  [NAME] ([COMPANY]. [LOCATION])     Desired date:  Jan 31 2019 12:00AM     Additional information:   Neuer Kollege Startet am 01.02.2019,Support general,unknown,unknown,,,,zenodo_it_support_tickets
11160,ZENODO_TRAIN_01321,Missing connection to all securitytools on system [SERVER],Missing connection to all securitytools on system [SERVER],Software,unknown,unknown,,,,zenodo_it_support_tickets
1324,ZENODO_TRAIN_01322,[TICKET ID] - New Support Ticket received  -  connect to printers - not urgent at all,[TICKET ID] - New Support Ticket received  -  connect to printers - not urgent at all,Computer-Services,unknown,unknown,,,,zenodo_it_support_tickets
1485,ZENODO_TRAIN_01323,File Share Access - [TICKET ID] - [NAME]. [NAME] ([COMPANY]. [LOCATION]),File Share Access - [TICKET ID] - [NAME]. [NAME] ([COMPANY]. [LOCATION]),Fileservice,unknown,unknown,,,,zenodo_it_support_tickets
13984,ZENODO_TRAIN_01324,File Share Access - [TICKET ID] - [NAME] ([COMPANY]. [LOCATION])Service Request: File Share Access     Grant access to file share for the following user:  [NAME] ([COMPANY]. [LOCATION]) (Username: )  ,File Share Access - [TICKET ID] - [NAME] ([COMPANY]. [LOCATION])Service Request: File Share Access     Grant access to file share for the following user:  [NAME] ([COMPANY]. [LOCATION]) (Username: )  Access Type: (RW) Read / Write  File Share:    J:/CHR   J:/CHR-GLOBE   J:/CHR-H   J:/VORLAGEN       Requestor: [NAME] ([COMPANY]. [LOCATION])  Comment:  [ADDRESS] [NAME].  Bitte asap - Head of [LOCATION] HR,Fileservice,unknown,unknown,,,,zenodo_it_support_tickets
2245,ZENODO_TRAIN_01325,File Share Access - [TICKET ID] - [NAME] ([COMPANY]A. [LOCATION]),File Share Access - [TICKET ID] - [NAME] ([COMPANY]A. [LOCATION]),Fileservice,unknown,unknown,,,,zenodo_it_support_tickets
1761,ZENODO_TRAIN_01326,File Share Access - [TICKET ID] - [NAME] ([COMPANY]A. [LOCATION]),File Share Access - [TICKET ID] - [NAME] ([COMPANY]A. [LOCATION]),Fileservice,unknown,unknown,,,,zenodo_it_support_tickets
1796,ZENODO_TRAIN_01327,Create Shared Mailbox - [ADDRESS] - [EMAIL],Create Shared Mailbox - [ADDRESS] - [EMAIL],Support general,unknown,unknown,,,,zenodo_it_support_tickets
1607,ZENODO_TRAIN_01328,User admschen löschen,User admschen löschen,Active Directory,unknown,unknown,,,,zenodo_it_support_tickets
968,ZENODO_TRAIN_01329,[TICKET ID] - New Support Ticket received  - Inclusão de Usuaria para recebimento de email do nfe.,[TICKET ID] - New Support Ticket received  - Inclusão de Usuaria para recebimento de email do nfe.,O365,unknown,unknown,,,,zenodo_it_support_tickets
796,ZENODO_TRAIN_01330,[TICKET ID] - A Support Ticket was forwarded to you  - Users do not receive Pallavis mails,[TICKET ID] - A Support Ticket was forwarded to you  - Users do not receive Pallavis mails,O365,unknown,unknown,,,,zenodo_it_support_tickets
10455,ZENODO_TRAIN_01331,COMPUTADOR[LOCATION]DESLIGANDO SOZINHO,COMPUTADOR[LOCATION]DESLIGANDO SOZINHO,Computer-Services,unknown,unknown,,,,zenodo_it_support_tickets
1371,ZENODO_TRAIN_01332,[TICKET ID] - New Support Ticket received  - activacion blackverry work,[TICKET ID] - New Support Ticket received  - activacion blackverry work,Support general,unknown,unknown,,,,zenodo_it_support_tickets
11414,ZENODO_TRAIN_01333,Initiated by GIT: Missing connection to all securitytools on system [SERVER],Initiated by GIT: Missing connection to all securitytools on system [SERVER],Software,unknown,unknown,,,,zenodo_it_support_tickets
781,ZENODO_TRAIN_01334,[TICKET ID] - A Support Ticket was forwarded to your role  - Software Installation - [TICKET ID] - [NAME] ([COMPANY] [LOCATION]),[TICKET ID] - A Support Ticket was forwarded to your role  - Software Installation - [TICKET ID] - [NAME] ([COMPANY] [LOCATION]),Software,unknown,unknown,,,,zenodo_it_support_tickets
1873,ZENODO_TRAIN_01335,Shared Mailbox Access - [ADDRESS] - [EMAIL],Shared Mailbox Access - [ADDRESS] - [EMAIL],Support general,unknown,unknown,,,,zenodo_it_support_tickets
4010,ZENODO_TRAIN_01336,PRECISO INSTALAR DRIVE DE IMPRESSORA,PRECISO INSTALAR DRIVE DE IMPRESSORA,Computer-Services,unknown,unknown,,,,zenodo_it_support_tickets
1048,ZENODO_TRAIN_01337,[TICKET ID] - New Support Ticket received  - Growout Room spooling printer issue,[TICKET ID] - New Support Ticket received  - Growout Room spooling printer issue,Computer-Services,unknown,unknown,,,,zenodo_it_support_tickets
1707,ZENODO_TRAIN_01338,File Share Access - [TICKET ID] - [NAME] ([COMPANY]. [LOCATION]),File Share Access - [TICKET ID] - [NAME] ([COMPANY]. [LOCATION]),Fileservice,unknown,unknown,,,,zenodo_it_support_tickets
1820,ZENODO_TRAIN_01339,File Share Access - [TICKET ID] - [NAME] ([COMPANY]. [LOCATION]),File Share Access - [TICKET ID] - [NAME] ([COMPANY]. [LOCATION]),Fileservice,unknown,unknown,,,,zenodo_it_support_tickets
1075,ZENODO_TRAIN_01340,[TICKET ID] - [SERVER][LOCATION]- Planned Maintenance - 2018-9-25. 09:00[LOCATION]| [SERVER] [COMPANY] SE. Rückmeldungen erforderlich.,[TICKET ID] - [SERVER][LOCATION]- Planned Maintenance - 2018-9-25. 09:00[LOCATION]| [SERVER] [COMPANY] SE. Rückmeldungen erforderlich.,Support general,unknown,unknown,,,,zenodo_it_support_tickets
8240,ZENODO_TRAIN_01341,The following system must be set to End Of Life in Nexthink and checked for[LOCATION]reservations:  [SERVER]  -Automated ticket creation-Please remove the system from Nexthink according to the[LOCATIO,The following system must be set to End Of Life in Nexthink and checked for[LOCATION]reservations:  [SERVER]  -Automated ticket creation-Please remove the system from Nexthink according to the[LOCATION]process and please verify if any[LOCATION]reservations exist. If yes. please remove reservations and note down the corresponding IP(s) and inform [COMPANY] network team to remove firewall rules if there are any.,EOL,unknown,unknown,,,,zenodo_it_support_tickets
2030,ZENODO_TRAIN_01342,File Share Access - [TICKET ID] - [NAME] ([COMPANY]A. [LOCATION]),File Share Access - [TICKET ID] - [NAME] ([COMPANY]A. [LOCATION]),Fileservice,unknown,unknown,,,,zenodo_it_support_tickets
6523,ZENODO_TRAIN_01343,File Share Access - [TICKET ID] - [NAME] ([COMPANY]. [LOCATION])Service Request: File Share Access     Grant access to file share for the following user:  [NAME] ([COMPANY]. [LOCATION]) (Username: )  ,File Share Access - [TICKET ID] - [NAME] ([COMPANY]. [LOCATION])Service Request: File Share Access     Grant access to file share for the following user:  [NAME] ([COMPANY]. [LOCATION]) (Username: )  Access Type: (RW) Read / Write  File Share:  [Image]     Requestor: [NAME] ([COMPANY]. [LOCATION])  Comment:,Fileservice,unknown,unknown,,,,zenodo_it_support_tickets
1806,ZENODO_TRAIN_01344,File Share Access - [TICKET ID] - [NAME] ([COMPANY]. [LOCATION]),File Share Access - [TICKET ID] - [NAME] ([COMPANY]. [LOCATION]),Fileservice,unknown,unknown,,,,zenodo_it_support_tickets
7896,ZENODO_TRAIN_01345,change email for user,change email for user,Support general,unknown,unknown,,,,zenodo_it_support_tickets
10028,ZENODO_TRAIN_01346,instalação da imprssora,instalação da imprssora,Computer-Services,unknown,unknown,,,,zenodo_it_support_tickets
1518,ZENODO_TRAIN_01347,File Share Access - [TICKET ID] - [NAME] ([COMPANY]A. [LOCATION]),File Share Access - [TICKET ID] - [NAME] ([COMPANY]A. [LOCATION]),Fileservice,unknown,unknown,,,,zenodo_it_support_tickets
991,ZENODO_TRAIN_01348,[TICKET ID] - New Support Ticket received  - accidentally wiped my phone,[TICKET ID] - New Support Ticket received  - accidentally wiped my phone,Support general,unknown,unknown,,,,zenodo_it_support_tickets
1695,ZENODO_TRAIN_01349,File Share Access - [TICKET ID] - [ADDRESS]. [NAME] ([COMPANY]. [LOCATION]),File Share Access - [TICKET ID] - [ADDRESS]. [NAME] ([COMPANY]. [LOCATION]),Fileservice,unknown,unknown,,,,zenodo_it_support_tickets
2020,ZENODO_TRAIN_01350,Light User for external - [TICKET ID] - [NAME]. PolService Request: Light User for external  Create Light user for [USERNAME]. Pol     Firstname: [NAME]  Lastname: [NAME]ailaddress: [EMAIL]  Phone: [P,Light User for external - [TICKET ID] - [NAME]. PolService Request: Light User for external  Create Light user for [USERNAME]. Pol     Firstname: [NAME]  Lastname: [NAME]ailaddress: [EMAIL]  Phone: [PHONE]  Cost Center: 47004  Function: Agentur  Company: Welocalize  Department: GMC-[ADDRESS]  ZIP: [ADDRESS]  City: [ADDRESS]  Country: [ADDRESS]  Location:[LOCATION] Office:   Expiration date: Jun 29 2019 11:00PM     Important: Please indicate in EA14 that it is an external user.     Requestor: [NAME] ([COMPANY]. [LOCATION])     Desired date: Dec 13 2018 12:00AM     Additional information:,Support general,unknown,unknown,,,,zenodo_it_support_tickets
1005,ZENODO_TRAIN_01351,[TICKET ID] - New Support Ticket received  - Cannot login to Fival citrix,[TICKET ID] - New Support Ticket received  - Cannot login to Fival citrix,Software,unknown,unknown,,,,zenodo_it_support_tickets
866,ZENODO_TRAIN_01352,[TICKET ID] - New Support Ticket received  - ajuste no base discovery e montagem de uma impressora,[TICKET ID] - New Support Ticket received  - ajuste no base discovery e montagem de uma impressora,Computer-Services,unknown,unknown,,,,zenodo_it_support_tickets
10666,ZENODO_TRAIN_01353,The following system must be set to End Of Life in Nexthink and checked for[LOCATION]reservations:  [SERVER]  -Automated ticket creation-Please remove the system from Nexthink according to the[LOCATIO,The following system must be set to End Of Life in Nexthink and checked for[LOCATION]reservations:  [SERVER]  -Automated ticket creation-Please remove the system from Nexthink according to the[LOCATION]process and please verify if any[LOCATION]reservations exist. If yes. please remove reservations and note down the corresponding IP(s) and inform [COMPANY] network team to remove firewall rules if there are any.,EOL,unknown,unknown,,,,zenodo_it_support_tickets
1960,ZENODO_TRAIN_01354,Shared Mailbox Access - [ADDRESS] - [EMAIL],Shared Mailbox Access - [ADDRESS] - [EMAIL],Support general,unknown,unknown,,,,zenodo_it_support_tickets
1976,ZENODO_TRAIN_01355,File Share Access - [TICKET ID] - [NAME] ([COMPANY]A. [LOCATION]),File Share Access - [TICKET ID] - [NAME] ([COMPANY]A. [LOCATION]),Fileservice,unknown,unknown,,,,zenodo_it_support_tickets
1970,ZENODO_TRAIN_01356,File Share Access - [TICKET ID] - [NAME] ([COMPANY]A. [LOCATION]),File Share Access - [TICKET ID] - [NAME] ([COMPANY]A. [LOCATION]),Fileservice,unknown,unknown,,,,zenodo_it_support_tickets
3332,ZENODO_TRAIN_01357,File Share Access - [TICKET ID] - [USERNAME]. Ole ([COMPANY]. [LOCATION])Service Request: File Share Access     Grant access to file share for the following user:  [USERNAME] ([COMPANY]. [LOCATION]) (,File Share Access - [TICKET ID] - [USERNAME]. Ole ([COMPANY]. [LOCATION])Service Request: File Share Access     Grant access to file share for the following user:  [USERNAME] ([COMPANY]. [LOCATION]) (Username: )  Access Type: (RW) Read / Write  File Share:  J:/Scan     Requestor: [NAME] ([COMPANY]. [LOCATION])  Comment:  Das Büro von [NAME] wird sich imBürogebäude in der [ADDRESS] befinden (Büro: 1.04). Bitte liefern Sie die Hardware so schnell wie möglich aus.  Vielen Dank!  Für Rückfragen stehe ich gern zur Verfügung.  Beste Grüße [NAME] Tel.: [PHONE],Fileservice,unknown,unknown,,,,zenodo_it_support_tickets
3809,ZENODO_TRAIN_01358,The following system must be set to End Of Life in Nexthink and checked for[LOCATION]reservations:  [SERVER]  -Automated ticket creation-Please remove the system from Nexthink according to the[LOCATIO,The following system must be set to End Of Life in Nexthink and checked for[LOCATION]reservations:  [SERVER]  -Automated ticket creation-Please remove the system from Nexthink according to the[LOCATION]process and please verify if any[LOCATION]reservations exist. If yes. please remove reservations and note down the corresponding IP(s) and inform [COMPANY] network team to remove firewall rules if there are any.,EOL,unknown,unknown,,,,zenodo_it_support_tickets
2004,ZENODO_TRAIN_01359,File Share Access - [TICKET ID] - [NAME] ([COMPANY]A. [LOCATION]),File Share Access - [TICKET ID] - [NAME] ([COMPANY]A. [LOCATION]),Fileservice,unknown,unknown,,,,zenodo_it_support_tickets
1381,ZENODO_TRAIN_01360,[TICKET ID] - [SERVER][LOCATION]- Planned Maintenance - 2018-11-17. 08:01[LOCATION]| [SERVER] | [SERVER] [COMPANY] SE. Rückmeldungen erforderlich.,[TICKET ID] - [SERVER][LOCATION]- Planned Maintenance - 2018-11-17. 08:01[LOCATION]| [SERVER] | [SERVER] [COMPANY] SE. Rückmeldungen erforderlich.,Support general,unknown,unknown,,,,zenodo_it_support_tickets
1864,ZENODO_TRAIN_01361,File Share Access - [TICKET ID] - [NAME]. [NAME] ([COMPANY]A. [LOCATION]),File Share Access - [TICKET ID] - [NAME]. [NAME] ([COMPANY]A. [LOCATION]),Fileservice,unknown,unknown,,,,zenodo_it_support_tickets
1753,ZENODO_TRAIN_01362,Azure Logic Apps - License request (Please contact [NAME]),Azure Logic Apps - License request (Please contact [NAME]),Software,unknown,unknown,,,,zenodo_it_support_tickets
13756,ZENODO_TRAIN_01363,[SERVER],[SERVER],Software,unknown,unknown,,,,zenodo_it_support_tickets
1311,ZENODO_TRAIN_01364,[TICKET ID] - New Support Ticket received  - Not able to print to printer,[TICKET ID] - New Support Ticket received  - Not able to print to printer,Computer-Services,unknown,unknown,,,,zenodo_it_support_tickets
1484,ZENODO_TRAIN_01365,Shared Mailbox Access - [AWS_ACCESS_KEY] - [EMAIL],Shared Mailbox Access - [AWS_ACCESS_KEY] - [EMAIL],Support general,unknown,unknown,,,,zenodo_it_support_tickets
93,ZENODO_TRAIN_01366,Basis User - [TICKET ID] - [NAME].[NAME]([COMPANY]. [LOCATION])Service Request: Basis User     Create Windows account for internal user  [NAME].[NAME]([COMPANY]. [LOCATION])     Firstname:  [NAME]  La,Basis User - [TICKET ID] - [NAME].[NAME]([COMPANY]. [LOCATION])Service Request: Basis User     Create Windows account for internal user  [NAME].[NAME]([COMPANY]. [LOCATION])     Firstname:  [NAME]  Lastname:  [NAME]  Cost Center:  44288  Company: [COMPANY] S.A.  Department:  KW-[ADDRESS] a [ADDRESS] – [ADDRESS] Rural.  ZIP: [LOCATION][ADDRESS]  City:  [ADDRESS]  Country:  [ADDRESS]  Office:       Important: Please set the EA10 to the following value: 13741 (leave blank. when empty)  Please create Exchange and Skype account.  The user needs at least the following access permissions:  Access to [SOFTWARE] ([SERVER])  Requestor:  [NAME] ([COMPANY]. [LOCATION])     Desired date:  Jan 23 2019  3:00AM     Additional information:,Support general,unknown,unknown,,,,zenodo_it_support_tickets
2146,ZENODO_TRAIN_01367,File Share Access - [TICKET ID] - [NAME] ([COMPANY]A. [LOCATION]),File Share Access - [TICKET ID] - [NAME] ([COMPANY]A. [LOCATION]),Fileservice,unknown,unknown,,,,zenodo_it_support_tickets
896,ZENODO_TRAIN_01368,[TICKET ID] - New Support Ticket received  - Datos de Blackberry Work borrados,[TICKET ID] - New Support Ticket received  - Datos de Blackberry Work borrados,Support general,unknown,unknown,,,,zenodo_it_support_tickets
7588,ZENODO_TRAIN_01369,Configuração de pontoConfiguração de ponto top data viggia para guardas noturnos,Configuração de pontoConfiguração de ponto top data viggia para guardas noturnos,Software,unknown,unknown,,,,zenodo_it_support_tickets
4352,ZENODO_TRAIN_01370,Need access to the R drive,Need access to the R drive,Fileservice,unknown,unknown,,,,zenodo_it_support_tickets
1505,ZENODO_TRAIN_01371,Shared Mailbox Access - [AWS_ACCESS_KEY] - [EMAIL],Shared Mailbox Access - [AWS_ACCESS_KEY] - [EMAIL],Support general,unknown,unknown,,,,zenodo_it_support_tickets
14256,ZENODO_TRAIN_01372,sem acesso a gropo j,sem acesso a gropo j,Fileservice,unknown,unknown,,,,zenodo_it_support_tickets
10091,ZENODO_TRAIN_01373,Abteilungswechsel Postfachzugang [NAME] Für [NAME] Zugang entfernen.,Abteilungswechsel Postfachzugang [NAME] Für [NAME] Zugang entfernen.,Support general,unknown,unknown,,,,zenodo_it_support_tickets
1445,ZENODO_TRAIN_01374,urgent: create AD-account for [NAME],urgent: create AD-account for [NAME],Active Directory,unknown,unknown,,,,zenodo_it_support_tickets
2071,ZENODO_TRAIN_01375,File Share Access - [TICKET ID] - [NAME] ([COMPANY]. [LOCATION]),File Share Access - [TICKET ID] - [NAME] ([COMPANY]. [LOCATION]),Fileservice,unknown,unknown,,,,zenodo_it_support_tickets
1689,ZENODO_TRAIN_01376,File Share Access - [TICKET ID] - [NAME] ([COMPANY]A. [LOCATION]),File Share Access - [TICKET ID] - [NAME] ([COMPANY]A. [LOCATION]),Fileservice,unknown,unknown,,,,zenodo_it_support_tickets
2174,ZENODO_TRAIN_01377,File Share Access - [TICKET ID] - Portes [NAME] ([COMPANY]. [LOCATION]),File Share Access - [TICKET ID] - Portes [NAME] ([COMPANY]. [LOCATION]),Fileservice,unknown,unknown,,,,zenodo_it_support_tickets
1865,ZENODO_TRAIN_01378,File Share Access - [TICKET ID] - [ADDRESS] ([COMPANY]A. [LOCATION]),File Share Access - [TICKET ID] - [ADDRESS] ([COMPANY]A. [LOCATION]),Fileservice,unknown,unknown,,,,zenodo_it_support_tickets
1545,ZENODO_TRAIN_01379,File Share Access - [TICKET ID] - [NAME] ([COMPANY]A. [LOCATION]),File Share Access - [TICKET ID] - [NAME] ([COMPANY]A. [LOCATION]),Fileservice,unknown,unknown,,,,zenodo_it_support_tickets
648,ZENODO_TRAIN_01380,[TICKET ID] - A Support Ticket was forwarded to your role  - Email Box - [EMAIL] is not working,[TICKET ID] - A Support Ticket was forwarded to your role  - Email Box - [EMAIL] is not working,O365,unknown,unknown,,,,zenodo_it_support_tickets
792,ZENODO_TRAIN_01381,[TICKET ID] - A Support Ticket was forwarded to you  - Basis User - [USERNAME] - [NAME] ([COMPANY]. [LOCATION]),[TICKET ID] - A Support Ticket was forwarded to you  - Basis User - [USERNAME] - [NAME] ([COMPANY]. [LOCATION]),Active Directory,unknown,unknown,,,,zenodo_it_support_tickets
2007,ZENODO_TRAIN_01382,Shared Mailbox Access - [ADDRESS] - [EMAIL],Shared Mailbox Access - [ADDRESS] - [EMAIL],Support general,unknown,unknown,,,,zenodo_it_support_tickets
8351,ZENODO_TRAIN_01383,Email não está sincronizando no mobileEmail não está sincronizando no mobile,Email não está sincronizando no mobileEmail não está sincronizando no mobile,O365,unknown,unknown,,,,zenodo_it_support_tickets
7112,ZENODO_TRAIN_01384,File Share Access - [TICKET ID] - [NAME] ([COMPANY]. [LOCATION])Service Request: File Share Access     Grant access to file share for the following user:  [NAME] ([COMPANY]. [LOCATION]) (Username: [US,File Share Access - [TICKET ID] - [NAME] ([COMPANY]. [LOCATION])Service Request: File Share Access     Grant access to file share for the following user:  [NAME] ([COMPANY]. [LOCATION]) (Username: [USERNAME])  Access Type: (RO) Read only  File Share:    [SERVER]-[SERVER]-ONLY-RO       Requestor: [NAME] ([COMPANY]. [LOCATION])  Comment:,Fileservice,unknown,unknown,,,,zenodo_it_support_tickets
1904,ZENODO_TRAIN_01385,File Share Access - [TICKET ID] - [NAME] ([COMPANY]. [LOCATION]),File Share Access - [TICKET ID] - [NAME] ([COMPANY]. [LOCATION]),Fileservice,unknown,unknown,,,,zenodo_it_support_tickets
3665,ZENODO_TRAIN_01386,File Share Access - [TICKET ID] - [NAME] ([COMPANY]. [LOCATION])Service Request: File Share Access     Grant access to file share for the following user:  [NAME] ([COMPANY]. [LOCATION]) (Username: )  ,File Share Access - [TICKET ID] - [NAME] ([COMPANY]. [LOCATION])Service Request: File Share Access     Grant access to file share for the following user:  [NAME] ([COMPANY]. [LOCATION]) (Username: )  Access Type: (RW) Read / Write  File Share:  J:/[COMPANY]/HR/Lohnsteuerprüfung     Requestor: [NAME] ([COMPANY]. [LOCATION])  Comment:,Fileservice,unknown,unknown,,,,zenodo_it_support_tickets
1693,ZENODO_TRAIN_01387,File Share Access - [TICKET ID] - [ADDRESS] ([COMPANY]A. [LOCATION]),File Share Access - [TICKET ID] - [ADDRESS] ([COMPANY]A. [LOCATION]),Fileservice,unknown,unknown,,,,zenodo_it_support_tickets
246,ZENODO_TRAIN_01388,Unable to email [NAME] [EMAIL],Unable to email [NAME] [EMAIL],Support general,unknown,unknown,,,,zenodo_it_support_tickets
4595,ZENODO_TRAIN_01389,File Share Access - [TICKET ID] - [NAME]Service Request: File Share Access     Grant access to file share for the following user:  [NAME] (Username: [USERNAME])  Access Type: (RW) Read / Write  File S,File Share Access - [TICKET ID] - [NAME]Service Request: File Share Access     Grant access to file share for the following user:  [NAME] (Username: [USERNAME])  Access Type: (RW) Read / Write  File Share:  Hello I need Access to the following folder:   J:/[COMPANY]  Best regards. [NAME]     Requestor: [NAME]  Comment:  Hello I need access to the following order:  J:/[COMPANY]  Best regards. [NAME],Fileservice,unknown,unknown,,,,zenodo_it_support_tickets
1476,ZENODO_TRAIN_01390,Remove File Share Access - [TICKET ID] - Pintos. [NAME] ([COMPANY]. [LOCATION]),Remove File Share Access - [TICKET ID] - Pintos. [NAME] ([COMPANY]. [LOCATION]),Fileservice,unknown,unknown,,,,zenodo_it_support_tickets
1409,ZENODO_TRAIN_01391,Decision for Order required: #[TICKET ID] - Install request,Decision for Order required: #[TICKET ID] - Install request,Software,unknown,unknown,,,,zenodo_it_support_tickets
2316,ZENODO_TRAIN_01392,Shared Mailbox Access - [TICKET ID] - [EMAIL],Shared Mailbox Access - [TICKET ID] - [EMAIL],Support general,unknown,unknown,,,,zenodo_it_support_tickets
9203,ZENODO_TRAIN_01393,The following system must be set to End Of Life in Nexthink and checked for[LOCATION]reservations:  [SERVER]  -Automated ticket creation-Please remove the system from Nexthink according to the[LOCATIO,The following system must be set to End Of Life in Nexthink and checked for[LOCATION]reservations:  [SERVER]  -Automated ticket creation-Please remove the system from Nexthink according to the[LOCATION]process and please verify if any[LOCATION]reservations exist. If yes. please remove reservations and note down the corresponding IP(s) and inform [COMPANY] network team to remove firewall rules if there are any.,EOL,unknown,unknown,,,,zenodo_it_support_tickets
4800,ZENODO_TRAIN_01394,File Share Access - [TICKET ID] - [NAME] ([COMPANY]. [LOCATION])Service Request: File Share Access     Grant access to file share for the following user:  [NAME] ([COMPANY]. [LOCATION]) (Username: [US,File Share Access - [TICKET ID] - [NAME] ([COMPANY]. [LOCATION])Service Request: File Share Access     Grant access to file share for the following user:  [NAME] ([COMPANY]. [LOCATION]) (Username: [USERNAME])  Access Type: (RW) Read / Write  File Share:      J:/CE-STA/      please create the folder if it does not yet exist and give R/W access for this and all subfolders.        Requestor: [NAME] ([COMPANY]. [LOCATION])  Comment:,Fileservice,unknown,unknown,,,,zenodo_it_support_tickets
1880,ZENODO_TRAIN_01395,Shared Mailbox Access - [ADDRESS] - [EMAIL],Shared Mailbox Access - [ADDRESS] - [EMAIL],Support general,unknown,unknown,,,,zenodo_it_support_tickets
10406,ZENODO_TRAIN_01396,ActiveDirectory Sites and Services needs to be adjusted for [LOCATION],ActiveDirectory Sites and Services needs to be adjusted for [LOCATION],Software,unknown,unknown,,,,zenodo_it_support_tickets
2192,ZENODO_TRAIN_01397,Shared Mailbox Access - [TICKET ID] - [EMAIL],Shared Mailbox Access - [TICKET ID] - [EMAIL],Support general,unknown,unknown,,,,zenodo_it_support_tickets
1154,ZENODO_TRAIN_01398,[TICKET ID] - New Support Ticket received  - Install Dell[LOCATION]Connection,[TICKET ID] - New Support Ticket received  - Install Dell[LOCATION]Connection,Support general,unknown,unknown,,,,zenodo_it_support_tickets
10581,ZENODO_TRAIN_01399,[COMPANY] Logo on email signatures is not appropriately sized on return emails,[COMPANY] Logo on email signatures is not appropriately sized on return emails,Support general,unknown,unknown,,,,zenodo_it_support_tickets
855,ZENODO_TRAIN_01400,[TICKET ID] - New Support Ticket received  - Mail en el Celular Samsung J7,[TICKET ID] - New Support Ticket received  - Mail en el Celular Samsung J7,Support general,unknown,unknown,,,,zenodo_it_support_tickets
2036,ZENODO_TRAIN_01401,File Share Access - [TICKET ID] - [NAME] ([COMPANY]A. [LOCATION]),File Share Access - [TICKET ID] - [NAME] ([COMPANY]A. [LOCATION]),Fileservice,unknown,unknown,,,,zenodo_it_support_tickets
1651,ZENODO_TRAIN_01402,File Share Access - [TICKET ID] - [NAME] ([COMPANY]A. [LOCATION]),File Share Access - [TICKET ID] - [NAME] ([COMPANY]A. [LOCATION]),Fileservice,unknown,unknown,,,,zenodo_it_support_tickets
1741,ZENODO_TRAIN_01403,Shared Mailbox Access - [ADDRESS] - [EMAIL],Shared Mailbox Access - [ADDRESS] - [EMAIL],Support general,unknown,unknown,,,,zenodo_it_support_tickets
2045,ZENODO_TRAIN_01404,File Share Access - [TICKET ID] - [NAME] ([COMPANY]A. [LOCATION]),File Share Access - [TICKET ID] - [NAME] ([COMPANY]A. [LOCATION]),Fileservice,unknown,unknown,,,,zenodo_it_support_tickets
1762,ZENODO_TRAIN_01405,File Share Access - [TICKET ID] - [NAME] ([COMPANY]A. [LOCATION]),File Share Access - [TICKET ID] - [NAME] ([COMPANY]A. [LOCATION]),Fileservice,unknown,unknown,,,,zenodo_it_support_tickets
777,ZENODO_TRAIN_01406,[TICKET ID] - A Support Ticket was forwarded to your role  - No Access to [COMPANY] @All WebMag with Chrome,[TICKET ID] - A Support Ticket was forwarded to your role  - No Access to [COMPANY] @All WebMag with Chrome,Support general,unknown,unknown,,,,zenodo_it_support_tickets
8214,ZENODO_TRAIN_01407,Initiated by [COMPANY][LOCATION]- Vulnerable Internet Explorere on [SERVER],Initiated by [COMPANY][LOCATION]- Vulnerable Internet Explorere on [SERVER],Software,unknown,unknown,,,,zenodo_it_support_tickets
1161,ZENODO_TRAIN_01408,[TICKET ID] - New Support Ticket received  - very frequent crashes  of Google chrome browser,[TICKET ID] - New Support Ticket received  - very frequent crashes  of Google chrome browser,Software,unknown,unknown,,,,zenodo_it_support_tickets
10270,ZENODO_TRAIN_01409,Initiated by GIT: Missing connection to all securitytools on system [LOCATION]-TMP03,Initiated by GIT: Missing connection to all securitytools on system [LOCATION]-TMP03,Software,unknown,unknown,,,,zenodo_it_support_tickets
988,ZENODO_TRAIN_01410,[TICKET ID] - New Support Ticket received  - no skype connection,[TICKET ID] - New Support Ticket received  - no skype connection,O365,unknown,unknown,,,,zenodo_it_support_tickets
8652,ZENODO_TRAIN_01411,files in ... J:/ZRPMEXIM/MB/BS_raw_data ... deleted by mistake ... backup of all file from that directory needed night 3-4.2.2020,files in ... J:/ZRPMEXIM/MB/BS_raw_data ... deleted by mistake ... backup of all file from that directory needed night 3-4.2.2020,Fileservice,unknown,unknown,,,,zenodo_it_support_tickets
919,ZENODO_TRAIN_01412,[TICKET ID] - New Support Ticket received  - Garmin Install,[TICKET ID] - New Support Ticket received  - Garmin Install,Software,unknown,unknown,,,,zenodo_it_support_tickets
314,ZENODO_TRAIN_01413,[TICKET ID] - New Support Ticket received  - Basis User - [USERNAME] - Peta. [NAME] ([COMPANY]. [LOCATION]),[TICKET ID] - New Support Ticket received  - Basis User - [USERNAME] - Peta. [NAME] ([COMPANY]. [LOCATION]),Support general,unknown,unknown,,,,zenodo_it_support_tickets
613,ZENODO_TRAIN_01414,[TICKET ID] - New Support Ticket received  - Basis User - [USERNAME] - [NAME]. [NAME] ([COMPANY]. [LOCATION]),[TICKET ID] - New Support Ticket received  - Basis User - [USERNAME] - [NAME]. [NAME] ([COMPANY]. [LOCATION]),Support general,unknown,unknown,,,,zenodo_it_support_tickets
13763,ZENODO_TRAIN_01415,Basis User - [USERNAME] - [NAME]. [NAME] ([COMPANY]. [LOCATION])Service Request: Basis User     Create Windows account for internal user  [USERNAME]. [NAME] ([COMPANY]. [LOCATION])     Firstname:  [NA,Basis User - [USERNAME] - [NAME]. [NAME] ([COMPANY]. [LOCATION])Service Request: Basis User     Create Windows account for internal user  [USERNAME]. [NAME] ([COMPANY]. [LOCATION])     Firstname:  [NAME]  Lastname:  [NAME]  Cost Center:  44278  Company:  [COMPANY] Momont Recherche  Department:  [ADDRESS]  City:  [ADDRESS]  Country:    Office:       Important: Please set the EA10 to the following value: 11140 (leave blank. when empty)  Please create Exchange and Skype account.  The user needs at least the following access permissions:  Access to [SOFTWARE] ([SERVER])  Requestor:  [NAME] ([COMPANY]. [LOCATION])     Desired date:  Jan 10 2019 12:00AM     Additional information:,Support general,unknown,unknown,,,,zenodo_it_support_tickets
1830,ZENODO_TRAIN_01416,Shared Mailbox Access - [ADDRESS] - [EMAIL],Shared Mailbox Access - [ADDRESS] - [EMAIL],Support general,unknown,unknown,,,,zenodo_it_support_tickets
4056,ZENODO_TRAIN_01417,eMail configuration for Salesforce,eMail configuration for Salesforce,Support general,unknown,unknown,,,,zenodo_it_support_tickets
1542,ZENODO_TRAIN_01418,Remove File Share Access - [TICKET ID] - [NAME] ([COMPANY]A. [LOCATION]),Remove File Share Access - [TICKET ID] - [NAME] ([COMPANY]A. [LOCATION]),Fileservice,unknown,unknown,,,,zenodo_it_support_tickets
949,ZENODO_TRAIN_01419,[TICKET ID] - New Support Ticket received  - Instalaçãoe permissão para utilizar o SID,[TICKET ID] - New Support Ticket received  - Instalaçãoe permissão para utilizar o SID,Software,unknown,unknown,,,,zenodo_it_support_tickets
1067,ZENODO_TRAIN_01420,[TICKET ID] - New Support Ticket received  - Bloqueio e cancelamento de usuário - Wanderson [NAME],[TICKET ID] - New Support Ticket received  - Bloqueio e cancelamento de usuário - Wanderson [NAME],Active Directory,unknown,unknown,,,,zenodo_it_support_tickets
1585,ZENODO_TRAIN_01421,File Share Access - [TICKET ID] - [NAME] ([COMPANY]-[PASSWORD]. [LOCATION]),File Share Access - [TICKET ID] - [NAME] ([COMPANY]-[PASSWORD]. [LOCATION]),Fileservice,unknown,unknown,,,,zenodo_it_support_tickets
606,ZENODO_TRAIN_01422,[TICKET ID] - A Support Ticket was forwarded to your role  - Create Shared Mailbox,[TICKET ID] - A Support Ticket was forwarded to your role  - Create Shared Mailbox,O365,unknown,unknown,,,,zenodo_it_support_tickets
645,ZENODO_TRAIN_01423,[TICKET ID] - New Support Ticket received  - Basis User - [USERNAME] -,[TICKET ID] - New Support Ticket received  - Basis User - [USERNAME] -,Support general,unknown,unknown,,,,zenodo_it_support_tickets
1975,ZENODO_TRAIN_01424,File Share Access - [TICKET ID] - [NAME] ([COMPANY]A. [LOCATION]),File Share Access - [TICKET ID] - [NAME] ([COMPANY]A. [LOCATION]),Fileservice,unknown,unknown,,,,zenodo_it_support_tickets
6245,ZENODO_TRAIN_01425,DNS removal - [SERVER]4 & [SERVER]5Hi.  Could you please remove the following[LOCATION]records and any subsequent records (e.g. PTR):  - [SERVER]4.[COMPANY]up.ads.dir  - [SERVER]5.[COMPANY]up.ads.dir ,DNS removal - [SERVER]4 & [SERVER]5Hi.  Could you please remove the following[LOCATION]records and any subsequent records (e.g. PTR):  - [SERVER]4.[COMPANY]up.ads.dir  - [SERVER]5.[COMPANY]up.ads.dir  Please do not go through [COMPANY] when this is done. I can validate this myself.  Thank you in advance.  [NAME],Support general,unknown,unknown,,,,zenodo_it_support_tickets
14299,ZENODO_TRAIN_01426,The following system must be set to End Of Life in Nexthink and checked for[LOCATION]reservations:  [SERVER]  -Automated ticket creation-Please remove the system from Nexthink according to the[LOCATIO,The following system must be set to End Of Life in Nexthink and checked for[LOCATION]reservations:  [SERVER]  -Automated ticket creation-Please remove the system from Nexthink according to the[LOCATION]process and please verify if any[LOCATION]reservations exist. If yes. please remove reservations and note down the corresponding IP(s) and inform [COMPANY] network team to remove firewall rules if there are any.,EOL,unknown,unknown,,,,zenodo_it_support_tickets
1313,ZENODO_TRAIN_01427,[TICKET ID] - check_mk SD Hostalarm: ([SERVER]) [COMPANY] LS Site2Site[LOCATION]- UP -> DOWN. Rückmeldungen erforderlich.,[TICKET ID] - check_mk SD Hostalarm: ([SERVER]) [COMPANY] LS Site2Site[LOCATION]- UP -> DOWN. Rückmeldungen erforderlich.,Support general,unknown,unknown,,,,zenodo_it_support_tickets
695,ZENODO_TRAIN_01428,[TICKET ID] - A Support Ticket was forwarded to your role  - Wrong email address,[TICKET ID] - A Support Ticket was forwarded to your role  - Wrong email address,O365,unknown,unknown,,,,zenodo_it_support_tickets
1235,ZENODO_TRAIN_01429,[TICKET ID] - New Support Ticket received  - Computador Backup para Viagens,[TICKET ID] - New Support Ticket received  - Computador Backup para Viagens,Support general,unknown,unknown,,,,zenodo_it_support_tickets
2046,ZENODO_TRAIN_01430,Create Shared Mailbox - [EMAIL] - GTC-TX,Create Shared Mailbox - [EMAIL] - GTC-TX,Support general,unknown,unknown,,,,zenodo_it_support_tickets
9792,ZENODO_TRAIN_01431,Light User - [USERNAME] -Service Request: Light User  Create Light user for      Firstname: [NAME]  Lastname: [NAME]  Cost Center: 47046  Company: [COMPANY] India Private Limited  Department: GIT-[ADD,Light User - [USERNAME] -Service Request: Light User  Create Light user for      Firstname: [NAME]  Lastname: [NAME]  Cost Center: 47046  Company: [COMPANY] India Private Limited  Department: GIT-[ADDRESS]  ZIP: [ADDRESS]  City: [ADDRESS]  Country: Germany  Office:      Important: Please set the EA10 to the following value: [EMAIL] (leave blank. when empty)     Desired date: Aug 30 2018 12:00AM     Requestor: [NAME] ([COMPANY]. [LOCATION])     Additional information:,Active Directory,unknown,unknown,,,,zenodo_it_support_tickets
907,ZENODO_TRAIN_01432,[TICKET ID] - New Support Ticket received  - Acesso VPN,[TICKET ID] - New Support Ticket received  - Acesso VPN,Support general,unknown,unknown,,,,zenodo_it_support_tickets
3210,ZENODO_TRAIN_01433,Forwarding Emails,Forwarding Emails,Support general,unknown,unknown,,,,zenodo_it_support_tickets
16,ZENODO_TRAIN_01434,urgent- cant receive mails from [EMAIL] into mailbox [EMAIL]we have to receive orders from our webshop [URL] in mailbox [EMAIL] from mailaddress [EMAIL]. unfortunately it seems like our system block a,urgent- cant receive mails from [EMAIL] into mailbox [EMAIL]we have to receive orders from our webshop [URL] in mailbox [EMAIL] from mailaddress [EMAIL]. unfortunately it seems like our system block all mails from [EMAIL].   Can you please approve this mail address urgently today. important because we need to make webshop tests before launching the webpage on Monday.    thanks. and please call me on [PHONE] if you have any questions. please also confirm to me asap this issue is solved.    [NAME],Support general,unknown,unknown,,,,zenodo_it_support_tickets
785,ZENODO_TRAIN_01435,[TICKET ID] - New information received on closed ticket  - Criar acesso utilizando o Skype Meeting - Calendar,[TICKET ID] - New information received on closed ticket  - Criar acesso utilizando o Skype Meeting - Calendar,O365,unknown,unknown,,,,zenodo_it_support_tickets
5255,ZENODO_TRAIN_01436,File Share Access - [TICKET ID] - [NAME] ([COMPANY]. [LOCATION])Service Request: File Share Access     Grant access to file share for the following user:  [NAME] ([COMPANY]. [LOCATION]) (Username: [US,File Share Access - [TICKET ID] - [NAME] ([COMPANY]. [LOCATION])Service Request: File Share Access     Grant access to file share for the following user:  [NAME] ([COMPANY]. [LOCATION]) (Username: [USERNAME])  Access Type: (RW) Read / Write  File Share:  Please. provide me with assess to Server Link: GROUP (J:) with all relevant Folders and Dates. The same assess as by [NAME] ([COMPANY]. [LOCATION])     Requestor: [NAME] ([COMPANY]. [LOCATION])  Comment:,Fileservice,unknown,unknown,,,,zenodo_it_support_tickets
2489,ZENODO_TRAIN_01437,access to [EMAIL],access to [EMAIL],Support general,unknown,unknown,,,,zenodo_it_support_tickets
2304,ZENODO_TRAIN_01438,Shared Mailbox Access - [TICKET ID] - [EMAIL],Shared Mailbox Access - [TICKET ID] - [EMAIL],Support general,unknown,unknown,,,,zenodo_it_support_tickets
897,ZENODO_TRAIN_01439,[TICKET ID] - New Support Ticket received  - outlook,[TICKET ID] - New Support Ticket received  - outlook,O365,unknown,unknown,,,,zenodo_it_support_tickets
365,ZENODO_TRAIN_01440,[TICKET ID] - New Support Ticket received  - [LOCATION]Eintrag für[LOCATION]Server,[TICKET ID] - New Support Ticket received  - [LOCATION]Eintrag für[LOCATION]Server,Support general,unknown,unknown,,,,zenodo_it_support_tickets
1846,ZENODO_TRAIN_01441,File Share Access - [TICKET ID] - [NAME] ([COMPANY]A. [LOCATION]),File Share Access - [TICKET ID] - [NAME] ([COMPANY]A. [LOCATION]),Fileservice,unknown,unknown,,,,zenodo_it_support_tickets
1744,ZENODO_TRAIN_01442,need access to public folder,need access to public folder,Fileservice,unknown,unknown,,,,zenodo_it_support_tickets
1410,ZENODO_TRAIN_01443,Decision for Order required: #[TICKET ID] - Install request,Decision for Order required: #[TICKET ID] - Install request,Software,unknown,unknown,,,,zenodo_it_support_tickets
9091,ZENODO_TRAIN_01444,Acesso pastas da rede,Acesso pastas da rede,Fileservice,unknown,unknown,,,,zenodo_it_support_tickets
2166,ZENODO_TRAIN_01445,File Share Access - [TICKET ID] - [NAME] ([COMPANY]A. [LOCATION]),File Share Access - [TICKET ID] - [NAME] ([COMPANY]A. [LOCATION]),Fileservice,unknown,unknown,,,,zenodo_it_support_tickets
1635,ZENODO_TRAIN_01446,File Share Access - [TICKET ID] - [NAME] ([COMPANY]A. External),File Share Access - [TICKET ID] - [NAME] ([COMPANY]A. External),Fileservice,unknown,unknown,,,,zenodo_it_support_tickets
1633,ZENODO_TRAIN_01447,File Share Access - [TICKET ID] - [NAME] ([COMPANY]A. [LOCATION]),File Share Access - [TICKET ID] - [NAME] ([COMPANY]A. [LOCATION]),Fileservice,unknown,unknown,,,,zenodo_it_support_tickets
2035,ZENODO_TRAIN_01448,File Share Access - [TICKET ID] - [NAME] ([COMPANY]A. [LOCATION]),File Share Access - [TICKET ID] - [NAME] ([COMPANY]A. [LOCATION]),Fileservice,unknown,unknown,,,,zenodo_it_support_tickets
654,ZENODO_TRAIN_01449,[TICKET ID] - New Support Ticket received  - Basis User - [USERNAME] -,[TICKET ID] - New Support Ticket received  - Basis User - [USERNAME] -,Support general,unknown,unknown,,,,zenodo_it_support_tickets
11543,ZENODO_TRAIN_01450,Initiated by GIT: Missing connection to all securitytools on system [SERVER],Initiated by GIT: Missing connection to all securitytools on system [SERVER],Software,unknown,unknown,,,,zenodo_it_support_tickets
1769,ZENODO_TRAIN_01451,Shared Mailbox Access - [AWS_ACCESS_KEY] - [EMAIL],Shared Mailbox Access - [AWS_ACCESS_KEY] - [EMAIL],Support general,unknown,unknown,,,,zenodo_it_support_tickets
1455,ZENODO_TRAIN_01452,Please setup various site collections with template communication website (Thema) and map it to IMS-Hub.,Please setup various site collections with template communication website (Thema) and map it to IMS-Hub.,Software,unknown,unknown,,,,zenodo_it_support_tickets
1827,ZENODO_TRAIN_01453,File Share Access - [TICKET ID] - [NAME] ([COMPANY]A. [LOCATION]),File Share Access - [TICKET ID] - [NAME] ([COMPANY]A. [LOCATION]),Fileservice,unknown,unknown,,,,zenodo_it_support_tickets
1852,ZENODO_TRAIN_01454,File Share Access - [TICKET ID] - [NAME] ([COMPANY]. [LOCATION]),File Share Access - [TICKET ID] - [NAME] ([COMPANY]. [LOCATION]),Fileservice,unknown,unknown,,,,zenodo_it_support_tickets
1764,ZENODO_TRAIN_01455,check_mk SD Hostalarm: ([SERVER]) [COMPANY] LS Site2Site[LOCATION]- UP -> DOWN,check_mk SD Hostalarm: ([SERVER]) [COMPANY] LS Site2Site[LOCATION]- UP -> DOWN,Support general,unknown,unknown,,,,zenodo_it_support_tickets
971,ZENODO_TRAIN_01456,[TICKET ID] - New Support Ticket received  - Britos LapTop,[TICKET ID] - New Support Ticket received  - Britos LapTop,Computer-Services,unknown,unknown,,,,zenodo_it_support_tickets
1178,ZENODO_TRAIN_01457,[TICKET ID] - New Support Ticket received  - Skype audio/video,[TICKET ID] - New Support Ticket received  - Skype audio/video,O365,unknown,unknown,,,,zenodo_it_support_tickets
7738,ZENODO_TRAIN_01458,Instalação de Impresora,Instalação de Impresora,Computer-Services,unknown,unknown,,,,zenodo_it_support_tickets
3580,ZENODO_TRAIN_01459,The following system must be set to End Of Life in Nexthink and checked for[LOCATION]reservations:  [SERVER]  -Automated ticket creation-Please remove the system from Nexthink according to the[LOCATIO,The following system must be set to End Of Life in Nexthink and checked for[LOCATION]reservations:  [SERVER]  -Automated ticket creation-Please remove the system from Nexthink according to the[LOCATION]process and please verify if any[LOCATION]reservations exist. If yes. please remove reservations and note down the corresponding IP(s) and inform [COMPANY] network team to remove firewall rules if there are any.,EOL,unknown,unknown,,,,zenodo_it_support_tickets
1554,ZENODO_TRAIN_01460,File Share Access - [TICKET ID] - [NAME] ([COMPANY]-[PASSWORD]. [LOCATION]),File Share Access - [TICKET ID] - [NAME] ([COMPANY]-[PASSWORD]. [LOCATION]),Fileservice,unknown,unknown,,,,zenodo_it_support_tickets
1316,ZENODO_TRAIN_01461,File Share Access - [TICKET ID] - [NAME] ([COMPANY]. [LOCATION])Service Request: File Share Access     Grant access to file share for the following user:  [NAME] ([COMPANY]. [LOCATION]) (Username: [US,File Share Access - [TICKET ID] - [NAME] ([COMPANY]. [LOCATION])Service Request: File Share Access     Grant access to file share for the following user:  [NAME] ([COMPANY]. [LOCATION]) (Username: [USERNAME])  Access Type: (RW) Read / Write  File Share:  J:/LiveDok     Requestor: [NAME] ([COMPANY]. [LOCATION])  Comment:,Fileservice,unknown,unknown,,,,zenodo_it_support_tickets
2019,ZENODO_TRAIN_01462,File Share Access - [TICKET ID] - [NAME] ([COMPANY]A. [LOCATION]),File Share Access - [TICKET ID] - [NAME] ([COMPANY]A. [LOCATION]),Fileservice,unknown,unknown,,,,zenodo_it_support_tickets
2312,ZENODO_TRAIN_01463,File Share Access - [TICKET ID] - [NAME] ([COMPANY]A. [LOCATION]),File Share Access - [TICKET ID] - [NAME] ([COMPANY]A. [LOCATION]),Fileservice,unknown,unknown,,,,zenodo_it_support_tickets
1252,ZENODO_TRAIN_01464,[TICKET ID] - New Support Ticket received  - configuracion de nuevo equipo,[TICKET ID] - New Support Ticket received  - configuracion de nuevo equipo,Support general,unknown,unknown,,,,zenodo_it_support_tickets
7100,ZENODO_TRAIN_01465,Email encryption,Email encryption,Support general,unknown,unknown,,,,zenodo_it_support_tickets
1662,ZENODO_TRAIN_01466,File Share Access - [TICKET ID] - [NAME] ([COMPANY]A. [LOCATION]),File Share Access - [TICKET ID] - [NAME] ([COMPANY]A. [LOCATION]),Fileservice,unknown,unknown,,,,zenodo_it_support_tickets
1246,ZENODO_TRAIN_01467,[TICKET ID] - New Support Ticket received  - Caterpillar phone,[TICKET ID] - New Support Ticket received  - Caterpillar phone,Support general,unknown,unknown,,,,zenodo_it_support_tickets
639,ZENODO_TRAIN_01468,[TICKET ID] - A Support Ticket was forwarded to your role  - Possibility to send emails from [EMAIL] on behalf of [EMAIL].,[TICKET ID] - A Support Ticket was forwarded to your role  - Possibility to send emails from [EMAIL] on behalf of [EMAIL].,O365,unknown,unknown,,,,zenodo_it_support_tickets
5905,ZENODO_TRAIN_01469,Replacement Printer Network Set up,Replacement Printer Network Set up,Computer-Services,unknown,unknown,,,,zenodo_it_support_tickets
3248,ZENODO_TRAIN_01470,Initiated by [COMPANY][LOCATION]- Vulnerable Internet Explorer on [SERVER],Initiated by [COMPANY][LOCATION]- Vulnerable Internet Explorer on [SERVER],Software,unknown,unknown,,,,zenodo_it_support_tickets
1390,ZENODO_TRAIN_01471,[TICKET ID] - New Support Ticket received  - problema con activacion de office,[TICKET ID] - New Support Ticket received  - problema con activacion de office,O365,unknown,unknown,,,,zenodo_it_support_tickets
618,ZENODO_TRAIN_01472,[TICKET ID] - New information received on closed ticket  - File Share Access - [TICKET ID] - [NAME] ([COMPANY]. [LOCATION]),[TICKET ID] - New information received on closed ticket  - File Share Access - [TICKET ID] - [NAME] ([COMPANY]. [LOCATION]),Fileservice,unknown,unknown,,,,zenodo_it_support_tickets
996,ZENODO_TRAIN_01473,[TICKET ID] - New Support Ticket received  - Relatorio desconfigurado de credito devolução ao transferir para o excel,[TICKET ID] - New Support Ticket received  - Relatorio desconfigurado de credito devolução ao transferir para o excel,O365,unknown,unknown,,,,zenodo_it_support_tickets
1342,ZENODO_TRAIN_01474,[TICKET ID] - New Support Ticket received  - Não está sendo possível entrar no Skype,[TICKET ID] - New Support Ticket received  - Não está sendo possível entrar no Skype,O365,unknown,unknown,,,,zenodo_it_support_tickets
1062,ZENODO_TRAIN_01475,[TICKET ID] - New Support Ticket received  - usuario bloqueado,[TICKET ID] - New Support Ticket received  - usuario bloqueado,Active Directory,unknown,unknown,,,,zenodo_it_support_tickets
992,ZENODO_TRAIN_01476,[TICKET ID] - New Support Ticket received  - need to install printer drivers on my laptop using Covo printers,[TICKET ID] - New Support Ticket received  - need to install printer drivers on my laptop using Covo printers,Computer-Services,unknown,unknown,,,,zenodo_it_support_tickets
2907,ZENODO_TRAIN_01477,Acesso as Pastas da Rede,Acesso as Pastas da Rede,Fileservice,unknown,unknown,,,,zenodo_it_support_tickets
3972,ZENODO_TRAIN_01478,Instalção de [COMPANY]ulo de segurança,Instalção de [COMPANY]ulo de segurança,Software,unknown,unknown,,,,zenodo_it_support_tickets
755,ZENODO_TRAIN_01479,[TICKET ID] - New Support Ticket received  - Basis User - [USERNAME] - [NAME] ([COMPANY]. [LOCATION]),[TICKET ID] - New Support Ticket received  - Basis User - [USERNAME] - [NAME] ([COMPANY]. [LOCATION]),Support general,unknown,unknown,,,,zenodo_it_support_tickets
2231,ZENODO_TRAIN_01480,Remove File Share Access - [TICKET ID] - [NAME] ([COMPANY]A. [LOCATION]),Remove File Share Access - [TICKET ID] - [NAME] ([COMPANY]A. [LOCATION]),Fileservice,unknown,unknown,,,,zenodo_it_support_tickets
3433,ZENODO_TRAIN_01481,The following system must be set to End Of Life in Nexthink and checked for[LOCATION]reservations:  [SERVER]  -Automated ticket creation-Please remove the system from Nexthink according to the[LOCATIO,The following system must be set to End Of Life in Nexthink and checked for[LOCATION]reservations:  [SERVER]  -Automated ticket creation-Please remove the system from Nexthink according to the[LOCATION]process and please verify if any[LOCATION]reservations exist. If yes. please remove reservations and note down the corresponding IP(s) and inform [COMPANY] network team to remove firewall rules if there are any.,EOL,unknown,unknown,,,,zenodo_it_support_tickets
8165,ZENODO_TRAIN_01482,Configure DFS-RHello.  We will migrate the file server [SERVER] to [SERVER] tomorrow. Can you configure the DFS-R for this new server. please.  Kind Regards,Configure DFS-RHello.  We will migrate the file server [SERVER] to [SERVER] tomorrow. Can you configure the DFS-R for this new server. please.  Kind Regards,Fileservice,unknown,unknown,,,,zenodo_it_support_tickets
11607,ZENODO_TRAIN_01483,The following system must be set to End Of Life in Nexthink and checked for[LOCATION]reservations:  [SERVER]  -Automated ticket creation-Please remove the system from Nexthink according to the[LOCATIO,The following system must be set to End Of Life in Nexthink and checked for[LOCATION]reservations:  [SERVER]  -Automated ticket creation-Please remove the system from Nexthink according to the[LOCATION]process and please verify if any[LOCATION]reservations exist. If yes. please remove reservations and note down the corresponding IP(s) and inform [COMPANY] network team to remove firewall rules if there are any.,EOL,unknown,unknown,,,,zenodo_it_support_tickets
918,ZENODO_TRAIN_01484,[TICKET ID] - New Support Ticket received  - Rede External,[TICKET ID] - New Support Ticket received  - Rede External,Support general,unknown,unknown,,,,zenodo_it_support_tickets
709,ZENODO_TRAIN_01485,[PASSWORD] - A Support Ticket was forwarded to your role  -[LOCATION]Passwort Reset,[PASSWORD] - A Support Ticket was forwarded to your role  -[LOCATION]Passwort Reset,Support general,unknown,unknown,,,,zenodo_it_support_tickets
2291,ZENODO_TRAIN_01486,File Share Access - [TICKET ID] - [NAME] ([COMPANY]A. [LOCATION]),File Share Access - [TICKET ID] - [NAME] ([COMPANY]A. [LOCATION]),Fileservice,unknown,unknown,,,,zenodo_it_support_tickets
11419,ZENODO_TRAIN_01487,E-mail Desconectado,E-mail Desconectado,Support general,unknown,unknown,,,,zenodo_it_support_tickets
5904,ZENODO_TRAIN_01488,The following system must be set to End Of Life in Nexthink and checked for[LOCATION]reservations:  [SERVER]  -Automated ticket creation-Please remove the system from Nexthink according to the[LOCATIO,The following system must be set to End Of Life in Nexthink and checked for[LOCATION]reservations:  [SERVER]  -Automated ticket creation-Please remove the system from Nexthink according to the[LOCATION]process and please verify if any[LOCATION]reservations exist. If yes. please remove reservations and note down the corresponding IP(s) and inform [COMPANY] network team to remove firewall rules if there are any.,EOL,unknown,unknown,,,,zenodo_it_support_tickets
240,ZENODO_TRAIN_01489,[TICKET ID] - New Support Ticket received  -[LOCATION]Change,[TICKET ID] - New Support Ticket received  -[LOCATION]Change,Support general,unknown,unknown,,,,zenodo_it_support_tickets
958,ZENODO_TRAIN_01490,[TICKET ID] - New Support Ticket received  - Skype Instável - Multiplos usuários,[TICKET ID] - New Support Ticket received  - Skype Instável - Multiplos usuários,O365,unknown,unknown,,,,zenodo_it_support_tickets
768,ZENODO_TRAIN_01491,[TICKET ID] - New Support Ticket received  - File Share Access - [TICKET ID] - [NAME] ([COMPANY]. [LOCATION]),[TICKET ID] - New Support Ticket received  - File Share Access - [TICKET ID] - [NAME] ([COMPANY]. [LOCATION]),Fileservice,unknown,unknown,,,,zenodo_it_support_tickets
1461,ZENODO_TRAIN_01492,Questback[LOCATION](Sender Policy Framework),Questback[LOCATION](Sender Policy Framework),Software,unknown,unknown,,,,zenodo_it_support_tickets
488,ZENODO_TRAIN_01493,Internet por cable lento. No conecta a internet explorer ni chrome,Internet por cable lento. No conecta a internet explorer ni chrome,Support general,unknown,unknown,,,,zenodo_it_support_tickets
8761,ZENODO_TRAIN_01494,Basis User - [TICKET ID] -Service Request: Basis User     Create Windows account for internal user       Firstname:  [NAME]  Lastname:  [USERNAME]  Cost Center:  174447  Company:    Department:  [LOCA,Basis User - [TICKET ID] -Service Request: Basis User     Create Windows account for internal user       Firstname:  [NAME]  Lastname:  [USERNAME]  Cost Center:  174447  Company:    Department:  [LOCATION]  Street:    ZIP:    City:    Country:  [ADDRESS]  Office:       Important: Please set the EA10 to the following value: 13720 (leave blank. when empty)  Please create Exchange and Skype account.  The user needs at least the following access permissions:  (RW) H:/%username%  (RO) J:/Auftrag  (RW) J:/Info  (RW) J:/Transfer  (RO) J:/Vorlagen  Access to [COMPANY] intranet  Access to [SOFTWARE] ([SERVER])  Requestor:  [NAME] ([COMPANY]. [LOCATION])     Desired date:  Jan 31 2019 12:00AM     Additional information:   Starter 01.02.2019,Support general,unknown,unknown,,,,zenodo_it_support_tickets
1940,ZENODO_TRAIN_01495,Create Shared Mailbox - [EMAIL] - Projektemail Adresse [EMAIL],Create Shared Mailbox - [EMAIL] - Projektemail Adresse [EMAIL],Support general,unknown,unknown,,,,zenodo_it_support_tickets
1031,ZENODO_TRAIN_01496,[TICKET ID] - New Support Ticket received  - Cannot access [COMPANY] intranet,[TICKET ID] - New Support Ticket received  - Cannot access [COMPANY] intranet,Support general,unknown,unknown,,,,zenodo_it_support_tickets
1214,ZENODO_TRAIN_01497,[TICKET ID] - A Support Ticket was forwarded to your role  - Initiated by [COMPANY][LOCATION]- Vulnerable Internet Explorer on [SERVER]-[NAME],[TICKET ID] - A Support Ticket was forwarded to your role  - Initiated by [COMPANY][LOCATION]- Vulnerable Internet Explorer on [SERVER]-[NAME],Support general,unknown,unknown,,,,zenodo_it_support_tickets
6192,ZENODO_TRAIN_01498,USB-C port not working,USB-C port not working,Computer-Services,unknown,unknown,,,,zenodo_it_support_tickets
5708,ZENODO_TRAIN_01499,Initiated by [COMPANY][LOCATION]- Vulnerable Internet Explorere on [SERVER],Initiated by [COMPANY][LOCATION]- Vulnerable Internet Explorere on [SERVER],Software,unknown,unknown,,,,zenodo_it_support_tickets
1050,ZENODO_TRAIN_01500,[TICKET ID] - New Support Ticket received  - Ingreso a J desde notebook,[TICKET ID] - New Support Ticket received  - Ingreso a J desde notebook,Fileservice,unknown,unknown,,,,zenodo_it_support_tickets
2070,ZENODO_TRAIN_01501,File Share Access - [TICKET ID] - [NAME] ([COMPANY]A. [LOCATION]),File Share Access - [TICKET ID] - [NAME] ([COMPANY]A. [LOCATION]),Fileservice,unknown,unknown,,,,zenodo_it_support_tickets
8397,ZENODO_TRAIN_01502,Skype will not log inMy Skype will not log in today. I have tried restarting. [NAME] and [NAME] are having the same issue. Everyone else around us are not having this issue.,Skype will not log inMy Skype will not log in today. I have tried restarting. [NAME] and [NAME] are having the same issue. Everyone else around us are not having this issue.,O365,unknown,unknown,,,,zenodo_it_support_tickets
10981,ZENODO_TRAIN_01503,Access to N:/MA Stations,Access to N:/MA Stations,Fileservice,unknown,unknown,,,,zenodo_it_support_tickets
1249,ZENODO_TRAIN_01504,[TICKET ID] - New Support Ticket received  - configuracion de nuevo equipo,[TICKET ID] - New Support Ticket received  - configuracion de nuevo equipo,Support general,unknown,unknown,,,,zenodo_it_support_tickets
11403,ZENODO_TRAIN_01505,Synchronisierung Sharepoint funktioniert nicht,Synchronisierung Sharepoint funktioniert nicht,Software,unknown,unknown,,,,zenodo_it_support_tickets
1253,ZENODO_TRAIN_01506,[TICKET ID] - New Support Ticket received  - configuracion de nuevo equipo,[TICKET ID] - New Support Ticket received  - configuracion de nuevo equipo,Support general,unknown,unknown,,,,zenodo_it_support_tickets
1938,ZENODO_TRAIN_01507,Create Shared Mailbox - [EMAIL] -[LOCATION]Training,Create Shared Mailbox - [EMAIL] -[LOCATION]Training,Support general,unknown,unknown,,,,zenodo_it_support_tickets
4434,ZENODO_TRAIN_01508,instalação power bi PRO,instalação power bi PRO,O365,unknown,unknown,,,,zenodo_it_support_tickets
2281,ZENODO_TRAIN_01509,File Share Access - [TICKET ID] - [NAME] ([COMPANY]A. [LOCATION]),File Share Access - [TICKET ID] - [NAME] ([COMPANY]A. [LOCATION]),Fileservice,unknown,unknown,,,,zenodo_it_support_tickets
1678,ZENODO_TRAIN_01510,File Share Access - [TICKET ID] - [NAME] ([COMPANY]A. [LOCATION]),File Share Access - [TICKET ID] - [NAME] ([COMPANY]A. [LOCATION]),Fileservice,unknown,unknown,,,,zenodo_it_support_tickets
1366,ZENODO_TRAIN_01511,[TICKET ID] - New Support Ticket received  - Skype login,[TICKET ID] - New Support Ticket received  - Skype login,O365,unknown,unknown,,,,zenodo_it_support_tickets
10002,ZENODO_TRAIN_01512,File Share Access - [TICKET ID] - [NAME] ([COMPANY]. [LOCATION])Service Request: File Share Access     Grant access to file share for the following user:  [USERNAME]. [NAME] ([COMPANY]. [LOCATION]) (U,File Share Access - [TICKET ID] - [NAME] ([COMPANY]. [LOCATION])Service Request: File Share Access     Grant access to file share for the following user:  [USERNAME]. [NAME] ([COMPANY]. [LOCATION]) (Username: [USERNAME])  Access Type: (RW) Read / Write  File Share:    J:/Receivables report    for the following entities     [COMPANY] [ADDRESS]   [COMPANY] Momont   [COMPANY] Momont Recherche   Razes Hybrides   [COMPANY] Mais France   [COMPANY] France   [COMPANY] Benelux   [COMPANY] Potato   [COMPANY] Scandinavia   [COMPANY] Suisse   [COMPANY] Türk   [COMPANY] Semillas   [COMPANY] UK   [COMPANY] Italy        Requestor: [NAME] ([COMPANY]. [LOCATION])  Comment:,Fileservice,unknown,unknown,,,,zenodo_it_support_tickets
7962,ZENODO_TRAIN_01513,Access to igarage denied,Access to igarage denied,Active Directory,unknown,unknown,,,,zenodo_it_support_tickets
1611,ZENODO_TRAIN_01514,File Share Access - [TICKET ID] - [NAME] ([COMPANY]A. [LOCATION]),File Share Access - [TICKET ID] - [NAME] ([COMPANY]A. [LOCATION]),Fileservice,unknown,unknown,,,,zenodo_it_support_tickets
13717,ZENODO_TRAIN_01515,File Share Access - [TICKET ID] - Portes [NAME] ([COMPANY]. [LOCATION])Service Request: File Share Access     Grant access to file share for the following user:  Portes [NAME] ([COMPANY]. [LOCATION]) ,File Share Access - [TICKET ID] - Portes [NAME] ([COMPANY]. [LOCATION])Service Request: File Share Access     Grant access to file share for the following user:  Portes [NAME] ([COMPANY]. [LOCATION]) (Username: [USERNAME])  Access Type: (RW) Read / Write  File Share:      N:/[SERVER]/STA-PGRO        R/W including all subfolders.         Requestor: [NAME] ([COMPANY]. [LOCATION])  Comment:,Fileservice,unknown,unknown,,,,zenodo_it_support_tickets
1795,ZENODO_TRAIN_01516,File Share Access - [TICKET ID] - [NAME] (KWA. [LOCATION]),File Share Access - [TICKET ID] - [NAME] (KWA. [LOCATION]),Fileservice,unknown,unknown,,,,zenodo_it_support_tickets
253,ZENODO_TRAIN_01517,Initiated by [COMPANY][LOCATION]- Unsupported Firefox on [SERVER],Initiated by [COMPANY][LOCATION]- Unsupported Firefox on [SERVER],Software,unknown,unknown,,,,zenodo_it_support_tickets
2159,ZENODO_TRAIN_01518,File Share Access - [TICKET ID] - [NAME] ([COMPANY]A. [LOCATION]),File Share Access - [TICKET ID] - [NAME] ([COMPANY]A. [LOCATION]),Fileservice,unknown,unknown,,,,zenodo_it_support_tickets
934,ZENODO_TRAIN_01519,[TICKET ID] - New Support Ticket received  - missing folders,[TICKET ID] - New Support Ticket received  - missing folders,Fileservice,unknown,unknown,,,,zenodo_it_support_tickets
1849,ZENODO_TRAIN_01520,File Share Access - [TICKET ID] - [NAME] ([COMPANY]. [LOCATION]),File Share Access - [TICKET ID] - [NAME] ([COMPANY]. [LOCATION]),Fileservice,unknown,unknown,,,,zenodo_it_support_tickets
7165,ZENODO_TRAIN_01521,Acesso pastas e emails Crysmara,Acesso pastas e emails Crysmara,Fileservice,unknown,unknown,,,,zenodo_it_support_tickets
1492,ZENODO_TRAIN_01522,File Share Access - [TICKET ID] - Knoll. Natali ([COMPANY]. [LOCATION]),File Share Access - [TICKET ID] - Knoll. Natali ([COMPANY]. [LOCATION]),Fileservice,unknown,unknown,,,,zenodo_it_support_tickets
2032,ZENODO_TRAIN_01523,File Share Access - [TICKET ID] - [NAME] ([COMPANY]. [LOCATION]),File Share Access - [TICKET ID] - [NAME] ([COMPANY]. [LOCATION]),Fileservice,unknown,unknown,,,,zenodo_it_support_tickets
1712,ZENODO_TRAIN_01524,File Share Access - [TICKET ID] - [NAME] ([COMPANY]. [LOCATION]),File Share Access - [TICKET ID] - [NAME] ([COMPANY]. [LOCATION]),Fileservice,unknown,unknown,,,,zenodo_it_support_tickets
1387,ZENODO_TRAIN_01525,[TICKET ID] - New Support Ticket received  - reinstalacion computador,[TICKET ID] - New Support Ticket received  - reinstalacion computador,Support general,unknown,unknown,,,,zenodo_it_support_tickets
11462,ZENODO_TRAIN_01526,Liberar acessos pasta Tesouraria,Liberar acessos pasta Tesouraria,Fileservice,unknown,unknown,,,,zenodo_it_support_tickets
2129,ZENODO_TRAIN_01527,Delete Shared Mailbox - [EMAIL] - [EMAIL]AMA. [LOCATION]),Delete Shared Mailbox - [EMAIL] - [EMAIL]AMA. [LOCATION]),Support general,unknown,unknown,,,,zenodo_it_support_tickets
1486,ZENODO_TRAIN_01528,File Share Access - [TICKET ID] - [NAME] ([COMPANY]. [LOCATION]),File Share Access - [TICKET ID] - [NAME] ([COMPANY]. [LOCATION]),Fileservice,unknown,unknown,,,,zenodo_it_support_tickets
5671,ZENODO_TRAIN_01529,Light User for external - [TICKET ID] - [USERNAME]. WojciechService Request: Light User for external  Create Light user for [USERNAME]. Wojciech     Firstname: [NAME]  Lastname: [NAME]ailaddress: [EMA,Light User for external - [TICKET ID] - [USERNAME]. WojciechService Request: Light User for external  Create Light user for [USERNAME]. Wojciech     Firstname: [NAME]  Lastname: [NAME]ailaddress: [EMAIL]  Phone: [PHONE]  Cost Center: 47004  Function: Agentur Polen  Company: BizWebStudio  Department: [ADDRESS]-[ADDRESS]  ZIP: [ADDRESS]  City: [ADDRESS]  Country: [ADDRESS]  Location:[LOCATION] Office:   Expiration date: Jun 29 2019 11:00PM     Important: Please indicate in EA14 that it is an external user.     Requestor: [NAME]. [USERNAME] ([COMPANY]. [LOCATION])     Desired date: Dec 17 2018 12:00AM     Additional information:,Support general,unknown,unknown,,,,zenodo_it_support_tickets
1210,ZENODO_TRAIN_01530,[TICKET ID] - New Support Ticket received  - [NAME] OUTLOOK [NAME] | URGENTE,[TICKET ID] - New Support Ticket received  - [NAME] OUTLOOK [NAME] | URGENTE,O365,unknown,unknown,,,,zenodo_it_support_tickets
1946,ZENODO_TRAIN_01531,File Share Access - [TICKET ID] - [NAME] ([COMPANY]. [LOCATION]),File Share Access - [TICKET ID] - [NAME] ([COMPANY]. [LOCATION]),Fileservice,unknown,unknown,,,,zenodo_it_support_tickets
818,ZENODO_TRAIN_01532,[TICKET ID] - A Support Ticket was forwarded to you  - Security Tools Aktualisierung und Entfernung der Festplatten Verschlüsselung auf den Systemen [SERVER],[TICKET ID] - A Support Ticket was forwarded to you  - Security Tools Aktualisierung und Entfernung der Festplatten Verschlüsselung auf den Systemen [SERVER],Support general,unknown,unknown,,,,zenodo_it_support_tickets
2051,ZENODO_TRAIN_01533,File Share Access - [TICKET ID] - [NAME] ([COMPANY]!![COMPANY] Srbija. [LOCATION]),File Share Access - [TICKET ID] - [NAME] ([COMPANY]!![COMPANY] Srbija. [LOCATION]),Fileservice,unknown,unknown,,,,zenodo_it_support_tickets
1529,ZENODO_TRAIN_01534,File Share Access - [TICKET ID] - [NAME] ([COMPANY]A. [LOCATION]),File Share Access - [TICKET ID] - [NAME] ([COMPANY]A. [LOCATION]),Fileservice,unknown,unknown,,,,zenodo_it_support_tickets
757,ZENODO_TRAIN_01535,[TICKET ID] - New Support Ticket received  - Basis User - [USERNAME] - [NAME] ([COMPANY]. [LOCATION]),[TICKET ID] - New Support Ticket received  - Basis User - [USERNAME] - [NAME] ([COMPANY]. [LOCATION]),Support general,unknown,unknown,,,,zenodo_it_support_tickets
2571,ZENODO_TRAIN_01536,Instalacao Impressora Na Rede,Instalacao Impressora Na Rede,Computer-Services,unknown,unknown,,,,zenodo_it_support_tickets
2069,ZENODO_TRAIN_01537,File Share Access - [TICKET ID] - [NAME] ([COMPANY]A. [LOCATION]),File Share Access - [TICKET ID] - [NAME] ([COMPANY]A. [LOCATION]),Fileservice,unknown,unknown,,,,zenodo_it_support_tickets
1171,ZENODO_TRAIN_01538,[TICKET ID] - New Support Ticket received  - enviar e_mail,[TICKET ID] - New Support Ticket received  - enviar e_mail,O365,unknown,unknown,,,,zenodo_it_support_tickets
1396,ZENODO_TRAIN_01539,[TICKET ID] - New Support Ticket received  - Error en correo,[TICKET ID] - New Support Ticket received  - Error en correo,O365,unknown,unknown,,,,zenodo_it_support_tickets
1099,ZENODO_TRAIN_01540,[TICKET ID] - New information received on closed ticket  - Name on desk phone,[TICKET ID] - New information received on closed ticket  - Name on desk phone,Support general,unknown,unknown,,,,zenodo_it_support_tickets
1146,ZENODO_TRAIN_01541,[TICKET ID] - New Support Ticket received  -[LOCATION]program,[TICKET ID] - New Support Ticket received  -[LOCATION]program,Software,unknown,unknown,,,,zenodo_it_support_tickets
1838,ZENODO_TRAIN_01542,Create Shared Mailbox - [EMAIL] - AR-[COMPANY],Create Shared Mailbox - [EMAIL] - AR-[COMPANY],Support general,unknown,unknown,,,,zenodo_it_support_tickets
2285,ZENODO_TRAIN_01543,File Share Access - [TICKET ID] - [NAME] ([COMPANY]A. [LOCATION]),File Share Access - [TICKET ID] - [NAME] ([COMPANY]A. [LOCATION]),Fileservice,unknown,unknown,,,,zenodo_it_support_tickets
1056,ZENODO_TRAIN_01544,[TICKET ID] - A Support Ticket was forwarded to your role  - Não consigo abrir um site,[TICKET ID] - A Support Ticket was forwarded to your role  - Não consigo abrir um site,Support general,unknown,unknown,,,,zenodo_it_support_tickets
1474,ZENODO_TRAIN_01545,File Share Access - [TICKET ID] - [NAME] ([COMPANY]. [LOCATION]),File Share Access - [TICKET ID] - [NAME] ([COMPANY]. [LOCATION]),Fileservice,unknown,unknown,,,,zenodo_it_support_tickets
5288,ZENODO_TRAIN_01546,File Share Access - [TICKET ID] - [NAME] ([COMPANY]. [LOCATION])Service Request: File Share Access     Grant access to file share for the following user:  [USERNAME]. Patrice ([COMPANY]. [LOCATION]) (,File Share Access - [TICKET ID] - [NAME] ([COMPANY]. [LOCATION])Service Request: File Share Access     Grant access to file share for the following user:  [USERNAME]. Patrice ([COMPANY]. [LOCATION]) (Username: [USERNAME])  Access Type: (RW) Read / Write  File Share:      J:/CE-STA/      please create the folder if it does not yet exist and give R/W access for this and all subfolders.        Requestor: [NAME] ([COMPANY]. [LOCATION])  Comment:,Fileservice,unknown,unknown,,,,zenodo_it_support_tickets
10887,ZENODO_TRAIN_01547,Alterações em lista e-mail,Alterações em lista e-mail,Support general,unknown,unknown,,,,zenodo_it_support_tickets
7582,ZENODO_TRAIN_01548,create[LOCATION]entry [SERVER]m.[COMPANY]up.ads.dir A [IP_ADDRESS]create[LOCATION]entry [SERVER]m.[COMPANY]up.ads.dir A [IP_ADDRESS],create[LOCATION]entry [SERVER]m.[COMPANY]up.ads.dir A [IP_ADDRESS]create[LOCATION]entry [SERVER]m.[COMPANY]up.ads.dir A [IP_ADDRESS],Support general,unknown,unknown,,,,zenodo_it_support_tickets
681,ZENODO_TRAIN_01549,[TICKET ID] - New Support Ticket received  - Basis User - [USERNAME] -,[TICKET ID] - New Support Ticket received  - Basis User - [USERNAME] -,Support general,unknown,unknown,,,,zenodo_it_support_tickets
2037,ZENODO_TRAIN_01550,File Share Access - [TICKET ID] - [NAME] ([COMPANY]A. [LOCATION]),File Share Access - [TICKET ID] - [NAME] ([COMPANY]A. [LOCATION]),Fileservice,unknown,unknown,,,,zenodo_it_support_tickets
10523,ZENODO_TRAIN_01551,Initiated by [COMPANY][LOCATION]- Missing Windows Updates on [LOCATION]-MON01,Initiated by [COMPANY][LOCATION]- Missing Windows Updates on [LOCATION]-MON01,Software,unknown,unknown,,,,zenodo_it_support_tickets
2808,ZENODO_TRAIN_01552,Basis User - [TICKET ID] - Rodrigues [NAME].[NAME]([COMPANY]. [LOCATION])Service Request: Basis User     Create Windows account for internal user  Rodrigues [NAME].[NAME]([COMPANY]. [LOCATION])     Fi,Basis User - [TICKET ID] - Rodrigues [NAME].[NAME]([COMPANY]. [LOCATION])Service Request: Basis User     Create Windows account for internal user  Rodrigues [NAME].[NAME]([COMPANY]. [LOCATION])     Firstname:  [NAME]  Lastname:  [NAME]  Cost Center:  44288  Company:  [COMPANY] S.A.  Department:  [COMPANY]_MA-LOG  Street:  [ADDRESS].  ZIP: [LOCATION][ADDRESS]  City:  [ADDRESS]  Country:  [ADDRESS]  Office:       Important: Please set the EA10 to the following value: 11589 (leave blank. when empty)  Please create Exchange and Skype account.  The user needs at least the following access permissions:  Access to [SOFTWARE] ([SERVER])  Requestor:  [NAME] ([COMPANY]. [LOCATION])     Desired date:  Jan 23 2019  3:00AM     Additional information:,Support general,unknown,unknown,,,,zenodo_it_support_tickets
1588,ZENODO_TRAIN_01553,File Share Access - [TICKET ID] - [NAME] ([COMPANY]A. [LOCATION]),File Share Access - [TICKET ID] - [NAME] ([COMPANY]A. [LOCATION]),Fileservice,unknown,unknown,,,,zenodo_it_support_tickets
7895,ZENODO_TRAIN_01554,The following system must be set to End Of Life in Nexthink and checked for[LOCATION]reservations:  [SERVER]  -Automated ticket creation-Please remove the system from Nexthink according to the[LOCATIO,The following system must be set to End Of Life in Nexthink and checked for[LOCATION]reservations:  [SERVER]  -Automated ticket creation-Please remove the system from Nexthink according to the[LOCATION]process and please verify if any[LOCATION]reservations exist. If yes. please remove reservations and note down the corresponding IP(s) and inform [COMPANY] network team to remove firewall rules if there are any.,EOL,unknown,unknown,,,,zenodo_it_support_tickets
2165,ZENODO_TRAIN_01555,Remove unauthorized e-mail forwarding to external,Remove unauthorized e-mail forwarding to external,Support general,unknown,unknown,,,,zenodo_it_support_tickets
2079,ZENODO_TRAIN_01556,File Share Access - [TICKET ID] - [NAME] ([COMPANY]A. [LOCATION]),File Share Access - [TICKET ID] - [NAME] ([COMPANY]A. [LOCATION]),Fileservice,unknown,unknown,,,,zenodo_it_support_tickets
10403,ZENODO_TRAIN_01557,Light User for external - [TICKET ID] - [NAME]. [NAME]Service Request: Light User for external  Create Light user for [NAME]. [NAME]     Firstname: [NAME]  Lastname: [NAME]ailaddress: [EMAIL]  Phone: ,Light User for external - [TICKET ID] - [NAME]. [NAME]Service Request: Light User for external  Create Light user for [NAME]. [NAME]     Firstname: [NAME]  Lastname: [NAME]ailaddress: [EMAIL]  Phone: [PHONE]  Cost Center: 47037  Function: [COMPANY][LOCATION]consultant for FI/CO  Company: [COMPANY] do [ADDRESS] Ltda.  Department: GIT-[ADDRESS]  ZIP: [ADDRESS]  City: [ADDRESS]  Country: [ADDRESS]  Location:[LOCATION] Office:   Expiration date: Not defined     Important: Please indicate in EA14 that it is an external user.     Requestor: [NAME] ([COMPANY]. [LOCATION])     Desired date: Dec 16 2018 12:00AM     Additional information:  New[LOCATION]Consultant [NAME] [NAME]. She will work together with [NAME] da Costa in [ADDRESS].,Support general,unknown,unknown,,,,zenodo_it_support_tickets
1632,ZENODO_TRAIN_01558,Create Shared Mailbox - [EMAIL] - [EMAIL],Create Shared Mailbox - [EMAIL] - [EMAIL],Support general,unknown,unknown,,,,zenodo_it_support_tickets
2000,ZENODO_TRAIN_01559,Shared Mailbox Access - [TICKET ID] - [EMAIL],Shared Mailbox Access - [TICKET ID] - [EMAIL],Support general,unknown,unknown,,,,zenodo_it_support_tickets
976,ZENODO_TRAIN_01560,[TICKET ID] - New Support Ticket received  - acesso,[TICKET ID] - New Support Ticket received  - acesso,Active Directory,unknown,unknown,,,,zenodo_it_support_tickets
2221,ZENODO_TRAIN_01561,Shared Mailbox Access - [PASSWORD] - [EMAIL],Shared Mailbox Access - [PASSWORD] - [EMAIL],Support general,unknown,unknown,,,,zenodo_it_support_tickets
1543,ZENODO_TRAIN_01562,File Share Access - [TICKET ID] - [NAME] ([COMPANY]. [LOCATION]),File Share Access - [TICKET ID] - [NAME] ([COMPANY]. [LOCATION]),Fileservice,unknown,unknown,,,,zenodo_it_support_tickets
7176,ZENODO_TRAIN_01563,File Share Access - [TICKET ID] - [NAME] ([COMPANY]. [LOCATION])Service Request: File Share Access     Grant access to file share for the following user:  [NAME] ([COMPANY]. [LOCATION]) (Username: [US,File Share Access - [TICKET ID] - [NAME] ([COMPANY]. [LOCATION])Service Request: File Share Access     Grant access to file share for the following user:  [NAME] ([COMPANY]. [LOCATION]) (Username: [USERNAME])  Access Type: (RW) Read / Write  File Share:      J:/CE-STA/      please create the folder if it does not yet exist and give R/W access for this and all subfolders.        Requestor: [NAME] ([COMPANY]. [LOCATION])  Comment:,Fileservice,unknown,unknown,,,,zenodo_it_support_tickets
1759,ZENODO_TRAIN_01564,Shared Mailbox Access - [ADDRESS] - [EMAIL],Shared Mailbox Access - [ADDRESS] - [EMAIL],Support general,unknown,unknown,,,,zenodo_it_support_tickets
8981,ZENODO_TRAIN_01565,Light User for external - [TICKET ID] - [NAME]Service Request: Light User for external  Create Light user for [USERNAME]     Firstname: [NAME]  Lastname: [NAME]ailaddress: [EMAIL]  Phone: [PHONE]  Cos,Light User for external - [TICKET ID] - [NAME]Service Request: Light User for external  Create Light user for [USERNAME]     Firstname: [NAME]  Lastname: [NAME]ailaddress: [EMAIL]  Phone: [PHONE]  Cost Center: 32151  Function: Projektingenieur  Company: [COMPANY] Einsteinstr. 8. [ADDRESS]  Department: SB-[ADDRESS]  ZIP: [ADDRESS]  City: [ADDRESS]  Country: Germany  Location:[LOCATION] Office:   Expiration date: Not defined     Important: Please indicate in EA14 that it is an external user.     Requestor: [NAME] ([COMPANY]. [LOCATION])     Desired date: Jan  7 2019 12:00AM     Additional information:,Support general,unknown,unknown,,,,zenodo_it_support_tickets
9986,ZENODO_TRAIN_01566,Site[LOCATION]não abre a vários dias - utilizando a ferramenta com o roteador do celularA vários dias a ferramenta da[LOCATION]não carrega em nenhum provedor - nem Chrome nem o Explorer.    Suporte da,Site[LOCATION]não abre a vários dias - utilizando a ferramenta com o roteador do celularA vários dias a ferramenta da[LOCATION]não carrega em nenhum provedor - nem Chrome nem o Explorer.    Suporte da feramenta acionado e foi identificada lentidão ou demora de resposta no acesso da internet da [COMPANY].    Já estamos a mais de uma semana com o problema.    Para usar a ferramenta tenho que utilizar o celular corporativo como roteador. porém fico sem acesso do email e outras informações de rede quando faço isso.    Solicitamos reparo no serviço de internet do escritório.,Support general,unknown,unknown,,,,zenodo_it_support_tickets
1878,ZENODO_TRAIN_01567,File Share Access - [TICKET ID] - [NAME] ([COMPANY]A. [LOCATION]),File Share Access - [TICKET ID] - [NAME] ([COMPANY]A. [LOCATION]),Fileservice,unknown,unknown,,,,zenodo_it_support_tickets
7983,ZENODO_TRAIN_01568,File Share Access - [TICKET ID] - [USERNAME]. [NAME] ([COMPANY]. [LOCATION])Service Request: File Share Access     Grant access to file share for the following user:  [USERNAME]. [NAME] ([COMPANY]. [L,File Share Access - [TICKET ID] - [USERNAME]. [NAME] ([COMPANY]. [LOCATION])Service Request: File Share Access     Grant access to file share for the following user:  [USERNAME]. [NAME] ([COMPANY]. [LOCATION]) (Username: [USERNAME])  Access Type: (RW) Read / Write  File Share:    Groups (J:/)     J:/CH-MAP   J:/CH-MAZ   J:/CH-ZRST   J:/CH-ÖFZ   J:/CH-ChZugang           Requestor: [NAME] ([COMPANY]. [LOCATION])  Comment:  Standort:[LOCATION]Container[LOCATION]1OG Raum11,Fileservice,unknown,unknown,,,,zenodo_it_support_tickets
2315,ZENODO_TRAIN_01569,Shared Mailbox Access - [ADDRESS] - [EMAIL],Shared Mailbox Access - [ADDRESS] - [EMAIL],Support general,unknown,unknown,,,,zenodo_it_support_tickets
3662,ZENODO_TRAIN_01570,Initiated by [COMPANY][LOCATION]- Vulnerable Internet Explorer on [SERVER],Initiated by [COMPANY][LOCATION]- Vulnerable Internet Explorer on [SERVER],Software,unknown,unknown,,,,zenodo_it_support_tickets
1885,ZENODO_TRAIN_01571,File Share Access - [TICKET ID] - [NAME] ([COMPANY]. [LOCATION]),File Share Access - [TICKET ID] - [NAME] ([COMPANY]. [LOCATION]),Fileservice,unknown,unknown,,,,zenodo_it_support_tickets
2310,ZENODO_TRAIN_01572,Shared Mailbox Access - [TICKET ID] - [EMAIL],Shared Mailbox Access - [TICKET ID] - [EMAIL],Support general,unknown,unknown,,,,zenodo_it_support_tickets
